gender,SeniorCitizen,Partner,Dependents,tenure,PhoneService,PaperlessBilling,MonthlyCharges,TotalCharges,MultipleLines_No phone service,MultipleLines_Yes,InternetService_Fiber optic,InternetService_No,OnlineSecurity_No internet service,OnlineSecurity_Yes,OnlineBackup_No internet service,OnlineBackup_Yes,DeviceProtection_No internet service,DeviceProtection_Yes,TechSupport_No internet service,TechSupport_Yes,StreamingTV_No internet service,StreamingTV_Yes,StreamingMovies_No internet service,StreamingMovies_Yes,Contract_One year,Contract_Two year,PaymentMethod_Credit card (automatic),PaymentMethod_Electronic check,PaymentMethod_Mailed check
0,0,1,1,57,1,0,22.66,1295.59,0,1,1,0,0,0,0,1,0,0,0,0,0,1,0,0,0,1,0,0,1
0,0,0,0,49,1,1,35.8,1749.54,0,0,1,0,0,1,0,1,0,1,0,1,1,0,0,1,0,0,1,0,0
0,0,0,1,20,1,0,118.52,2392.32,0,0,0,0,0,1,0,0,0,0,0,0,0,1,0,0,1,0,0,1,0
1,0,1,0,32,1,1,34.0,1082.4,0,0,0,1,1,0,1,0,1,0,1,0,1,0,1,0,0,0,0,1,0
0,1,0,0,10,1,1,25.18,261.79,0,0,1,0,0,0,0,0,0,1,0,0,0,0,0,0,0,0,0,0,0
1,0,1,0,37,1,1,106.01,3914.63,0,0,0,0,0,0,0,0,0,1,0,1,0,0,0,0,0,0,1,0,0
1,0,0,0,46,1,1,46.06,2136.43,1,0,1,0,0,0,1,0,0,0,0,1,0,1,0,1,0,0,0,0,1
0,0,1,1,13,1,1,35.39,462.99,0,1,0,0,0,0,0,1,0,0,1,0,0,0,0,0,0,0,1,0,0
1,0,1,0,1,1,0,119.2,97.57,1,0,1,0,0,0,0,0,0,0,0,0,0,0,0,0,0,0,0,1,0
1,0,1,0,21,1,0,34.89,747.92,0,0,1,0,0,0,1,0,0,0,0,0,0,0,0,0,0,1,1,0,0
0,0,0,1,56,1,1,101.56,5704.26,0,1,0,0,0,1,0,0,0,1,0,0,0,0,0,1,0,0,0,1,0
1,0,1,0,17,1,0,36.1,602.23,0,1,0,0,1,0,0,1,0,1,0,1,0,1,0,1,0,1,0,0,1
0,0,0,1,65,1,1,23.62,1529.57,0,0,0,1,1,0,1,0,1,0,1,0,1,0,1,0,1,0,1,0,0
1,1,1,0,63,1,0,108.84,6847.36,0,0,0,0,0,1,0,1,0,1,0,0,0,0,0,0,0,0,1,0,0
1,1,1,0,20,1,1,55.84,1114.26,0,0,1,0,0,1,0,0,0,0,0,0,0,0,0,0,0,1,0,0,0
0,0,1,1,72,1,1,59.84,4315.45,0,1,0,1,1,0,1,0,1,0,1,0,1,0,1,0,0,0,0,0,1
0,0,0,0,7,1,0,33.84,233.61,0,1,0,0,0,1,0,1,0,0,0,0,0,0,0,1,1,0,0,0,1
1,0,1,0,11,1,1,116.6,1298.71,0,1,0,0,0,1,0,0,1,0,0,0,0,0,0,0,0,0,1,0,0
1,0,1,0,32,1,1,83.26,2660.41,0,0,0,0,0,1,0,1,0,1,0,1,0,0,0,0,0,1,0,0,1
0,0,0,0,54,1,0,76.88,4166.89,0,0,0,0,0,0,0,1,0,1,0,0,0,1,0,1,1,0,0,1,0
0,0,1,0,23,1,0,56.95,1292.53,1,0,1,0,0,0,0,0,0,1,0,1,0,0,0,0,0,0,0,0,0
0,0,1,0,57,1,0,68.54,3887.91,0,0,0,1,1,0,1,0,1,0,1,0,1,0,1,0,0,0,1,0,0
0,0,0,0,10,1,0,75.45,763.97,0,1,1,0,0,0,0,0,0,1,0,1,1,0,0,0,0,1,0,1,0
1,0,1,1,45,1,1,43.44,1960.68,0,1,1,0,0,0,0,0,0,1,1,0,1,0,1,0,0,0,0,0,0
0,0,0,1,60,1,1,64.61,3890.69,0,0,0,1,1,0,1,0,1,0,1,0,1,0,1,0,0,0,0,0,0
0,0,0,0,27,1,1,42.91,1147.12,0,1,1,0,0,0,0,1,0,0,0,0,0,0,1,0,0,0,1,0,0
0,0,1,0,64,1,1,37.28,2376.12,0,0,1,0,0,0,0,1,0,0,0,0,0,0,0,1,1,0,0,1,0
0,0,0,0,38,1,0,41.46,1554.98,0,1,0,0,1,0,0,0,0,0,0,0,0,1,0,0,0,0,0,0,0
0,0,0,0,9,1,1,37.04,346.62,0,0,0,0,0,0,0,1,0,0,0,0,0,0,0,0,0,0,1,0,0
1,0,0,0,42,1,1,110.08,4627.97,1,0,0,0,0,0,0,0,0,0,0,0,1,0,0,0,1,0,0,0,0
1,0,1,0,7,1,1,112.05,777.87,0,1,0,0,0,0,0,0,0,1,0,0,0,0,1,0,0,1,1,0,0
1,1,1,0,72,1,1,41.35,2979.03,1,0,0,0,0,0,0,0,0,1,1,0,0,0,1,0,0,0,0,0,0
0,0,0,1,28,1,0,72.43,2037.48,0,0,1,0,0,1,0,0,0,0,0,0,0,0,0,1,0,0,0,0,0
0,0,1,1,45,1,1,99.33,4473.21,0,0,0,1,1,0,1,0,1,0,1,0,1,0,1,0,0,0,0,1,0
1,0,0,0,35,1,1,115.98,4051.54,1,0,1,0,0,0,0,0,0,1,0,1,0,0,0,0,1,0,1,0,0
0,0,1,0,27,1,1,116.97,3146.62,1,0,0,0,0,0,0,0,0,0,0,0,0,0,0,0,0,0,1,0,0
0,0,1,0,57,1,1,31.16,1770.49,0,0,1,0,0,0,0,0,0,0,0,0,0,0,0,1,0,0,1,0,0
1,0,0,0,0,1,0,115.4,10.87,0,0,0,0,0,1,0,0,0,1,0,0,0,0,0,1,1,0,1,0,0
0,0,1,0,12,1,1,20.08,217.63,0,0,1,0,0,1,1,0,0,1,0,0,0,0,0,0,0,0,1,0,0
0,0,0,0,37,1,1,76.42,2826.6,0,0,0,0,0,0,0,1,0,1,1,0,0,0,0,0,0,0,0,0,0
0,0,1,1,71,1,0,80.69,5734.96,0,1,0,1,1,0,1,0,1,0,1,0,1,0,1,0,1,0,1,0,0
0,0,1,0,60,1,1,103.97,6247.25,0,1,1,0,0,1,0,0,0,0,0,1,0,1,0,0,0,1,1,0,0
0,0,0,0,23,1,1,47.62,1078.84,0,0,0,1,1,0,1,0,1,0,1,0,1,0,1,0,0,0,0,0,0
0,0,0,0,8,1,0,45.3,361.79,0,0,1,0,0,0,1,0,0,0,0,1,1,0,0,0,0,1,0,0,1
1,0,1,0,30,1,0,29.66,875.93,0,0,0,1,1,0,1,0,1,0,1,0,1,0,1,0,0,0,1,0,0
0,0,1,0,63,1,0,119.83,7552.54,0,0,1,0,0,0,0,0,0,1,1,0,0,1,0,0,0,0,1,0,0
0,0,0,1,36,1,1,43.68,1566.59,0,0,0,0,0,1,0,0,0,1,0,0,0,0,0,0,0,1,0,0,1
1,0,1,0,64,1,0,54.88,3501.31,0,1,0,0,0,0,0,0,0,0,0,0,0,1,0,0,0,0,1,0,0
1,1,0,0,63,1,0,68.44,4322.81,0,1,0,0,0,0,1,0,0,0,0,0,0,0,0,0,0,0,1,0,0
0,1,0,0,69,0,0,60.75,4196.21,1,0,0,0,0,0,0,1,0,1,0,0,1,0,1,0,0,0,0,1,0
0,0,0,0,35,1,0,75.72,2657.0,0,0,1,0,0,0,0,0,0,1,1,0,0,1,0,0,0,0,0,0,1
1,0,1,0,3,1,1,112.09,334.14,0,1,1,0,0,1,0,0,0,1,0,1,1,0,0,0,0,0,0,0,0
1,0,1,1,69,1,0,35.07,2412.15,1,0,1,0,0,0,0,1,0,0,0,0,0,0,0,0,0,0,0,0,0
1,0,1,0,5,1,1,118.81,586.99,1,0,1,0,1,0,0,0,1,0,0,0,0,0,0,0,0,0,0,0,0
0,0,1,1,6,1,1,112.96,684.28,0,0,0,0,0,1,0,1,0,0,0,1,0,1,0,0,0,0,1,0,0
1,0,1,0,29,1,0,42.61,1232.16,0,0,0,1,1,0,1,0,1,0,1,0,1,0,1,0,0,1,0,0,1
0,0,1,1,15,1,0,80.78,1217.09,0,1,1,0,0,1,0,0,0,0,0,1,0,0,0,1,1,0,0,0,1
1,0,0,0,18,0,1,105.98,1901.06,1,0,0,0,0,0,0,0,0,0,0,0,0,0,0,0,0,0,1,0,0
1,1,0,1,21,1,0,107.78,2266.47,0,1,0,1,1,0,1,0,1,0,1,0,1,0,1,0,0,0,0,1,0
1,0,0,0,6,1,1,34.78,217.15,0,0,0,0,0,0,0,0,0,0,0,1,0,1,0,0,0,1,1,0,0
0,0,0,1,32,1,0,104.55,3359.56,0,1,1,0,0,1,0,0,0,1,0,0,0,0,0,0,0,1,0,0,0
0,0,0,1,11,1,0,93.56,1026.34,0,0,1,0,0,1,0,0,0,0,0,0,0,1,0,0,0,0,0,1,0
1,0,1,0,21,1,1,65.41,1365.76,0,0,0,0,0,0,0,0,0,0,0,0,0,0,0,0,0,1,0,0,0
1,0,1,0,6,1,0,58.96,379.52,0,1,0,0,0,1,1,0,0,0,0,0,0,1,0,1,0,1,0,0,0
1,0,1,0,34,1,0,114.02,3859.6,0,0,0,0,0,0,0,1,0,0,0,1,0,0,0,0,1,0,0,1,0
0,0,0,0,26,1,1,91.26,2373.49,0,0,0,0,0,0,0,0,1,0,0,0,0,1,0,1,1,0,0,1,0
0,0,0,1,32,1,1,29.75,952.53,0,0,1,0,0,1,0,1,1,0,1,0,0,0,0,0,0,0,0,1,0
1,0,1,0,47,1,1,60.96,2863.17,0,0,1,0,0,0,0,0,0,0,0,0,1,0,0,0,0,0,0,1,0
0,0,1,0,65,1,0,103.5,6746.62,0,0,1,0,0,1,0,1,0,0,0,1,0,0,0,0,1,0,0,1,0
1,0,0,0,42,1,1,23.88,996.65,1,0,0,0,0,1,0,0,0,0,0,0,0,1,0,0,0,1,0,1,0
0,0,0,0,34,1,1,119.24,4047.35,0,1,1,0,1,0,0,1,0,0,0,0,0,0,0,1,0,1,0,1,0
1,0,0,0,64,1,1,46.46,2970.35,0,0,0,1,1,0,1,0,1,0,1,0,1,0,1,0,0,1,0,0,0
1,0,0,0,50,1,0,99.8,4972.53,0,0,0,0,0,1,0,0,0,0,0,0,0,1,1,0,1,0,0,0,1
0,0,0,1,26,1,1,20.66,537.12,0,1,1,0,0,0,0,0,0,1,0,0,0,1,0,0,0,1,0,0,1
0,0,1,0,4,1,1,53.12,219.29,0,0,0,0,0,0,0,0,0,0,0,1,0,1,0,0,0,0,0,0,1
0,0,0,0,36,0,1,104.27,3744.01,1,0,1,0,1,0,0,0,0,0,1,0,0,0,0,0,0,0,1,0,0
0,0,1,1,36,1,1,118.05,4262.55,0,0,0,1,1,0,1,0,1,0,1,0,1,0,1,0,0,1,0,0,0
0,0,1,0,36,1,1,70.76,2536.53,0,1,0,1,1,0,1,0,1,0,1,0,1,0,1,0,0,0,1,0,0
0,0,0,1,72,1,0,25.51,1820.43,0,1,0,0,0,0,1,0,0,0,0,0,0,0,0,0,0,1,1,0,0
1,0,1,0,19,1,1,80.74,1545.07,0,0,1,0,0,0,0,1,0,0,0,0,0,1,0,0,0,1,1,0,0
0,0,1,0,26,1,1,103.05,2671.48,0,1,1,0,0,0,0,0,0,1,0,0,0,1,1,0,0,0,0,1,0
0,1,0,0,67,1,1,87.29,5856.21,0,0,0,0,0,0,0,0,1,0,0,0,0,1,1,0,0,1,1,0,0
1,0,1,0,27,1,1,105.4,2835.93,0,1,0,0,0,0,0,0,0,1,0,0,1,0,0,0,0,1,0,1,0
0,0,1,1,33,1,1,70.81,2334.56,0,1,0,1,1,0,1,0,1,0,1,0,1,0,1,0,0,1,0,0,1
0,0,0,0,12,1,1,49.81,603.99,0,0,0,0,0,0,0,0,0,1,0,0,0,0,0,0,0,1,0,0,1
1,0,0,1,51,1,0,91.97,4684.86,0,0,1,0,0,0,1,0,0,0,0,0,0,1,0,1,0,1,0,0,1
1,0,1,1,28,1,1,72.44,2030.14,0,0,0,0,0,0,0,0,0,1,0,0,0,1,0,0,0,0,1,0,0
0,0,0,0,13,1,0,21.07,260.99,0,1,0,0,0,0,1,0,0,0,0,0,0,0,0,0,1,0,0,1,0
1,0,0,1,65,1,1,36.25,2366.48,0,0,1,0,0,0,0,1,0,0,0,0,0,0,0,1,0,0,1,0,0
0,0,0,0,40,1,1,49.55,1976.0,0,1,0,0,0,1,0,0,0,1,0,1,0,1,0,1,0,0,0,0,1
1,1,0,0,72,1,0,69.57,5011.13,0,0,1,0,0,0,0,0,0,1,0,0,1,0,0,1,0,0,0,0,0
1,0,1,0,64,1,1,81.2,5210.92,0,0,0,1,1,0,1,0,1,0,1,0,1,0,1,0,0,0,0,1,0
0,0,0,0,15,1,1,94.1,1405.97,0,1,0,1,1,0,1,0,1,0,1,0,1,0,1,0,1,0,1,0,0
1,0,0,0,51,1,1,25.69,1300.95,0,0,0,1,1,0,1,0,1,0,1,0,1,0,1,0,0,1,1,0,0
0,0,0,0,55,1,1,74.77,4103.58,0,1,0,1,1,0,1,0,1,0,1,0,1,0,1,0,0,0,0,1,0
0,0,1,0,24,0,1,56.97,1361.39,1,0,0,1,1,0,1,0,1,0,1,0,1,0,1,0,0,0,0,0,1
1,0,1,1,29,1,0,102.88,2976.42,0,0,1,0,0,0,0,0,0,1,0,0,0,0,0,1,0,0,0,1,0
0,0,1,0,68,1,1,42.76,2903.53,0,1,1,0,0,1,1,0,0,0,0,0,0,0,0,0,0,1,0,0,0
0,0,0,0,59,1,1,106.89,6282.46,0,0,1,0,1,0,0,0,1,0,0,0,0,1,0,0,0,0,0,0,1
1,0,1,1,15,1,1,41.54,619.37,0,0,0,0,0,0,0,0,0,1,0,1,1,0,0,0,1,0,0,0,0
1,0,1,0,66,1,1,58.82,3881.6,0,0,0,0,0,0,0,0,0,0,0,0,0,1,0,0,0,0,0,1,0
1,0,0,0,51,1,1,90.29,4593.51,0,0,0,0,0,0,0,0,0,1,0,1,0,0,0,1,1,0,0,0,1
0,0,0,1,43,0,1,93.12,4018.19,1,0,1,0,1,0,0,0,0,0,0,1,0,1,0,0,0,1,0,0,1
0,1,1,1,62,1,0,89.75,5560.9,0,0,0,0,0,0,0,0,0,1,0,0,0,1,0,0,1,0,0,0,1
0,0,0,0,14,0,0,26.91,381.35,1,0,1,0,0,0,0,0,0,1,0,0,0,0,0,1,0,0,1,0,0
1,0,1,0,63,1,0,111.69,7035.72,0,0,1,0,0,0,1,0,0,0,0,0,0,0,0,0,1,0,0,1,0
0,0,0,0,66,1,1,35.23,2305.83,0,1,0,0,0,0,1,0,0,1,0,0,1,0,0,0,0,0,0,1,0
1,0,1,0,13,1,1,38.83,513.51,0,1,1,0,1,0,0,1,1,0,0,0,0,0,0,0,0,0,1,0,0
0,0,0,1,17,0,1,32.95,578.58,1,0,1,0,0,0,0,1,0,0,0,0,1,0,0,0,0,1,0,0,0
0,1,0,0,49,1,1,108.2,5283.38,1,0,1,0,0,0,1,0,1,0,0,1,0,0,0,1,0,0,0,0,0
0,0,0,1,59,0,1,40.18,2348.53,1,0,0,0,0,1,0,1,0,0,0,0,0,1,0,0,1,0,0,1,0
1,0,0,0,27,1,1,46.46,1254.2,0,0,0,0,0,0,0,0,0,0,0,0,0,0,0,1,0,0,0,0,0
0,0,0,1,33,1,1,49.07,1613.73,0,1,0,1,1,0,1,0,1,0,1,0,1,0,1,0,0,0,1,0,0
0,1,0,0,24,1,1,24.71,588.12,1,0,0,0,0,1,0,0,0,0,0,0,0,1,0,0,0,0,0,0,0
1,0,1,1,26,1,0,35.63,919.98,1,0,0,0,0,0,0,1,0,1,0,0,0,1,0,1,0,1,0,1,0
0,1,1,0,44,1,0,40.86,1788.65,0,1,0,0,0,1,0,0,0,0,0,1,0,1,0,1,1,0,0,1,0
1,0,1,0,25,1,1,113.89,2853.38,0,0,0,0,0,0,0,0,0,0,0,1,0,1,1,0,0,0,0,0,0
0,0,0,1,40,1,1,59.31,2378.73,0,0,1,0,0,0,0,1,0,1,0,1,0,0,0,1,0,0,0,1,0
1,0,0,0,30,1,1,65.47,1975.96,0,0,0,0,0,0,0,1,0,0,0,0,0,0,1,0,1,0,0,1,0
0,1,0,1,12,1,1,59.88,731.32,0,0,1,0,0,1,0,0,0,0,0,0,0,0,0,0,0,1,0,0,1
0,0,1,1,59,1,0,75.14,4425.27,0,1,0,0,1,0,0,0,0,0,0,0,0,0,1,0,0,0,0,1,0
1,0,0,0,26,1,1,72.37,1875.21,0,1,0,0,0,1,0,0,0,0,0,0,0,0,1,0,0,1,0,0,0
1,0,0,1,8,1,1,79.82,637.03,0,1,0,0,0,1,0,0,1,0,0,1,0,1,0,1,0,0,0,0,0
0,0,0,0,33,1,0,97.32,3201.62,0,0,0,0,0,0,0,1,0,0,0,0,0,0,0,0,1,0,0,0,0
0,0,0,1,63,1,1,115.75,7287.09,0,1,1,0,1,0,1,0,0,0,0,1,0,1,0,1,0,1,0,1,0
0,1,0,0,60,1,1,77.87,4669.23,0,1,1,0,0,0,0,1,0,0,0,0,0,0,0,1,1,0,0,0,0
1,0,0,0,41,1,0,56.28,2303.43,0,0,0,0,0,1,0,0,0,0,0,1,0,1,0,0,0,0,0,0,1
1,0,1,0,40,1,0,88.13,3520.1,1,0,0,0,0,0,0,0,0,1,0,0,0,1,0,1,0,0,1,0,0
0,0,0,0,71,1,1,20.45,1448.56,0,1,1,0,0,0,0,0,0,0,0,0,0,0,0,0,0,1,0,1,0
1,0,0,0,0,1,1,119.7,0.0,0,1,0,0,0,1,0,0,0,1,0,0,1,0,0,0,0,0,0,0,1
1,0,0,1,22,1,0,118.44,2621.9,0,0,1,0,0,0,0,1,0,1,0,0,0,1,0,0,0,0,0,0,1
1,0,0,0,48,1,0,93.11,4467.41,0,1,0,1,1,0,1,0,1,0,1,0,1,0,1,0,0,0,0,0,0
1,0,1,0,11,1,1,76.92,844.42,0,0,0,1,1,0,1,0,1,0,1,0,1,0,1,0,0,0,0,0,0
0,0,0,0,9,1,0,59.68,528.04,0,1,0,0,0,1,0,0,0,0,0,1,0,0,0,0,0,0,0,0,0
0,0,0,1,16,1,0,67.32,1077.12,0,1,0,0,0,0,1,0,0,1,0,1,0,0,0,0,0,1,0,1,0
0,0,1,0,54,1,0,46.64,2519.95,0,1,0,0,0,1,0,1,0,1,0,0,0,0,0,0,1,0,0,0,0
1,0,0,1,15,1,1,98.22,1483.58,0,1,0,1,1,0,1,0,1,0,1,0,1,0,1,0,0,0,0,0,1
0,0,0,0,55,1,0,90.8,5012.62,0,1,1,0,0,0,0,1,0,0,0,0,0,0,0,1,0,0,0,0,0
0,0,1,1,68,1,1,80.36,5479.27,0,0,0,0,0,1,0,1,1,0,0,0,1,0,1,0,0,0,0,1,0
0,0,0,1,17,0,0,32.51,541.06,1,0,1,0,0,0,0,0,0,0,0,0,0,1,1,0,0,0,0,0,0
1,0,0,1,22,0,0,45.44,998.02,1,0,1,0,1,0,0,1,0,1,0,0,0,0,0,1,0,0,0,0,1
1,0,1,0,50,1,0,111.87,5589.05,0,0,1,0,1,0,0,1,0,0,0,0,0,1,0,1,0,1,0,0,1
1,0,0,0,47,1,0,117.6,5538.73,0,0,0,0,0,1,0,0,0,0,0,0,0,1,0,1,1,0,0,1,0
0,0,1,1,35,1,0,43.43,1523.77,1,0,1,0,0,0,0,0,0,1,0,0,0,0,1,0,0,0,0,0,1
1,0,1,0,20,1,0,39.69,792.8,0,0,1,0,0,1,0,0,0,1,0,1,0,0,0,0,1,0,0,0,0
0,1,0,0,24,1,1,43.89,1038.56,0,0,1,0,0,0,0,0,0,0,0,1,0,0,0,1,0,0,1,0,0
1,0,1,0,13,1,0,21.84,279.59,0,0,1,0,0,0,0,0,0,0,0,1,1,0,0,1,0,0,0,1,0
1,0,1,0,13,1,1,59.91,789.69,0,0,0,0,1,0,0,0,0,0,0,0,0,0,0,0,1,0,1,0,0
1,0,1,1,21,1,1,113.01,2366.34,1,0,0,1,1,0,1,0,1,0,1,0,1,0,1,0,0,0,0,1,0
0,0,0,0,71,1,0,42.77,3027.85,0,1,0,0,0,0,0,0,0,0,0,1,0,1,0,0,1,0,0,0,1
1,1,0,0,66,1,1,77.93,5137.0,0,1,0,1,1,0,1,0,1,0,1,0,1,0,1,0,0,0,0,1,0
0,0,0,1,64,1,0,119.63,7633.36,1,0,1,0,1,0,0,0,0,0,0,0,0,0,0,0,0,0,0,0,1
0,0,1,0,50,1,1,62.65,3136.2,0,1,0,0,0,0,1,0,1,0,0,0,1,0,1,0,0,0,0,0,0
0,0,0,0,31,1,1,64.12,1998.84,0,0,1,0,0,1,0,1,0,1,0,0,0,0,0,0,0,1,0,1,0
0,0,0,1,5,1,1,62.67,301.03,1,0,0,0,0,1,0,0,0,1,1,0,0,0,0,0,0,0,0,0,0
1,0,0,0,62,0,1,108.74,6739.78,1,0,0,0,0,1,0,0,0,0,0,1,0,0,0,0,1,0,0,0,1
0,0,1,0,55,1,1,104.16,5717.43,0,1,0,1,1,0,1,0,1,0,1,0,1,0,1,0,0,0,0,0,1
0,0,0,0,29,1,1,32.82,974.63,0,0,1,0,0,1,0,0,0,0,0,1,0,1,0,0,1,0,0,1,0
0,0,0,1,26,1,0,87.13,2265.45,0,1,1,0,0,0,0,1,0,0,0,0,0,0,0,0,0,0,0,0,0
1,0,1,0,24,1,1,107.68,2573.15,0,1,0,0,1,0,0,0,0,1,0,1,0,0,0,0,0,0,0,1,0
1,0,0,0,64,1,1,73.41,4695.49,1,0,1,0,0,0,1,0,0,0,0,0,1,0,0,0,0,0,1,0,0
1,0,1,0,61,1,1,43.1,2633.26,0,0,0,1,1,0,1,0,1,0,1,0,1,0,1,0,1,0,0,1,0
1,1,1,0,31,1,0,94.74,2936.97,0,0,1,0,0,0,0,0,0,0,0,0,0,0,0,0,0,0,0,1,0
0,0,0,1,48,1,1,29.67,1427.42,0,1,0,0,0,1,0,0,0,0,0,0,0,0,0,0,1,0,0,1,0
0,1,1,0,52,1,1,73.42,3816.56,0,1,0,1,1,0,1,0,1,0,1,0,1,0,1,0,1,0,1,0,0
0,0,0,1,42,1,1,20.78,869.81,0,0,0,0,0,0,0,0,0,0,0,0,0,0,0,1,0,0,0,0,1
1,1,0,0,69,1,0,41.81,2875.38,0,0,1,0,0,0,0,0,1,0,0,0,1,0,1,0,0,0,1,0,0
1,1,0,1,48,1,1,50.89,2441.32,0,1,1,0,0,0,0,1,0,1,0,0,0,1,0,0,0,0,1,0,0
0,0,1,0,59,0,1,39.1,2315.28,1,0,0,1,1,0,1,0,1,0,1,0,1,0,1,0,0,0,0,1,0
0,0,1,1,3,0,1,42.17,126.89,1,0,0,0,0,0,0,0,1,0,0,0,0,0,0,0,0,0,1,0,0
0,0,0,0,10,1,1,97.64,957.89,0,1,1,0,0,0,0,0,0,0,0,0,0,1,0,0,0,1,0,0,0
1,0,1,1,37,1,1,77.11,2844.1,1,0,1,0,0,0,0,0,0,0,0,0,0,0,0,0,0,0,1,0,0
0,0,1,0,47,1,0,80.28,3774.32,0,1,1,0,0,0,0,0,0,0,0,0,0,0,0,0,0,0,0,0,1
1,0,1,0,62,1,0,111.62,6929.09,0,0,0,0,0,0,0,1,0,0,1,0,0,0,0,1,1,0,1,0,0
0,0,1,0,21,1,1,89.2,1885.19,0,0,0,1,1,0,1,0,1,0,1,0,1,0,1,0,0,1,1,0,0
1,0,1,1,1,1,1,25.31,35.19,0,0,0,0,0,1,0,1,1,0,0,0,0,1,0,0,0,0,0,1,0
1,1,0,0,33,0,1,81.79,2708.55,1,0,0,1,1,0,1,0,1,0,1,0,1,0,1,0,0,0,0,0,1
1,0,0,0,41,1,1,53.89,2207.67,0,0,1,0,0,1,0,1,1,0,0,1,0,0,0,0,0,1,0,1,0
0,0,1,0,21,1,1,103.51,2158.78,0,1,0,0,0,1,0,0,1,0,0,0,0,0,0,0,1,0,0,0,0
0,0,0,0,48,1,1,69.38,3325.88,0,1,0,1,1,0,1,0,1,0,1,0,1,0,1,0,1,0,0,1,0
0,0,0,1,60,1,1,63.82,3837.74,0,0,0,1,1,0,1,0,1,0,1,0,1,0,1,0,1,0,1,0,0
0,0,0,0,23,1,1,90.27,2070.09,0,0,1,0,0,1,0,0,0,1,0,0,0,0,0,0,0,1,1,0,0
0,1,1,1,2,1,0,24.39,54.67,0,1,1,0,0,0,0,0,0,0,0,1,0,1,0,0,0,0,0,1,0
0,0,1,1,66,1,1,26.18,1704.14,0,0,1,0,0,1,0,0,0,0,1,0,1,0,1,0,0,0,0,1,0
0,0,1,1,29,1,1,33.02,970.79,0,0,0,0,0,1,0,0,0,0,1,0,0,0,0,0,0,0,0,0,1
1,0,1,1,21,1,1,70.51,1474.82,0,0,1,0,0,0,0,1,0,0,0,0,0,0,1,0,0,1,0,0,1
0,0,0,0,67,1,0,22.63,1523.32,0,0,0,1,1,0,1,0,1,0,1,0,1,0,1,0,0,0,1,0,0
1,0,1,0,46,1,1,119.1,5472.88,0,0,0,0,1,0,0,0,0,0,0,0,0,0,0,0,0,0,0,0,0
0,0,1,0,60,0,1,83.5,4998.3,1,0,1,0,0,0,0,1,0,0,1,0,0,1,0,0,0,0,1,0,0
0,0,1,1,6,1,1,27.41,162.92,0,1,1,0,0,0,0,0,0,0,0,0,0,0,1,0,0,0,1,0,0
0,0,0,0,63,1,1,39.44,2473.77,0,1,1,0,1,0,0,0,0,0,0,0,0,1,0,1,0,0,1,0,0
1,0,0,1,65,1,1,35.49,2298.74,0,0,1,0,0,1,0,0,0,0,1,0,0,1,0,1,0,0,0,0,1
0,0,1,0,28,1,1,73.89,2063.95,0,1,0,0,0,1,0,1,0,1,0,1,0,1,0,1,0,0,1,0,0
0,1,1,0,52,1,0,42.9,2235.67,0,1,0,0,0,1,0,0,0,0,0,0,1,0,1,0,1,0,0,0,1
1,0,1,0,34,1,1,22.13,732.71,0,0,0,0,0,0,0,0,0,0,0,0,0,0,0,0,0,0,0,1,0
0,0,1,1,50,1,1,63.68,3177.81,0,0,0,0,1,0,0,0,0,0,0,1,0,0,0,1,1,0,1,0,0
1,0,0,0,52,1,0,56.5,2915.99,0,1,1,0,0,1,1,0,0,0,0,1,0,0,0,0,0,0,0,0,0
0,0,1,0,52,1,1,30.81,1597.22,0,0,1,0,0,0,1,0,0,0,0,0,1,0,0,0,1,0,0,0,1
1,0,1,0,42,1,0,102.4,4299.91,0,1,0,0,1,0,0,0,0,0,0,1,0,1,0,0,0,0,0,0,0
1,0,1,0,39,1,1,111.89,4372.04,0,1,1,0,0,0,0,0,0,0,1,0,0,0,0,1,0,0,0,0,1
0,0,1,0,34,1,0,105.32,3575.19,0,0,1,0,0,0,0,1,1,0,1,0,0,0,0,0,1,0,0,0,1
0,0,1,0,55,1,0,85.65,4719.21,0,1,0,0,1,0,0,1,0,0,0,1,0,1,0,1,0,1,0,0,0
1,0,1,1,60,1,1,35.79,2141.45,0,0,0,0,0,1,0,0,1,0,0,0,1,0,0,1,0,0,1,0,0
0,0,0,0,69,1,1,82.6,5693.01,0,0,0,1,1,0,1,0,1,0,1,0,1,0,1,0,0,0,1,0,0
0,0,0,1,72,1,1,117.15,8441.09,0,1,1,0,1,0,0,0,0,0,1,0,0,1,0,0,0,0,0,0,0
1,0,1,1,17,1,0,46.42,803.88,0,1,0,0,0,0,0,1,1,0,0,0,0,0,0,0,1,0,0,0,0
0,0,1,0,29,1,0,66.9,1950.13,0,1,1,0,0,1,0,1,0,0,1,0,0,1,0,0,0,0,1,0,0
0,0,0,0,3,1,1,85.17,262.26,0,0,1,0,0,0,0,0,0,0,0,1,1,0,0,0,0,0,0,0,0
1,0,0,1,71,1,0,62.99,4489.68,0,1,1,0,1,0,0,0,0,0,0,0,0,0,1,0,0,0,0,0,0
1,0,0,0,16,1,0,62.31,1005.44,0,1,1,0,0,1,0,0,0,1,0,1,1,0,0,1,1,0,0,0,1
1,1,1,0,65,1,1,71.01,4603.03,0,0,0,0,0,1,0,0,0,1,0,0,0,0,0,1,0,1,0,0,1
0,0,1,1,69,1,1,85.48,5884.57,0,1,1,0,0,1,0,1,0,1,1,0,0,1,0,0,0,1,0,0,1
0,0,1,1,17,1,1,36.48,625.74,0,0,0,0,0,0,0,1,0,0,0,1,1,0,0,1,0,0,0,1,0
0,0,1,1,0,1,1,116.37,0.0,0,0,1,0,0,0,0,0,0,0,1,0,0,0,0,1,1,0,1,0,0
0,0,0,1,62,1,1,75.84,4691.95,0,1,1,0,0,0,0,0,0,1,0,0,0,1,0,1,0,0,0,0,0
0,0,1,0,65,1,0,86.84,5634.91,0,1,0,1,1,0,1,0,1,0,1,0,1,0,1,0,0,1,0,0,0
1,0,0,0,65,1,0,38.08,2464.41,0,0,0,0,0,1,0,0,0,1,0,0,0,0,0,1,0,0,1,0,0
0,0,0,1,60,0,0,101.16,6059.37,1,0,0,1,1,0,1,0,1,0,1,0,1,0,1,0,0,0,0,0,0
1,1,1,0,0,1,1,73.22,8.17,0,1,0,0,0,1,0,1,0,0,0,0,0,1,0,1,0,0,0,1,0
0,0,1,0,67,1,0,31.95,2144.32,1,0,0,1,1,0,1,0,1,0,1,0,1,0,1,0,0,0,0,0,0
1,0,1,0,36,1,1,109.52,3957.79,0,1,0,1,1,0,1,0,1,0,1,0,1,0,1,0,0,1,0,0,1
1,0,1,0,52,1,0,76.53,3962.83,0,0,1,0,0,1,0,1,0,1,0,1,0,0,0,0,0,1,0,0,1
0,0,0,0,69,1,0,114.42,7911.19,0,1,0,0,0,0,0,1,0,0,1,0,0,1,0,0,0,0,0,1,0
0,0,1,1,42,1,1,26.34,1097.76,0,0,0,0,0,0,0,0,0,0,0,1,0,1,0,1,0,0,0,0,1
0,0,0,0,12,1,0,36.16,428.39,0,0,0,1,1,0,1,0,1,0,1,0,1,0,1,0,0,0,1,0,0
1,0,1,0,20,1,0,51.89,1047.37,0,1,1,0,0,0,0,1,0,1,0,1,0,0,0,1,1,0,0,0,0
1,0,0,0,17,1,1,100.31,1693.24,0,1,1,0,0,1,0,1,0,0,0,1,0,0,0,1,0,1,0,0,1
0,0,1,1,53,1,1,48.41,2562.82,0,1,1,0,0,0,1,0,0,1,0,1,0,0,0,0,0,0,0,1,0
0,0,1,1,34,1,1,29.42,982.65,0,1,0,0,0,0,0,1,0,0,0,0,0,0,1,0,0,0,0,1,0
0,0,0,0,4,1,0,86.68,348.68,0,0,0,1,1,0,1,0,1,0,1,0,1,0,1,0,0,1,0,0,1
1,0,0,1,49,1,1,43.07,2124.45,0,0,1,0,0,0,0,0,0,0,0,0,0,0,0,0,0,0,0,1,0
0,0,1,1,45,1,0,38.07,1712.59,0,0,0,0,0,1,0,0,0,0,1,0,1,0,0,0,0,0,1,0,0
1,0,0,1,25,1,1,43.85,1105.02,0,1,1,0,0,1,0,1,1,0,0,1,0,1,0,0,0,1,1,0,0
1,0,1,0,14,1,1,103.45,1454.77,0,0,1,0,0,0,0,0,0,0,0,0,0,1,0,1,0,0,1,0,0
1,1,1,0,58,1,1,96.56,5607.8,0,0,0,0,0,1,0,1,0,0,0,1,0,1,0,1,0,0,1,0,0
0,0,1,0,55,1,0,91.18,5014.89,0,0,1,0,1,0,0,1,0,0,0,1,0,0,0,1,1,0,0,1,0
1,0,1,0,69,1,1,23.5,1624.8,0,1,1,0,0,0,1,0,0,0,0,1,0,0,0,0,0,0,0,1,0
0,0,1,0,32,1,0,36.12,1157.56,0,0,0,1,1,0,1,0,1,0,1,0,1,0,1,0,1,0,0,0,1
1,0,0,0,30,0,1,97.69,2919.94,1,0,0,0,0,0,0,1,0,1,0,0,0,0,0,0,0,0,0,0,0
0,0,0,1,40,1,0,107.74,4290.39,0,0,1,0,0,0,0,0,0,0,1,0,0,1,0,1,1,0,0,0,1
1,0,0,0,40,1,1,84.69,3383.12,1,0,1,0,0,0,0,0,0,0,0,1,0,0,0,0,1,0,0,0,0
0,0,0,0,24,1,0,51.31,1240.4,0,1,0,0,0,0,1,0,0,1,0,1,0,1,0,1,0,1,0,0,1
0,0,0,1,2,1,0,70.25,114.77,0,1,0,1,1,0,1,0,1,0,1,0,1,0,1,0,0,0,1,0,0
1,0,0,0,31,1,1,28.13,863.21,0,0,0,0,0,1,0,0,0,1,0,1,0,0,0,0,0,0,0,0,1
1,1,1,1,32,1,0,97.62,3121.54,0,1,1,0,0,0,0,1,0,0,0,0,0,0,0,1,0,0,0,1,0
0,0,1,0,31,0,1,50.69,1564.33,1,0,1,0,0,0,0,1,0,1,0,1,1,0,0,0,0,0,1,0,0
1,0,0,0,63,1,0,106.04,6678.15,0,0,0,0,0,1,0,0,0,1,0,0,0,0,0,1,0,0,0,1,0
1,0,0,1,41,1,1,114.35,4693.53,0,0,1,0,0,1,0,1,0,0,0,0,0,0,0,0,0,0,0,0,1
1,0,1,0,42,1,1,98.8,4163.92,1,0,0,0,0,0,0,0,0,1,0,0,0,1,0,1,0,1,1,0,0
1,0,0,0,27,1,1,90.31,2424.55,0,1,0,1,1,0,1,0,1,0,1,0,1,0,1,0,1,0,0,1,0
1,0,1,0,35,1,0,105.44,3684.31,0,0,0,1,1,0,1,0,1,0,1,0,1,0,1,0,0,0,0,0,0
0,0,0,0,61,1,0,26.72,1630.41,1,0,0,0,0,0,0,1,0,0,0,0,0,0,0,0,0,0,1,0,0
0,0,0,0,29,0,1,75.71,2186.13,1,0,0,1,1,0,1,0,1,0,1,0,1,0,1,0,0,1,0,0,1
1,0,1,0,31,1,1,110.46,3412.82,0,0,0,1,1,0,1,0,1,0,1,0,1,0,1,0,0,0,0,1,0
1,0,0,0,52,1,1,83.47,4343.32,0,0,0,0,0,1,0,0,0,1,0,0,0,0,0,0,0,0,0,1,0
0,0,0,0,47,1,0,40.8,1947.0,0,0,0,1,1,0,1,0,1,0,1,0,1,0,1,0,0,0,0,1,0
0,0,0,1,65,1,0,29.43,1918.07,0,1,0,0,0,0,0,0,0,0,1,0,0,0,0,0,0,0,0,0,0
0,0,1,0,32,1,0,85.58,2744.36,0,1,1,0,0,1,0,1,0,0,0,1,0,1,0,0,0,0,0,1,0
1,0,0,0,11,1,1,22.97,241.55,0,1,0,0,1,0,0,0,0,0,0,0,0,0,0,1,0,0,0,1,0
1,0,0,0,24,1,1,54.95,1327.7,0,0,0,0,0,1,1,0,0,0,0,0,0,0,0,0,1,0,0,0,0
0,1,0,0,31,1,1,101.52,3136.89,0,1,0,1,1,0,1,0,1,0,1,0,1,0,1,0,0,1,0,0,1
0,0,1,0,36,1,0,112.62,4050.79,1,0,0,0,0,1,0,0,0,0,0,1,0,1,0,0,0,0,0,0,0
1,0,1,0,37,1,0,112.63,4152.52,0,0,0,1,1,0,1,0,1,0,1,0,1,0,1,0,1,0,0,1,0
0,0,0,1,26,1,0,56.4,1484.68,1,0,1,0,0,1,0,0,0,1,0,1,0,1,0,0,0,1,0,0,1
0,0,1,1,67,1,1,79.99,5351.66,0,0,0,1,1,0,1,0,1,0,1,0,1,0,1,0,0,1,1,0,0
0,0,1,0,51,0,1,86.58,4419.31,1,0,0,0,0,0,0,1,0,1,0,0,0,0,0,0,0,1,0,0,0
1,0,1,0,16,1,0,63.03,991.66,0,1,1,0,0,1,0,0,0,0,0,1,0,0,1,0,0,0,0,0,1
1,1,1,1,60,1,1,56.33,3378.04,0,0,1,0,0,1,0,1,0,1,0,0,0,0,0,0,0,0,1,0,0
0,0,1,1,50,1,1,23.66,1191.55,0,1,0,0,0,0,0,0,0,0,0,0,0,0,0,0,0,0,0,1,0
0,0,1,0,65,1,1,67.11,4345.54,0,0,0,0,0,0,1,0,0,0,1,0,0,0,0,1,1,0,0,0,1
0,0,0,0,2,1,1,91.53,188.37,0,0,1,0,0,0,0,0,0,1,0,0,0,0,1,0,0,0,0,0,0
0,1,1,0,47,1,1,90.98,4284.35,0,0,0,0,1,0,0,1,0,0,0,1,0,1,0,0,0,0,0,1,0
1,0,0,0,59,1,1,66.9,3961.93,0,0,1,0,0,0,0,0,0,0,0,0,0,1,0,1,0,0,0,0,0
1,0,0,1,38,1,1,47.87,1817.31,0,0,1,0,0,0,0,0,0,1,0,0,0,0,0,0,1,0,0,0,1
1,0,1,1,63,1,1,53.37,3350.44,0,1,0,0,0,1,0,0,0,1,0,1,0,0,1,0,0,0,0,1,0
0,0,0,1,52,1,1,67.87,3524.52,0,1,0,0,0,0,0,1,0,0,0,1,0,0,0,0,0,1,0,0,0
1,1,1,0,69,1,1,70.84,4886.93,0,0,0,1,1,0,1,0,1,0,1,0,1,0,1,0,0,0,0,1,0
0,0,0,1,14,1,1,53.53,758.53,0,0,1,0,0,0,0,0,0,0,0,0,0,0,0,0,1,0,0,0,0
1,0,1,1,53,1,0,84.11,4462.54,0,1,0,0,0,0,0,0,0,1,0,0,1,0,0,1,0,0,0,1,0
0,0,0,0,50,1,1,76.84,3860.82,0,0,0,0,1,0,0,0,0,0,0,0,0,0,0,0,0,1,0,0,1
1,0,0,0,58,1,0,89.66,5200.09,0,0,0,1,1,0,1,0,1,0,1,0,1,0,1,0,0,0,1,0,0
0,0,0,1,42,1,0,104.93,4421.46,0,0,0,1,1,0,1,0,1,0,1,0,1,0,1,0,0,0,1,0,0
1,0,0,1,3,1,1,119.28,358.9,0,0,0,0,0,0,0,0,0,1,0,0,0,0,0,1,0,1,0,1,0
0,0,1,0,13,1,1,97.61,1275.06,0,1,1,0,0,1,0,0,0,0,0,1,0,0,0,0,0,0,0,0,1
0,0,0,0,66,1,1,52.19,3453.86,0,1,1,0,0,1,0,0,1,0,1,0,0,1,0,1,0,1,0,1,0
1,0,1,1,3,1,1,69.07,202.78,1,0,0,0,0,0,0,0,0,0,0,0,0,1,0,0,0,0,0,1,0
0,0,0,0,70,1,1,108.6,7593.6,1,0,0,1,1,0,1,0,1,0,1,0,1,0,1,0,0,1,0,1,0
1,0,0,1,56,1,0,46.04,2593.81,0,0,0,0,0,0,0,0,1,0,0,0,1,0,0,1,1,0,0,1,0
0,0,1,0,70,1,0,49.42,3447.06,0,0,1,0,0,0,1,0,0,0,0,1,0,0,0,1,0,1,1,0,0
0,0,0,0,14,1,1,50.24,712.62,0,1,1,0,0,1,0,0,0,1,0,0,0,1,0,0,1,0,0,0,0
0,0,1,0,50,1,1,106.56,5324.45,0,1,0,1,1,0,1,0,1,0,1,0,1,0,1,0,0,0,1,0,0
1,1,0,1,29,1,1,45.58,1314.11,0,1,1,0,1,0,0,0,0,0,0,1,0,0,0,1,0,0,0,0,0
1,0,0,0,56,1,1,60.56,3382.48,0,1,1,0,0,1,0,0,0,0,0,1,0,0,0,0,0,0,0,1,0
0,0,1,1,72,1,1,73.82,5324.29,0,0,0,0,0,1,0,0,0,1,1,0,0,1,0,1,0,1,0,0,0
1,0,1,0,20,1,1,78.56,1574.06,0,1,1,0,0,0,0,0,0,0,0,1,1,0,0,0,0,0,0,0,0
0,1,1,1,36,1,1,51.82,1867.57,0,0,0,0,0,1,0,0,0,0,0,1,1,0,0,1,0,0,0,0,1
0,0,0,1,51,1,1,118.92,6087.97,0,1,0,0,0,0,0,1,0,1,0,0,0,0,0,0,0,0,0,0,0
0,0,1,0,38,1,1,104.34,3961.66,0,0,0,0,0,0,0,0,0,1,0,0,0,0,0,1,0,1,1,0,0
1,0,0,0,68,1,0,91.12,6195.28,0,1,0,0,0,1,0,0,0,0,0,0,0,0,0,1,0,0,0,0,0
1,1,1,0,24,1,1,52.54,1257.86,1,0,0,1,1,0,1,0,1,0,1,0,1,0,1,0,0,0,0,1,0
0,0,1,0,50,1,1,42.47,2127.51,0,1,0,0,0,1,0,0,0,1,0,0,0,0,0,1,0,0,1,0,0
0,0,0,0,36,1,1,25.8,924.3,0,0,1,0,0,1,0,0,0,0,0,1,0,1,1,0,0,0,0,1,0
1,0,0,0,36,1,1,39.32,1414.41,0,1,0,0,0,0,0,0,0,0,0,0,0,1,0,0,0,0,0,0,1
0,0,1,0,62,0,0,108.26,6712.88,1,0,1,0,0,0,0,0,0,1,0,0,0,0,0,0,0,0,0,1,0
0,1,1,1,69,1,0,32.77,2258.36,0,1,1,0,0,1,0,0,0,0,0,1,0,1,0,0,1,0,1,0,0
0,0,0,1,72,1,0,65.08,4668.39,0,0,0,0,1,0,0,0,0,0,0,0,0,0,1,0,1,0,0,0,0
0,0,1,1,28,0,1,100.11,2812.42,1,0,1,0,0,0,0,0,0,0,0,0,0,1,0,1,0,0,0,0,1
1,0,0,0,0,1,0,71.88,16.58,1,0,0,0,0,0,0,0,0,0,0,0,0,0,0,0,0,0,0,1,0
0,0,0,0,8,1,1,72.33,578.25,0,0,0,0,0,0,0,0,0,0,0,1,0,0,0,0,0,0,0,1,0
1,0,1,0,59,1,0,67.85,3991.86,0,0,0,0,0,0,0,0,1,0,0,0,0,0,0,0,0,0,1,0,0
1,0,1,0,63,1,0,116.43,7347.6,0,1,1,0,0,1,0,0,0,0,0,0,0,0,0,0,1,0,1,0,0
1,0,1,0,9,1,1,76.78,697.78,0,1,0,1,1,0,1,0,1,0,1,0,1,0,1,0,0,0,0,1,0
1,1,1,0,61,1,1,80.57,4923.83,0,1,1,0,0,0,0,1,0,1,1,0,0,1,0,0,0,0,1,0,0
0,0,0,1,26,1,0,119.19,3100.31,0,1,0,0,0,0,0,0,0,0,0,0,0,1,0,0,0,1,0,1,0
1,0,0,0,45,1,1,72.23,3247.74,0,0,0,0,0,1,0,0,0,1,0,0,0,0,0,1,0,1,0,0,0
1,0,1,0,14,1,1,62.1,882.42,0,0,1,0,0,1,0,1,0,0,0,0,1,0,0,0,0,0,0,1,0
1,0,1,1,33,1,0,115.99,3825.35,0,0,0,0,0,0,1,0,1,0,0,1,1,0,0,1,0,0,0,0,1
0,0,0,1,25,0,0,101.41,2530.17,1,0,1,0,0,1,0,1,0,0,0,0,0,0,0,0,0,0,1,0,0
1,1,1,0,21,1,1,51.79,1106.23,0,1,0,0,0,0,0,0,0,0,0,0,0,0,0,1,0,1,0,0,1
0,0,0,0,50,0,1,86.89,4333.02,1,0,1,0,0,1,0,0,0,1,0,0,0,1,1,0,1,0,0,0,0
0,1,1,1,10,0,1,62.35,604.36,1,0,1,0,1,0,0,0,0,0,0,0,0,0,0,0,0,1,0,0,1
0,0,0,0,72,1,0,105.05,7585.18,0,0,1,0,0,0,0,0,0,0,0,0,1,0,0,1,0,0,1,0,0
1,0,1,0,54,1,0,37.03,2006.01,0,1,0,0,0,1,0,0,0,0,0,1,1,0,0,1,0,0,0,0,1
0,0,0,1,68,1,1,54.95,3759.05,0,1,1,0,0,1,0,1,0,1,0,1,0,0,0,0,1,0,0,1,0
1,0,1,0,26,1,1,46.69,1218.37,0,1,0,0,0,1,0,0,0,1,0,0,0,0,0,0,1,0,0,1,0
1,0,1,0,12,1,0,69.78,842.05,0,0,0,0,0,1,0,1,0,1,1,0,1,0,0,0,0,0,0,0,1
0,0,1,0,54,1,1,47.5,2586.23,0,0,0,1,1,0,1,0,1,0,1,0,1,0,1,0,0,0,0,0,1
0,1,1,0,68,1,1,113.34,7708.47,0,0,0,0,0,0,0,0,0,0,0,0,0,0,0,0,0,1,0,0,0
0,0,0,0,27,1,1,117.2,3154.12,0,0,0,0,0,1,0,1,1,0,0,0,0,1,0,0,0,0,0,0,1
1,0,1,0,26,1,1,67.8,1764.05,0,0,0,0,0,0,0,1,0,0,0,0,0,0,0,0,0,1,0,0,0
1,1,1,0,49,1,0,43.16,2117.97,0,1,0,0,0,0,0,1,0,0,1,0,0,1,0,1,0,0,1,0,0
0,0,1,1,30,1,0,108.79,3252.95,0,1,0,1,1,0,1,0,1,0,1,0,1,0,1,0,1,0,0,0,1
1,0,0,0,34,1,0,54.04,1846.42,0,0,0,0,0,0,0,0,0,0,0,0,0,1,0,1,0,0,0,0,1
0,0,1,0,6,1,0,88.24,525.69,0,0,0,0,0,1,1,0,0,0,0,1,0,0,0,1,0,0,1,0,0
0,0,1,0,51,1,1,93.85,4775.49,1,0,0,0,0,0,0,0,0,1,0,1,0,0,1,0,1,0,0,0,1
1,0,0,0,11,1,1,25.38,280.1,0,0,0,1,1,0,1,0,1,0,1,0,1,0,1,0,0,1,0,0,1
0,0,0,0,30,1,0,112.36,3364.51,0,1,0,1,1,0,1,0,1,0,1,0,1,0,1,0,1,0,0,0,1
1,0,0,0,46,1,1,95.38,4378.95,0,0,1,0,0,0,0,0,0,1,0,1,0,0,1,0,1,0,0,0,0
0,0,0,0,7,1,1,116.78,817.21,0,0,0,0,0,0,0,0,1,0,0,1,0,0,0,0,0,0,1,0,0
0,0,0,0,38,1,1,74.11,2816.32,0,0,1,0,0,0,0,0,1,0,0,0,0,0,0,0,1,0,0,1,0
0,0,1,1,62,0,1,44.5,2748.78,1,0,0,0,0,1,0,1,0,0,0,0,0,0,0,0,1,0,0,1,0
1,0,1,0,18,1,0,102.2,1853.23,1,0,0,0,0,0,0,1,0,1,0,1,0,0,0,1,1,0,0,0,0
0,0,0,0,21,1,1,117.24,2465.56,0,0,1,0,0,1,0,1,0,0,0,0,0,1,0,0,0,1,0,0,1
1,0,0,0,63,1,0,91.97,5791.33,0,0,0,1,1,0,1,0,1,0,1,0,1,0,1,0,0,0,1,0,0
0,0,0,0,41,1,1,24.28,988.37,0,1,0,1,1,0,1,0,1,0,1,0,1,0,1,0,1,0,0,1,0
1,0,0,0,63,1,0,25.78,1644.45,0,0,1,0,0,0,0,0,0,0,0,1,1,0,0,0,0,0,0,0,0
1,0,0,0,66,1,1,79.17,5229.05,0,0,0,1,1,0,1,0,1,0,1,0,1,0,1,0,0,0,0,0,1
1,1,0,0,37,0,0,96.62,3557.36,1,0,0,1,1,0,1,0,1,0,1,0,1,0,1,0,0,0,1,0,0
0,0,1,0,55,1,1,70.95,3910.8,0,0,1,0,0,1,0,0,0,0,0,0,0,0,0,0,0,0,0,0,1
1,0,0,0,65,1,1,85.94,5587.27,0,0,0,0,0,0,0,0,1,0,0,0,0,1,0,0,0,0,0,0,1
1,0,1,0,54,0,0,102.61,5534.99,1,0,1,0,0,0,0,0,0,1,0,1,0,0,0,1,0,0,0,0,1
1,0,1,0,55,1,1,104.85,5750.0,0,1,0,1,1,0,1,0,1,0,1,0,1,0,1,0,0,0,0,0,0
0,1,0,0,59,1,1,21.43,1252.3,0,0,1,0,0,0,0,0,0,0,0,0,0,1,0,0,0,0,0,1,0
1,0,1,1,28,0,1,56.05,1580.99,1,0,1,0,0,1,0,0,0,1,0,0,1,0,0,0,0,0,0,0,0
1,0,1,0,35,1,1,101.91,3548.5,0,1,0,0,0,0,0,0,0,1,0,0,0,0,0,1,0,0,1,0,0
1,0,0,0,45,1,1,54.95,2490.6,0,1,1,0,0,0,0,0,0,1,0,0,0,1,0,1,0,0,1,0,0
1,0,1,1,58,1,1,33.96,1967.4,0,0,1,0,1,0,0,0,0,0,0,0,0,0,1,0,0,0,0,1,0
1,0,0,0,30,1,0,89.61,2701.7,0,1,1,0,0,1,1,0,1,0,0,0,0,1,1,0,0,1,0,0,0
1,0,1,0,50,1,1,62.76,3127.52,0,0,0,0,0,1,0,0,0,0,0,1,1,0,1,0,0,0,0,0,1
1,0,0,0,4,1,0,69.22,279.79,0,1,0,0,0,0,0,0,1,0,1,0,0,0,0,1,1,0,1,0,0
0,0,1,0,37,1,0,43.72,1621.97,0,0,1,0,0,0,0,1,0,1,0,0,0,0,0,0,1,0,0,0,1
0,0,1,0,42,1,0,108.06,4551.38,0,0,1,0,0,0,1,0,0,0,0,0,0,0,0,0,0,0,0,1,0
0,0,0,0,49,1,0,119.49,5845.5,0,1,1,0,0,0,0,0,0,1,0,1,0,0,0,0,0,0,0,1,0
0,0,1,0,58,0,1,103.12,5993.8,1,0,0,0,0,0,0,1,0,0,0,0,0,0,0,0,0,1,0,0,1
1,0,0,0,11,1,0,69.7,761.5,1,0,0,0,0,1,0,1,0,0,0,1,0,0,0,1,0,0,0,0,1
0,1,1,0,11,1,1,95.91,1056.16,0,1,0,0,0,0,0,1,0,0,0,0,0,0,0,0,0,0,0,0,0
1,1,1,0,50,1,0,116.6,5840.85,0,0,1,0,0,0,0,0,0,0,0,1,0,1,0,1,0,0,0,0,0
1,0,1,1,38,1,0,110.76,4187.89,0,0,0,0,0,1,0,0,0,0,0,0,0,1,0,0,1,0,0,0,0
1,0,0,1,63,1,0,22.71,1434.3,0,0,0,0,0,0,0,1,0,0,1,0,0,1,0,0,0,0,0,0,0
0,0,0,0,49,0,1,30.23,1500.26,1,0,1,0,0,0,0,1,0,0,0,1,0,0,0,1,1,0,0,0,1
0,0,1,1,12,1,1,106.35,1276.88,0,1,0,1,1,0,1,0,1,0,1,0,1,0,1,0,0,0,0,1,0
1,0,0,0,12,1,0,69.31,843.2,0,0,0,0,0,0,0,0,0,0,0,0,0,1,0,0,0,0,0,1,0
1,0,1,0,29,1,0,108.9,3141.29,0,0,0,0,0,0,0,0,0,1,1,0,0,0,0,0,0,1,0,0,1
1,1,0,1,33,1,0,109.21,3598.48,1,0,0,0,1,0,0,0,0,0,0,0,0,0,0,0,0,0,0,0,1
1,0,0,0,62,1,0,119.72,7421.15,0,1,0,1,1,0,1,0,1,0,1,0,1,0,1,0,0,0,0,0,1
0,0,1,0,37,1,1,60.8,2238.9,0,1,1,0,0,1,0,0,0,0,0,1,0,0,0,0,0,0,0,0,1
0,1,1,1,49,1,1,116.81,5738.07,0,1,0,0,0,1,0,0,0,0,0,1,0,0,0,0,1,0,0,0,1
0,0,1,1,44,1,0,84.45,3716.67,0,0,0,0,0,1,0,0,0,0,0,0,0,0,1,0,0,0,0,0,0
0,0,0,0,49,1,1,43.04,2107.17,0,0,0,0,0,1,0,0,0,0,0,0,0,1,0,0,0,1,0,1,0
0,0,0,0,14,1,1,63.88,899.14,0,0,0,0,0,0,0,1,0,0,0,0,0,1,0,0,0,0,0,0,1
0,0,0,0,52,1,1,27.61,1426.48,0,1,0,1,1,0,1,0,1,0,1,0,1,0,1,0,0,0,0,0,1
0,0,0,0,49,0,0,107.94,5286.21,1,0,1,0,0,0,0,0,0,1,0,0,0,1,0,1,0,0,0,0,1
0,0,0,0,7,1,1,33.51,225.58,0,1,1,0,0,0,0,0,0,0,0,0,0,0,0,0,0,1,0,0,0
0,0,0,1,68,1,0,39.68,2717.25,1,0,1,0,1,0,0,0,0,0,0,0,0,0,0,0,1,0,0,0,1
0,0,0,0,55,1,0,21.85,1193.17,0,0,0,0,0,0,0,1,0,0,0,1,0,0,0,0,1,0,0,0,0
0,0,1,0,2,1,1,90.36,186.54,0,0,0,1,1,0,1,0,1,0,1,0,1,0,1,0,1,0,0,1,0
0,0,0,0,11,1,0,82.58,904.46,0,0,0,1,1,0,1,0,1,0,1,0,1,0,1,0,0,1,0,0,0
1,0,0,1,11,1,1,46.62,511.37,0,1,0,1,1,0,1,0,1,0,1,0,1,0,1,0,0,1,0,0,0
1,0,0,0,0,1,0,62.89,0.0,0,1,0,0,0,0,0,0,0,0,0,0,0,0,0,0,1,0,1,0,0
1,0,0,1,43,1,1,70.2,3015.6,0,0,1,0,0,0,0,0,0,0,0,0,0,0,0,0,0,0,0,0,0
0,0,1,0,26,1,0,26.58,699.13,0,0,0,1,1,0,1,0,1,0,1,0,1,0,1,0,0,0,0,1,0
1,0,0,0,70,1,0,50.42,3530.49,0,0,1,0,0,0,0,0,0,0,0,0,0,1,0,1,0,0,0,1,0
0,0,1,1,6,1,1,85.98,528.0,0,1,1,0,0,0,1,0,0,0,1,0,0,1,0,0,0,0,0,0,1
0,0,0,0,5,1,1,73.55,367.53,0,0,1,0,1,0,0,1,0,0,1,0,0,1,0,0,0,1,0,1,0
1,0,0,0,68,1,1,78.5,5329.1,0,1,1,0,0,0,1,0,0,1,0,0,0,0,1,0,1,0,0,0,1
1,0,0,1,57,1,1,31.52,1789.77,0,0,1,0,0,0,0,0,0,1,0,1,0,0,0,0,0,0,0,1,0
1,0,1,0,15,1,1,94.56,1424.06,0,1,1,0,0,1,0,0,0,1,0,0,0,0,0,0,1,0,1,0,0
0,0,1,0,32,1,1,60.82,1960.88,0,0,1,0,0,0,0,0,0,0,0,0,0,1,0,0,0,1,0,1,0
1,0,0,0,13,1,1,83.46,1097.29,0,0,1,0,0,0,0,1,0,0,1,0,0,0,0,1,1,0,0,0,1
1,0,1,0,59,1,1,31.19,1819.42,0,0,0,1,1,0,1,0,1,0,1,0,1,0,1,0,0,0,1,0,0
1,0,1,1,15,1,1,112.7,1691.3,0,0,1,0,1,0,0,0,0,0,0,0,0,1,1,0,0,0,1,0,0
1,0,0,0,44,1,1,84.73,3731.94,0,1,0,1,1,0,1,0,1,0,1,0,1,0,1,0,1,0,0,1,0
0,1,1,1,59,1,0,22.55,1325.59,1,0,0,1,1,0,1,0,1,0,1,0,1,0,1,0,0,0,0,1,0
0,1,0,1,11,1,1,46.42,481.48,0,1,1,0,0,1,0,1,0,1,0,1,0,1,0,1,0,0,0,0,0
0,0,1,0,32,1,0,33.2,1048.03,0,0,0,0,0,0,1,0,0,0,0,1,0,0,0,0,1,0,0,0,0
0,0,1,1,54,0,0,51.2,2774.36,1,0,1,0,0,0,0,0,0,0,0,0,0,0,1,0,0,0,1,0,0
0,0,0,0,22,1,0,59.38,1303.37,0,0,0,0,0,0,1,0,0,0,0,0,0,1,0,0,0,0,0,0,0
0,0,0,1,16,1,1,60.34,969.65,0,1,0,1,1,0,1,0,1,0,1,0,1,0,1,0,1,0,0,1,0
0,0,1,1,27,1,1,79.75,2155.99,1,0,1,0,0,1,0,0,0,0,0,0,0,0,0,0,0,0,0,0,0
1,0,0,1,28,1,1,102.18,2853.88,0,0,0,0,0,0,0,1,0,0,0,0,0,1,0,1,1,0,0,0,1
1,0,1,1,9,1,1,59.64,541.18,0,1,0,1,1,0,1,0,1,0,1,0,1,0,1,0,0,0,0,1,0
0,0,1,0,32,1,0,33.55,1070.34,0,0,1,0,0,0,0,0,1,0,0,1,0,0,0,0,0,0,0,1,0
0,0,1,0,33,1,1,111.18,3685.04,0,1,1,0,1,0,0,0,0,1,0,0,0,0,0,1,0,0,1,0,0
1,0,0,0,58,1,0,100.5,5822.61,0,0,0,0,0,0,0,0,0,0,0,0,0,1,1,0,0,0,0,0,0
0,1,0,1,11,1,1,92.63,1015.74,0,1,1,0,0,0,0,1,0,0,0,0,0,1,0,0,0,0,0,0,0
0,0,0,1,50,1,1,104.39,5211.47,0,1,1,0,0,0,0,0,0,1,0,0,0,0,0,0,0,0,0,0,0
0,0,0,1,54,1,1,35.45,1909.86,0,1,1,0,0,1,0,1,0,0,0,0,0,0,0,1,0,0,0,1,0
0,0,0,0,63,1,1,28.07,1767.08,0,0,0,0,1,0,0,1,0,0,1,0,0,0,0,1,1,0,1,0,0
1,1,0,0,26,1,0,77.33,2009.08,0,0,1,0,0,0,1,0,1,0,0,0,0,0,1,0,0,0,0,1,0
1,0,1,0,53,1,1,42.88,2257.05,0,0,0,0,0,0,0,0,0,1,0,0,1,0,0,1,0,0,0,0,1
1,0,0,0,40,1,1,67.4,2700.27,1,0,1,0,0,0,0,0,0,0,0,0,0,1,0,1,0,0,0,0,0
1,0,1,1,28,0,1,28.0,775.15,1,0,0,0,0,0,1,0,0,0,0,1,0,0,0,1,0,0,0,0,1
0,0,0,1,12,1,0,53.23,634.96,0,1,0,0,0,0,0,1,0,0,0,0,0,0,0,0,0,0,0,0,1
0,0,1,0,1,1,1,99.85,90.53,0,0,0,0,0,0,0,0,0,1,0,1,0,0,0,1,0,1,0,1,0
1,1,0,0,2,1,1,102.35,209.89,0,0,1,0,0,0,0,0,1,0,1,0,0,0,0,0,1,0,0,0,0
0,0,1,0,37,1,1,96.18,3574.45,0,0,1,0,0,0,0,1,0,0,1,0,0,0,0,0,0,0,1,0,0
1,0,1,0,1,1,1,20.89,20.48,0,1,0,0,0,0,0,0,0,0,0,0,0,1,0,0,0,0,0,1,0
0,0,1,0,3,1,0,104.4,310.15,0,1,1,0,0,0,0,0,0,0,0,0,0,0,0,0,1,0,1,0,0
1,1,0,0,68,1,1,115.79,7871.32,0,0,0,1,1,0,1,0,1,0,1,0,1,0,1,0,0,0,0,0,0
1,0,0,0,47,1,0,53.07,2511.49,0,0,0,1,1,0,1,0,1,0,1,0,1,0,1,0,0,0,1,0,0
1,0,1,1,28,1,1,40.36,1134.91,0,0,1,0,0,0,0,1,0,1,1,0,0,0,0,0,1,0,0,1,0
1,1,0,0,50,1,1,47.95,2393.52,0,1,0,0,0,1,0,0,0,1,0,0,0,0,0,0,1,0,0,1,0
1,0,1,0,68,1,0,30.66,2083.91,0,1,0,1,1,0,1,0,1,0,1,0,1,0,1,0,0,1,0,1,0
0,0,0,0,70,1,0,39.91,2793.98,0,1,0,0,0,1,0,1,0,1,0,0,0,0,0,0,0,0,0,1,0
1,0,1,1,30,1,1,60.23,1799.03,0,1,1,0,0,0,0,0,0,1,0,1,1,0,0,1,0,0,0,0,1
0,0,0,1,64,1,1,93.68,5989.16,0,1,1,0,0,0,0,1,0,0,0,0,0,0,0,0,0,1,0,0,1
1,0,1,0,22,1,1,90.9,2002.81,0,0,0,1,1,0,1,0,1,0,1,0,1,0,1,0,0,0,0,1,0
1,0,1,0,43,1,1,71.05,3058.03,0,1,1,0,0,0,0,0,0,0,0,0,0,0,0,0,0,0,0,0,0
0,0,0,1,20,1,1,67.03,1342.71,1,0,1,0,0,1,0,0,0,0,0,1,0,1,0,1,0,0,1,0,0
0,0,1,0,53,1,1,56.67,3022.78,0,1,0,0,0,1,0,0,0,0,0,0,0,0,0,0,0,0,0,0,0
1,0,1,0,42,1,0,40.5,1714.08,0,1,0,0,0,1,0,0,0,1,0,1,0,0,0,0,0,1,0,0,0
0,1,0,0,53,1,0,41.87,2209.68,0,0,1,0,0,0,0,1,0,0,0,1,0,0,0,1,1,0,0,1,0
0,0,1,0,48,1,0,82.29,3960.08,0,0,0,1,1,0,1,0,1,0,1,0,1,0,1,0,0,1,0,1,0
0,0,1,0,34,1,1,90.55,3060.06,0,0,1,0,1,0,0,1,0,0,0,0,0,0,0,0,0,0,0,0,1
1,0,0,1,35,1,0,70.22,2465.44,0,0,0,0,0,1,0,1,0,0,0,0,1,0,0,0,1,0,0,0,1
1,0,0,0,56,1,1,82.28,4620.09,1,0,1,0,0,0,0,0,0,0,0,0,0,1,0,0,1,0,0,0,0
0,0,1,1,68,1,0,87.72,5954.26,0,1,0,0,0,0,1,0,0,0,0,1,0,0,0,1,0,0,0,1,0
0,0,0,0,68,1,1,57.08,3878.38,0,0,1,0,0,0,0,0,0,1,0,1,0,0,0,0,0,0,1,0,0
0,0,0,1,71,1,1,66.74,4739.7,0,0,0,1,1,0,1,0,1,0,1,0,1,0,1,0,0,0,1,0,0
1,0,0,1,21,1,1,35.5,751.94,1,0,0,0,0,0,0,1,1,0,0,0,1,0,0,1,0,0,0,0,0
1,0,1,0,60,1,1,100.32,6019.54,0,1,0,0,0,1,0,0,0,1,1,0,0,0,0,0,0,0,0,0,0
1,0,0,0,11,1,0,98.16,1071.66,0,1,0,1,1,0,1,0,1,0,1,0,1,0,1,0,0,0,0,1,0
0,0,0,1,60,1,0,101.21,6081.57,0,0,0,0,0,0,0,1,0,1,0,0,0,1,0,1,1,0,0,0,1
0,0,1,0,44,1,1,86.3,3801.99,1,0,1,0,1,0,0,0,0,1,0,0,0,1,0,1,0,0,0,0,1
0,0,0,1,3,1,0,96.43,293.42,0,1,0,0,0,0,0,0,0,0,0,1,0,0,0,0,0,1,1,0,0
1,0,1,0,27,1,1,39.61,1059.95,0,0,0,0,0,0,0,0,0,0,0,0,0,0,0,1,0,1,1,0,0
1,0,1,0,62,1,1,101.23,6298.01,0,1,1,0,0,0,0,0,0,0,0,1,0,0,0,0,0,0,0,0,1
0,0,0,1,49,1,1,118.38,5805.43,0,1,1,0,1,0,0,0,0,0,0,1,1,0,1,0,0,0,0,0,0
1,1,0,0,71,1,0,88.0,6238.18,0,0,0,0,0,0,0,0,0,0,0,0,0,1,0,1,0,1,1,0,0
1,0,0,0,35,1,0,47.45,1658.38,0,1,0,0,0,0,0,0,0,1,0,1,1,0,0,1,0,1,1,0,0
0,0,1,0,66,1,0,108.55,7164.02,0,1,1,0,0,0,0,1,0,1,0,0,0,0,0,0,0,0,0,0,0
1,0,1,1,55,1,0,65.03,3577.71,0,1,1,0,0,0,0,1,0,1,0,0,0,0,0,1,0,0,1,0,0
0,0,0,1,36,1,1,100.81,3638.72,0,0,1,0,0,0,0,1,0,0,0,0,0,0,0,0,0,0,0,1,0
1,0,1,1,70,1,1,60.68,4240.8,0,0,1,0,0,0,0,1,0,0,0,1,1,0,0,0,0,1,0,0,1
1,0,0,0,15,1,0,74.31,1134.37,1,0,1,0,0,1,1,0,1,0,0,0,0,0,0,1,0,1,0,0,0
0,0,1,1,30,1,0,26.69,792.07,1,0,0,0,0,1,0,0,0,1,0,0,0,1,0,1,1,0,0,1,0
0,0,0,0,26,1,0,76.04,1960.45,0,0,0,1,1,0,1,0,1,0,1,0,1,0,1,0,0,0,0,0,0
1,0,1,0,49,1,0,68.6,3340.31,0,1,1,0,0,0,0,1,0,1,0,1,0,0,0,0,0,0,1,0,0
0,0,0,0,42,1,0,69.75,2918.9,0,1,0,0,0,1,0,1,0,0,0,0,0,1,0,1,0,0,0,1,0
1,0,1,0,20,1,0,69.22,1385.23,0,1,1,0,0,0,0,1,1,0,0,1,0,1,0,1,0,0,0,0,0
0,0,0,0,17,1,0,24.54,421.49,0,1,0,1,1,0,1,0,1,0,1,0,1,0,1,0,0,0,1,0,0
0,0,1,0,69,1,0,111.51,7697.69,0,0,1,0,0,0,0,0,0,0,0,0,0,0,0,0,0,0,0,0,1
1,0,0,0,55,1,0,107.79,5947.68,0,1,1,0,1,0,0,1,0,0,0,0,0,0,0,0,0,1,0,1,0
0,0,0,0,38,1,1,40.3,1527.54,1,0,0,0,0,0,0,0,1,0,0,1,0,0,0,0,1,0,1,0,0
1,0,0,0,35,1,1,69.03,2415.09,0,0,1,0,0,0,0,0,0,0,0,0,0,0,0,0,1,0,0,0,1
0,0,0,1,16,0,0,53.07,868.11,1,0,1,0,0,0,0,1,0,0,0,0,0,0,0,0,0,1,0,0,1
1,0,0,0,71,1,1,48.76,3472.73,1,0,0,1,1,0,1,0,1,0,1,0,1,0,1,0,0,0,0,1,0
1,1,0,0,68,1,1,48.26,3275.48,0,0,0,0,0,0,0,0,0,1,0,0,0,0,0,0,0,0,0,1,0
0,0,1,0,27,1,1,34.45,926.89,1,0,0,0,0,0,0,1,0,1,0,0,1,0,0,1,0,0,0,0,1
1,0,0,0,17,1,1,90.52,1541.65,0,1,0,0,0,1,0,1,1,0,0,0,0,0,0,1,0,0,0,1,0
1,0,0,1,57,1,0,97.29,5529.74,0,1,0,0,0,0,0,0,0,0,0,1,0,0,1,0,0,0,1,0,0
1,0,0,0,16,1,1,103.96,1672.49,0,1,1,0,0,0,0,0,0,1,0,0,0,0,0,1,1,0,0,0,0
0,0,1,1,68,0,1,65.88,4479.35,1,0,0,1,1,0,1,0,1,0,1,0,1,0,1,0,0,1,0,0,0
0,0,0,1,50,0,1,91.96,4595.75,1,0,0,0,0,1,1,0,0,0,0,1,1,0,1,0,0,1,0,0,0
1,1,1,0,15,1,1,50.87,748.76,0,0,0,1,1,0,1,0,1,0,1,0,1,0,1,0,0,1,0,1,0
0,0,0,1,25,1,1,20.2,506.66,1,0,1,0,0,0,0,0,0,1,0,0,0,1,0,1,0,0,1,0,0
1,0,0,1,3,0,0,39.33,118.44,1,0,0,0,0,0,0,0,1,0,0,0,0,0,0,0,0,0,0,0,0
0,0,1,0,14,1,0,80.69,1130.05,0,1,0,0,0,0,0,0,0,1,1,0,0,0,0,1,0,0,1,0,0
0,0,1,0,51,0,0,30.54,1558.51,1,0,0,0,0,0,0,0,0,0,1,0,0,1,0,0,0,0,1,0,0
1,0,0,0,36,1,1,87.78,3156.28,0,0,0,0,0,1,1,0,0,0,0,0,0,0,1,0,0,0,0,1,0
1,0,1,0,53,1,1,77.23,4110.08,0,1,0,0,0,0,0,0,0,0,0,0,0,0,0,0,0,0,0,1,0
0,0,0,1,34,1,1,97.98,3321.53,1,0,1,0,0,1,0,0,0,0,0,0,0,0,0,1,0,0,1,0,0
1,0,1,0,55,1,1,97.79,5395.49,0,1,0,0,0,1,0,1,0,1,0,1,1,0,0,1,0,1,0,1,0
1,0,0,0,25,1,0,82.82,2071.01,0,1,1,0,0,0,0,1,0,0,1,0,0,0,0,1,1,0,0,1,0
0,1,0,0,15,1,1,102.3,1548.62,0,1,0,0,0,0,0,0,0,1,0,1,0,0,0,0,0,0,0,0,1
1,1,0,0,40,1,0,60.3,2410.68,0,1,1,0,0,0,0,1,0,0,0,0,0,0,0,1,0,0,0,0,1
1,0,1,0,1,1,1,28.04,38.67,0,0,0,0,0,0,0,0,0,1,0,0,0,0,0,1,0,0,0,1,0
0,0,0,0,62,0,0,56.39,3503.11,1,0,0,1,1,0,1,0,1,0,1,0,1,0,1,0,0,0,0,1,0
1,1,1,0,24,1,1,64.92,1545.95,0,1,1,0,0,0,0,0,0,0,0,1,0,0,0,0,0,0,0,0,1
1,0,1,0,52,1,1,85.07,4401.68,0,1,1,0,0,0,0,0,0,0,0,1,0,1,0,0,0,1,1,0,0
1,0,0,1,42,1,0,77.94,3270.52,0,0,0,0,0,1,0,0,0,0,0,1,0,1,0,0,1,0,0,0,0
1,0,1,0,24,1,1,85.11,2040.23,1,0,0,0,0,0,0,0,0,0,0,1,0,0,1,0,0,0,1,0,0
1,0,1,0,3,1,1,119.04,384.92,0,1,1,0,1,0,0,1,0,0,0,0,0,0,0,0,1,0,1,0,0
1,0,0,0,0,1,1,75.87,0.0,0,0,1,0,0,0,0,0,0,1,0,1,0,0,0,0,0,0,0,1,0
0,0,0,0,32,1,0,27.73,885.57,0,0,0,0,0,0,0,0,0,0,0,0,0,1,0,1,1,0,1,0,0
1,0,1,0,67,1,1,39.41,2648.6,0,0,0,1,1,0,1,0,1,0,1,0,1,0,1,0,1,0,0,1,0
1,0,0,0,27,1,0,117.12,3156.57,0,1,1,0,0,1,0,0,0,0,0,1,0,1,0,0,1,0,1,0,0
0,0,0,0,33,1,1,73.59,2421.75,0,0,1,0,0,0,0,1,0,0,1,0,0,0,0,0,0,1,0,0,0
0,0,1,0,15,1,1,85.2,1288.02,0,1,0,1,1,0,1,0,1,0,1,0,1,0,1,0,0,0,0,1,0
1,1,0,1,37,1,1,114.56,4228.01,0,0,1,0,0,0,0,0,0,0,0,0,0,0,0,0,1,0,1,0,0
1,0,1,0,9,1,1,119.21,1071.26,0,0,0,0,0,0,0,0,0,1,0,0,0,1,0,1,0,0,1,0,0
1,0,0,0,58,1,1,102.04,5920.39,1,0,0,1,1,0,1,0,1,0,1,0,1,0,1,0,0,0,0,0,1
1,0,0,0,3,1,0,107.28,320.75,0,0,0,0,0,0,0,0,0,1,0,0,0,0,0,1,0,0,1,0,0
0,0,1,0,14,1,1,69.85,978.86,0,0,0,1,1,0,1,0,1,0,1,0,1,0,1,0,0,1,0,1,0
1,0,1,0,30,1,1,81.1,2441.57,0,0,0,0,0,0,0,0,0,0,0,1,0,1,0,0,0,1,1,0,0
0,0,0,0,55,1,0,40.62,2237.49,0,1,0,1,1,0,1,0,1,0,1,0,1,0,1,0,0,0,0,1,0
1,0,0,0,45,1,1,46.51,2094.64,0,1,1,0,0,1,0,1,0,1,0,0,0,0,0,0,0,0,1,0,0
1,0,1,0,34,1,0,73.9,2511.41,0,0,0,0,0,0,0,1,0,0,0,0,0,1,1,0,0,1,1,0,0
1,0,1,1,44,1,1,117.94,5164.55,1,0,1,0,0,0,0,0,0,1,0,1,0,0,0,0,0,0,0,0,0
0,0,1,0,61,1,0,65.88,4018.05,0,0,0,0,1,0,0,1,0,1,0,0,1,0,0,1,0,1,0,1,0
0,1,1,0,72,1,0,119.81,8623.97,0,1,1,0,0,1,0,0,0,0,0,0,0,1,0,0,0,0,0,0,1
1,0,1,0,30,1,1,72.76,2190.73,0,0,1,0,0,0,0,0,0,0,0,0,0,0,0,1,1,0,0,1,0
1,0,0,0,43,1,1,108.77,4663.51,0,1,1,0,1,0,0,1,1,0,0,0,0,0,0,0,1,0,0,1,0
0,0,1,1,6,0,0,94.47,556.54,1,0,0,0,0,1,1,0,0,0,0,0,0,0,0,0,0,1,1,0,0
1,0,1,0,19,1,1,34.76,670.65,0,0,1,0,0,0,0,1,0,1,0,0,0,0,1,0,0,1,0,1,0
1,0,0,0,48,1,0,52.07,2502.3,0,0,0,0,0,1,0,0,0,0,0,0,0,1,0,1,0,0,0,1,0
0,0,1,1,55,1,1,37.09,2039.23,0,0,1,0,0,1,0,0,0,0,0,1,0,0,0,0,0,0,0,0,0
1,0,1,1,24,1,0,28.77,682.35,0,0,1,0,1,0,0,1,0,1,0,0,0,1,0,0,0,0,1,0,0
0,0,1,1,62,1,1,118.89,7376.04,0,1,0,0,1,0,0,1,0,1,0,1,0,0,0,0,0,1,0,0,1
1,0,1,0,57,1,1,75.99,4309.31,0,1,1,0,0,1,0,0,0,1,1,0,0,0,0,1,1,0,0,0,0
1,1,1,0,37,1,1,30.11,1100.0,0,0,1,0,0,0,0,0,0,0,0,0,0,0,0,0,0,0,0,0,0
0,1,0,0,64,1,0,24.47,1563.08,0,0,1,0,0,0,1,0,0,1,0,1,0,1,0,0,0,1,0,0,1
1,0,0,1,32,1,1,58.98,1881.94,0,0,0,1,1,0,1,0,1,0,1,0,1,0,1,0,0,0,0,1,0
0,1,1,1,7,1,0,73.6,507.87,1,0,0,1,1,0,1,0,1,0,1,0,1,0,1,0,0,0,0,0,0
1,0,0,0,22,1,1,46.62,1022.6,0,0,1,0,1,0,0,1,0,0,0,0,0,1,0,1,0,1,0,1,0
1,0,1,1,56,1,0,80.49,4506.82,0,0,1,0,0,0,1,0,0,1,0,0,0,1,0,0,0,0,0,0,1
0,0,1,1,25,1,1,50.45,1249.87,0,1,1,0,0,0,1,0,1,0,0,1,0,0,0,1,0,0,0,0,1
0,0,0,1,57,1,1,66.15,3790.36,0,0,0,1,1,0,1,0,1,0,1,0,1,0,1,0,0,0,0,1,0
1,0,1,0,56,1,1,73.59,4117.96,0,0,0,0,0,0,0,0,1,0,0,1,0,0,0,1,0,1,0,0,0
1,0,1,0,32,1,1,66.29,2108.51,1,0,1,0,0,0,1,0,0,0,0,0,0,0,0,0,0,0,0,0,0
1,0,0,1,59,1,0,60.78,3607.59,0,0,0,1,1,0,1,0,1,0,1,0,1,0,1,0,0,0,0,0,1
0,0,1,1,47,1,1,47.06,2206.61,0,1,0,0,0,0,0,0,0,0,1,0,0,0,0,0,0,0,0,0,1
1,0,0,1,39,1,0,49.58,1928.92,0,1,0,0,0,0,0,0,0,1,0,0,0,1,0,1,0,0,0,0,0
0,0,0,1,61,1,0,72.91,4434.01,0,1,0,0,0,0,0,0,0,0,0,1,0,0,0,0,1,0,0,1,0
1,0,1,1,4,1,1,104.63,415.97,0,0,0,1,1,0,1,0,1,0,1,0,1,0,1,0,0,0,0,1,0
1,0,1,0,48,1,0,110.71,5307.42,0,1,0,0,0,1,0,1,0,0,0,0,0,0,0,1,0,0,0,0,1
1,0,1,1,43,1,1,44.97,1923.96,0,0,0,1,1,0,1,0,1,0,1,0,1,0,1,0,0,0,0,0,0
1,0,1,1,23,1,1,86.52,1979.85,0,0,1,0,1,0,1,0,1,0,0,0,0,0,0,0,0,0,0,0,1
1,0,0,0,59,1,1,87.05,5132.63,0,0,0,1,1,0,1,0,1,0,1,0,1,0,1,0,0,0,0,1,0
0,0,0,1,55,1,0,102.13,5602.37,0,0,1,0,0,0,0,0,0,1,0,0,0,1,0,0,0,0,0,0,0
0,1,0,0,30,0,0,24.01,719.06,1,0,0,1,1,0,1,0,1,0,1,0,1,0,1,0,0,0,0,1,0
1,0,0,0,2,1,0,67.72,133.47,0,0,0,0,0,0,0,0,0,0,0,0,0,0,0,1,0,0,0,1,0
0,0,0,0,25,1,1,70.86,1757.88,0,1,1,0,0,0,0,0,0,0,0,1,0,0,0,0,0,0,0,0,1
0,1,1,1,3,0,1,93.3,285.69,1,0,1,0,0,0,0,1,0,0,0,0,0,0,0,1,0,0,0,0,1
1,0,0,0,17,1,0,40.67,712.61,0,1,1,0,1,0,0,0,0,1,0,0,0,1,0,1,1,0,0,0,0
1,0,0,0,7,1,1,28.53,191.4,0,1,1,0,0,0,0,1,0,0,0,1,0,0,0,0,1,0,0,1,0
0,0,0,0,6,1,0,76.59,472.42,1,0,1,0,0,0,0,0,0,1,0,0,0,1,0,0,0,1,1,0,0
1,0,1,0,31,1,0,29.9,931.07,0,0,0,0,0,1,0,1,0,0,0,0,0,0,1,0,0,0,0,0,1
1,0,0,1,38,1,1,41.9,1586.97,0,1,0,0,0,0,1,0,0,0,0,0,0,1,1,0,0,0,1,0,0
0,0,0,0,53,1,1,108.78,5756.27,0,0,1,0,0,0,0,1,0,0,0,0,0,1,0,1,0,0,0,0,0
1,0,0,0,55,1,0,29.07,1605.6,0,0,1,0,0,0,0,1,0,0,0,0,0,0,0,1,1,0,0,1,0
0,0,0,0,56,0,1,87.38,4904.9,1,0,1,0,0,0,0,1,0,0,0,1,0,0,0,0,0,1,0,0,1
1,0,0,0,42,1,0,74.19,3119.37,0,0,0,1,1,0,1,0,1,0,1,0,1,0,1,0,0,1,1,0,0
1,1,1,0,23,1,0,55.47,1271.48,0,1,0,0,0,0,0,0,0,1,0,0,0,0,1,0,0,1,0,1,0
0,0,1,1,20,1,0,97.88,1954.67,0,0,1,0,0,1,0,1,0,0,0,0,0,0,0,0,1,0,0,0,1
0,0,1,0,13,1,0,103.15,1337.17,0,0,1,0,0,0,1,0,0,0,0,0,0,1,0,1,0,0,0,0,1
1,0,0,1,8,1,0,106.87,847.71,0,1,0,0,1,0,0,0,0,0,0,0,0,0,0,0,0,0,1,0,0
1,0,1,0,39,1,0,45.82,1777.95,0,0,0,0,0,1,0,1,0,0,0,0,0,0,0,0,0,0,1,0,0
0,0,1,1,3,1,1,62.28,191.16,0,1,0,0,0,0,0,0,0,0,0,0,0,0,0,1,0,1,1,0,0
1,0,0,1,50,1,0,89.16,4466.8,0,1,1,0,0,1,0,0,0,0,0,1,0,1,0,0,0,0,0,0,0
0,1,1,0,32,1,1,97.48,3126.91,0,1,0,0,0,0,1,0,0,0,0,0,0,1,0,0,0,0,1,0,0
1,1,0,0,22,1,1,31.1,680.86,0,0,0,0,0,1,0,1,1,0,0,0,0,0,0,1,1,0,0,1,0
0,1,0,0,36,1,1,86.85,3117.42,0,0,0,0,0,0,0,0,1,0,0,1,0,1,0,0,1,0,0,0,1
1,0,1,0,17,1,0,60.56,1029.43,0,0,0,1,1,0,1,0,1,0,1,0,1,0,1,0,0,0,0,0,0
0,0,0,0,69,1,0,114.77,7927.26,0,1,1,0,0,0,0,0,0,0,0,1,0,1,0,1,1,0,0,0,1
1,0,0,1,8,0,1,76.5,611.98,1,0,1,0,0,1,1,0,0,0,0,1,0,0,0,0,0,0,1,0,0
1,0,0,1,45,1,1,99.98,4490.47,0,1,1,0,0,0,0,1,0,0,0,1,0,0,0,1,0,0,0,0,0
0,0,1,0,34,1,0,49.56,1686.33,0,0,0,1,1,0,1,0,1,0,1,0,1,0,1,0,0,0,0,1,0
1,0,1,0,33,1,1,58.24,1917.95,0,1,0,1,1,0,1,0,1,0,1,0,1,0,1,0,0,0,0,1,0
1,0,0,1,6,1,1,105.52,611.49,0,0,0,0,0,1,0,0,1,0,1,0,0,1,0,0,1,0,1,0,0
0,0,1,1,16,1,0,107.63,1721.96,0,1,1,0,0,0,0,0,0,1,0,1,0,0,0,0,1,0,0,0,1
1,0,1,0,11,1,1,80.71,889.73,0,0,1,0,0,0,0,0,0,0,0,0,0,0,0,0,0,0,0,0,0
0,0,1,0,23,1,0,42.93,986.07,0,0,1,0,0,1,1,0,0,1,0,1,0,0,0,1,1,0,0,0,1
1,0,0,0,53,1,0,114.34,6047.79,0,0,0,0,0,0,0,0,0,0,0,0,0,0,0,0,1,0,1,0,0
1,0,1,0,11,0,1,106.41,1186.16,1,0,0,0,0,0,0,1,0,0,0,1,0,0,0,0,0,1,0,0,0
1,0,0,0,5,1,0,44.32,235.07,0,1,1,0,0,0,0,0,1,0,0,0,0,0,0,1,0,1,0,0,0
1,0,0,0,61,1,1,111.16,6785.12,0,1,0,1,1,0,1,0,1,0,1,0,1,0,1,0,1,0,0,0,1
1,0,1,0,67,1,0,116.25,7789.63,0,0,0,0,0,0,0,1,0,0,0,0,0,1,0,0,0,0,0,1,0
1,0,0,0,65,1,0,117.17,7613.09,0,0,0,0,0,0,1,0,0,1,0,1,0,1,0,0,0,0,1,0,0
0,0,0,1,2,1,0,32.29,67.09,0,0,0,0,0,0,0,0,0,0,0,0,0,0,0,0,0,0,0,0,0
1,0,1,0,32,1,0,30.9,994.81,0,1,0,0,0,1,0,0,0,0,0,0,0,0,0,1,1,0,0,0,0
1,0,0,0,68,1,0,22.17,1506.68,0,1,1,0,0,0,0,0,0,1,0,0,0,0,0,1,0,0,0,0,1
0,0,0,0,9,1,0,110.62,986.89,0,0,1,0,1,0,0,0,1,0,0,0,0,0,0,1,0,0,0,0,1
0,0,1,1,36,1,1,30.31,1080.61,1,0,1,0,0,0,0,1,0,0,0,0,0,0,0,0,0,0,0,0,0
0,0,0,0,60,1,1,50.49,3022.3,0,0,0,0,0,1,0,0,0,0,0,0,0,0,1,0,0,1,0,0,1
0,0,0,0,65,0,0,56.55,3674.34,1,0,1,0,0,0,0,0,0,1,0,1,1,0,1,0,0,1,1,0,0
0,0,0,0,66,1,0,46.0,3053.33,0,1,1,0,0,0,0,0,1,0,0,1,1,0,0,1,0,0,0,1,0
1,0,0,1,22,1,0,73.16,1617.89,0,0,1,0,1,0,0,0,0,0,0,1,0,0,0,0,0,1,0,1,0
0,0,0,0,61,1,1,41.51,2532.62,1,0,0,0,0,0,0,1,0,0,0,0,0,0,0,0,0,0,0,1,0
1,0,0,0,61,1,1,23.82,1453.15,0,0,0,0,1,0,0,0,0,0,0,0,0,0,0,0,0,0,0,0,1
0,0,1,0,59,1,1,63.04,3711.31,0,0,0,0,0,0,0,0,1,0,0,0,0,1,0,1,0,0,0,0,0
0,0,1,0,15,1,0,59.23,893.83,0,0,0,1,1,0,1,0,1,0,1,0,1,0,1,0,1,0,1,0,0
1,0,0,0,28,1,1,106.93,2993.33,0,0,0,0,0,0,0,1,0,0,0,0,0,1,0,1,0,0,1,0,0
1,0,0,0,14,1,0,97.37,1363.57,1,0,1,0,0,0,0,1,0,0,0,0,0,1,0,0,1,0,0,1,0
1,0,0,0,68,1,1,36.26,2469.51,0,0,0,0,0,0,0,0,0,0,0,1,0,0,0,0,0,0,0,1,0
1,0,0,0,50,1,1,50.03,2503.79,0,0,0,1,1,0,1,0,1,0,1,0,1,0,1,0,0,0,0,0,1
1,0,1,0,13,1,0,51.09,666.98,0,0,0,0,0,1,0,0,0,0,0,1,0,1,0,0,1,0,0,0,0
1,0,0,0,27,1,0,58.94,1592.01,0,0,1,0,0,0,0,0,0,1,0,0,0,1,0,0,1,0,0,1,0
1,0,0,0,38,0,1,21.51,807.04,1,0,0,1,1,0,1,0,1,0,1,0,1,0,1,0,0,1,0,1,0
0,0,0,0,69,1,1,45.46,3114.64,0,0,0,0,0,0,0,0,0,1,0,0,0,0,0,0,0,0,1,0,0
0,0,1,0,8,1,1,55.28,439.68,0,1,1,0,0,1,0,1,0,0,0,0,0,0,0,0,0,1,1,0,0
1,0,1,0,10,1,1,98.62,970.61,0,0,0,0,0,0,0,0,0,0,0,0,0,0,0,0,0,0,0,0,0
1,0,0,0,2,1,1,30.5,61.97,0,1,0,0,0,0,1,0,0,0,1,0,0,1,0,1,0,1,0,0,0
1,0,0,0,45,1,1,33.05,1471.93,0,0,0,1,1,0,1,0,1,0,1,0,1,0,1,0,0,0,1,0,0
0,1,1,0,62,1,0,80.51,4990.96,0,1,1,0,0,0,0,0,0,0,0,1,0,0,0,0,1,0,0,0,0
0,0,0,0,51,1,1,110.26,5637.3,0,1,0,0,0,0,0,0,0,0,0,0,0,0,0,0,1,0,1,0,0
1,0,1,0,1,1,0,30.95,25.23,0,0,0,0,0,1,1,0,0,0,0,0,0,0,0,1,0,0,1,0,0
0,0,0,0,16,0,0,76.84,1230.9,1,0,0,1,1,0,1,0,1,0,1,0,1,0,1,0,1,0,1,0,0
0,1,1,0,10,1,0,88.04,891.26,0,0,0,0,0,0,0,0,0,0,0,0,0,0,0,0,0,0,0,0,0
0,0,1,0,18,1,1,71.34,1275.12,0,1,0,1,1,0,1,0,1,0,1,0,1,0,1,0,1,0,0,0,0
1,0,0,0,44,1,1,69.45,3048.07,0,1,1,0,0,1,0,0,1,0,0,0,0,0,0,0,0,0,0,0,0
1,0,1,0,33,1,1,46.41,1535.58,0,0,0,0,0,0,0,0,0,0,0,0,0,0,0,1,0,0,1,0,0
0,0,0,1,26,0,1,28.45,725.13,1,0,1,0,0,0,1,0,0,0,0,0,0,1,0,0,0,1,0,0,0
1,0,1,0,46,1,0,36.82,1690.2,0,0,1,0,0,0,0,0,1,0,0,1,0,0,0,0,1,0,0,0,0
0,0,1,1,59,1,1,45.27,2678.51,0,0,1,0,0,1,0,0,0,1,0,0,1,0,0,0,0,0,0,0,0
0,0,0,0,61,1,1,112.12,6850.94,0,0,0,1,1,0,1,0,1,0,1,0,1,0,1,0,0,0,1,0,0
1,0,1,0,13,0,1,115.73,1510.35,1,0,1,0,0,1,1,0,0,0,0,0,0,0,0,0,0,0,1,0,0
0,0,1,0,69,1,1,42.94,2945.58,0,0,1,0,0,0,0,0,0,0,0,1,0,0,0,0,0,0,0,1,0
1,0,1,0,41,1,0,97.57,3995.44,0,0,0,0,0,0,0,0,0,0,0,0,0,1,0,0,0,1,0,0,1
1,0,1,0,61,1,1,33.48,2029.02,0,0,1,0,0,1,0,0,0,0,0,0,0,0,0,1,0,0,1,0,0
0,1,0,0,25,1,1,103.76,2585.59,0,1,1,0,0,0,0,0,0,0,0,1,0,0,0,1,0,1,1,0,0
1,0,0,0,31,1,0,77.06,2391.34,0,0,1,0,0,0,0,0,1,0,1,0,0,0,0,0,0,1,0,0,0
1,0,0,1,41,1,0,105.25,4297.0,0,0,1,0,0,1,0,1,0,1,0,1,0,0,0,1,0,0,0,0,0
0,0,0,1,1,1,1,76.8,75.25,1,0,0,0,0,0,0,0,0,0,0,0,1,0,0,0,0,0,0,0,0
0,1,0,0,22,1,1,115.71,2531.22,0,0,0,1,1,0,1,0,1,0,1,0,1,0,1,0,0,0,0,0,0
0,0,0,1,43,1,0,117.24,5051.08,0,1,0,0,0,0,0,0,0,0,0,0,0,0,0,1,1,0,1,0,0
1,0,0,1,39,0,1,67.52,2639.58,1,0,0,1,1,0,1,0,1,0,1,0,1,0,1,0,0,0,0,1,0
0,0,0,0,12,1,0,85.4,1031.84,0,1,0,1,1,0,1,0,1,0,1,0,1,0,1,0,0,0,0,1,0
1,0,1,0,60,1,1,30.64,1843.82,0,0,0,1,1,0,1,0,1,0,1,0,1,0,1,0,0,0,0,0,1
0,0,0,1,62,1,0,26.7,1654.66,0,1,0,1,1,0,1,0,1,0,1,0,1,0,1,0,1,0,0,0,1
1,0,1,0,21,1,0,69.08,1465.7,0,1,0,0,0,0,0,0,0,0,1,0,0,0,0,0,1,0,0,0,0
0,1,0,0,50,0,0,34.78,1732.3,1,0,0,0,1,0,1,0,0,1,0,1,0,0,0,1,1,0,0,0,0
0,1,1,0,15,1,0,43.62,624.9,0,0,0,0,0,0,1,0,0,0,0,0,0,1,0,0,0,0,0,0,0
1,0,0,0,66,1,1,47.19,3131.56,0,0,0,1,1,0,1,0,1,0,1,0,1,0,1,0,0,1,0,0,1
1,0,1,0,40,1,1,95.53,3818.99,1,0,1,0,0,1,0,1,1,0,0,0,0,0,0,1,1,0,0,0,1
0,0,1,0,6,1,0,82.48,498.79,0,0,0,0,0,0,0,0,0,0,0,1,1,0,0,0,1,0,1,0,0
1,0,1,1,11,1,0,118.75,1315.75,0,0,1,0,0,0,0,0,0,0,0,0,0,0,0,1,0,0,0,0,0
1,0,1,0,53,1,0,56.6,3001.75,0,0,0,1,1,0,1,0,1,0,1,0,1,0,1,0,0,0,1,0,0
0,0,1,0,10,1,1,59.76,602.22,0,1,0,0,0,0,0,1,0,1,1,0,0,0,0,0,0,0,0,0,0
0,1,0,0,46,1,0,90.41,4146.14,0,1,1,0,0,0,0,0,0,1,0,0,0,1,0,0,0,0,0,0,0
1,0,1,1,65,0,1,66.27,4317.18,1,0,1,0,0,0,0,0,0,0,1,0,0,1,0,0,0,0,1,0,0
1,0,0,1,52,0,0,94.52,4920.57,1,0,0,0,0,1,0,1,0,0,1,0,0,1,0,0,0,0,1,0,0
1,0,0,0,53,1,1,99.88,5291.9,0,0,0,0,0,1,0,1,0,0,0,1,0,1,0,0,0,0,1,0,0
1,0,1,1,45,1,1,24.37,1083.68,0,0,0,0,0,1,0,1,1,0,0,0,0,0,0,1,1,0,0,0,0
1,0,0,0,35,1,1,67.73,2382.52,0,0,0,1,1,0,1,0,1,0,1,0,1,0,1,0,0,0,0,0,0
1,0,0,0,60,0,0,60.85,3657.85,1,0,0,0,0,0,1,0,0,1,0,0,0,0,0,1,1,0,0,0,1
1,0,1,0,52,0,0,20.51,1065.11,1,0,0,0,0,0,0,1,0,0,0,0,0,0,0,1,0,0,0,0,1
1,0,1,1,2,0,0,76.63,159.92,1,0,1,0,0,0,0,0,1,0,0,0,0,0,0,0,0,0,0,0,1
0,0,0,0,30,1,1,72.26,2182.26,0,1,0,1,1,0,1,0,1,0,1,0,1,0,1,0,0,0,0,0,1
0,0,1,0,33,1,1,98.77,3261.58,0,0,1,0,1,0,0,0,0,1,0,0,0,0,1,0,0,0,0,1,0
1,0,1,1,9,1,0,27.18,259.77,0,0,1,0,0,0,0,0,0,0,0,0,0,0,0,0,0,0,1,0,0
1,1,0,0,0,1,0,39.62,0.0,0,0,0,1,1,0,1,0,1,0,1,0,1,0,1,0,0,0,0,1,0
0,1,0,1,68,1,0,52.1,3554.55,0,1,0,0,0,1,0,0,0,0,1,0,0,0,0,0,0,1,0,0,0
0,0,1,0,0,1,1,107.18,0.0,0,0,1,0,0,1,1,0,0,1,0,1,0,0,0,1,1,0,0,1,0
1,0,1,1,36,1,1,76.04,2744.62,0,0,0,0,0,0,0,0,0,0,1,0,0,1,0,0,0,0,1,0,0
0,0,0,1,64,1,0,91.81,5886.27,0,1,1,0,0,1,1,0,0,0,0,1,1,0,1,0,0,0,0,0,1
1,0,1,0,26,1,1,35.36,915.95,0,1,0,1,1,0,1,0,1,0,1,0,1,0,1,0,0,0,1,0,0
0,0,0,0,41,1,0,61.88,2544.0,0,0,0,0,0,0,0,0,0,0,0,0,1,0,0,0,0,0,1,0,0
1,1,1,1,60,1,1,87.26,5231.15,0,0,0,0,1,0,0,1,1,0,0,0,0,1,1,0,1,0,0,0,1
0,0,1,1,57,1,1,61.87,3523.06,0,1,1,0,0,0,0,0,0,0,0,0,0,0,0,1,0,1,0,0,1
0,0,0,0,46,1,1,116.85,5383.54,0,1,1,0,0,0,1,0,0,0,0,0,1,0,0,1,0,1,0,0,0
1,0,1,0,21,1,0,88.89,1870.81,0,0,1,0,0,1,0,0,0,0,0,0,0,1,0,1,0,1,0,1,0
0,0,1,1,25,1,1,32.62,805.33,0,1,0,0,0,1,0,0,0,0,0,0,0,0,0,1,0,0,0,0,1
1,0,0,0,27,1,1,83.73,2255.52,0,0,0,0,1,0,0,1,0,0,0,0,0,0,0,0,0,0,1,0,0
1,0,0,0,37,1,1,56.72,2093.63,0,0,0,0,0,1,0,0,0,1,0,0,0,0,0,0,0,1,0,0,0
1,1,1,0,47,1,1,55.43,2618.76,0,1,0,1,1,0,1,0,1,0,1,0,1,0,1,0,1,0,0,0,0
0,1,0,0,7,1,1,72.53,493.9,0,1,0,0,0,0,0,1,0,0,1,0,0,0,0,0,0,0,1,0,0
0,0,1,0,61,1,0,106.93,6529.91,0,0,0,1,1,0,1,0,1,0,1,0,1,0,1,0,1,0,0,1,0
0,0,1,1,9,1,0,21.16,189.29,0,1,1,0,1,0,0,0,0,0,1,0,0,0,0,0,0,1,0,1,0
1,1,0,0,20,1,1,30.81,625.67,0,1,0,1,1,0,1,0,1,0,1,0,1,0,1,0,0,1,0,0,0
0,0,1,0,28,1,0,47.79,1337.92,0,0,0,0,0,1,0,1,0,1,0,0,0,0,1,0,0,1,0,0,1
1,1,0,0,10,1,1,44.64,451.47,0,0,1,0,0,0,0,1,0,1,0,1,0,1,0,0,0,1,1,0,0
1,0,0,0,10,0,1,34.04,336.35,1,0,0,0,0,0,0,0,0,1,0,1,0,1,0,0,0,0,0,1,0
0,0,0,0,30,1,1,58.63,1744.95,1,0,0,0,0,0,0,0,0,0,0,0,0,0,0,0,0,1,0,0,0
0,0,1,1,6,1,1,106.69,650.03,0,1,1,0,0,1,1,0,0,0,0,0,0,0,0,0,0,1,1,0,0
1,0,1,0,0,1,0,60.81,0.0,0,1,0,0,0,1,0,1,0,0,0,1,0,1,0,0,0,0,0,0,0
1,0,0,1,42,1,0,57.22,2397.3,0,0,1,0,0,1,0,0,0,1,0,1,0,0,0,0,0,0,0,0,1
0,1,1,0,36,1,1,96.05,3454.57,0,1,1,0,0,1,0,1,0,0,0,0,0,0,0,1,1,0,0,1,0
0,1,1,0,54,1,1,107.65,5831.85,0,1,0,1,1,0,1,0,1,0,1,0,1,0,1,0,0,0,0,1,0
0,0,1,0,38,0,1,25.92,982.88,1,0,0,1,1,0,1,0,1,0,1,0,1,0,1,0,0,0,0,0,1
0,0,1,0,41,1,0,31.5,1286.03,0,1,1,0,0,1,0,0,0,0,0,1,0,1,0,0,0,1,1,0,0
0,0,0,0,23,1,1,32.25,739.07,0,1,0,0,0,0,0,0,0,0,0,1,1,0,0,1,0,0,0,0,1
0,0,1,0,55,1,0,73.64,4079.23,0,0,1,0,0,0,0,0,0,0,0,0,0,1,0,0,0,0,0,0,1
0,0,1,1,46,1,1,117.12,5394.44,0,0,0,0,0,0,0,0,0,0,0,0,0,1,0,1,0,0,0,0,0
0,1,0,1,26,1,0,31.0,801.03,0,0,0,1,1,0,1,0,1,0,1,0,1,0,1,0,0,0,0,1,0
1,0,1,0,5,1,0,110.17,547.34,0,0,0,0,0,0,0,0,0,0,0,0,0,1,0,0,0,1,0,0,0
0,0,0,0,2,1,1,77.39,154.63,0,0,0,1,1,0,1,0,1,0,1,0,1,0,1,0,0,0,0,0,1
1,0,1,0,44,1,0,40.5,1772.92,0,1,1,0,0,0,0,1,0,1,0,1,0,0,0,0,0,1,0,0,0
0,0,0,0,22,1,0,81.87,1801.34,0,0,0,0,0,1,0,0,0,0,0,0,0,1,0,0,0,0,0,1,0
1,0,0,0,39,1,0,90.94,3542.33,1,0,0,1,1,0,1,0,1,0,1,0,1,0,1,0,0,1,0,1,0
0,0,0,0,14,1,1,31.78,439.46,0,0,0,1,1,0,1,0,1,0,1,0,1,0,1,0,0,1,0,0,1
0,0,1,0,9,1,1,45.39,414.23,0,0,0,0,0,0,0,1,0,0,1,0,0,1,0,1,0,0,0,0,1
0,0,0,0,0,1,0,45.66,0.0,0,0,1,0,1,0,0,1,1,0,0,0,0,0,0,1,0,1,0,0,0
0,0,1,1,17,1,0,63.51,1080.6,0,1,0,0,0,0,0,0,0,0,0,0,0,1,0,1,1,0,0,0,0
0,0,0,0,4,1,1,49.79,197.28,0,0,0,0,0,1,0,1,0,1,0,1,0,0,0,0,0,0,0,0,1
0,0,0,1,55,1,1,87.67,4832.61,0,1,0,0,0,1,1,0,0,1,0,0,0,1,0,0,0,1,0,1,0
0,0,0,0,53,1,1,64.91,3440.44,0,0,1,0,0,0,0,1,0,1,0,0,0,0,0,0,0,1,0,0,0
1,0,1,0,54,1,0,114.66,6196.9,0,1,1,0,0,0,0,0,0,0,0,0,0,0,0,0,0,0,0,1,0
0,0,1,1,19,1,1,20.76,389.24,1,0,1,0,0,1,0,0,1,0,0,1,0,0,0,0,1,0,0,0,0
1,0,0,0,12,1,1,89.58,1047.5,0,1,0,0,0,0,0,0,0,0,0,0,0,0,0,0,0,1,0,1,0
0,0,0,0,31,1,1,77.35,2390.78,0,0,0,0,0,0,0,0,0,1,0,0,0,0,0,0,0,0,1,0,0
1,0,0,0,42,1,1,71.9,3017.66,0,1,0,1,1,0,1,0,1,0,1,0,1,0,1,0,0,1,0,0,1
0,0,0,0,4,1,1,61.63,232.52,0,1,0,0,0,0,0,1,0,0,0,1,0,1,0,1,0,0,1,0,0
0,0,1,0,19,1,0,30.77,578.35,0,0,1,0,0,0,0,0,0,0,0,0,0,0,0,0,0,0,0,0,1
1,1,1,0,67,1,0,108.8,7293.06,0,0,0,0,0,0,0,0,0,0,0,0,0,0,0,1,0,0,0,0,1
1,0,1,0,17,1,0,64.68,1105.2,1,0,1,0,0,0,0,0,0,0,0,0,0,0,0,1,1,0,0,1,0
0,0,1,0,9,1,0,60.63,550.92,0,0,1,0,1,0,0,1,0,1,0,1,0,0,0,0,0,0,1,0,0
0,0,1,0,70,1,1,86.44,6045.85,0,0,0,1,1,0,1,0,1,0,1,0,1,0,1,0,1,0,1,0,0
0,0,0,0,5,1,0,23.16,118.52,0,0,0,0,0,0,0,1,0,0,0,0,0,0,0,0,0,1,0,0,1
0,0,0,0,56,1,1,58.61,3288.96,0,0,0,1,1,0,1,0,1,0,1,0,1,0,1,0,0,0,0,0,1
1,0,0,0,52,1,1,56.78,2953.78,1,0,1,0,0,1,0,0,0,0,0,0,0,1,0,1,0,0,1,0,0
0,0,0,0,10,1,0,37.04,372.61,0,0,0,1,1,0,1,0,1,0,1,0,1,0,1,0,1,0,0,0,0
0,0,1,0,29,1,1,81.1,2369.57,0,1,0,0,1,0,0,1,0,0,1,0,0,0,0,0,0,0,0,0,0
0,0,0,0,55,1,0,77.23,4234.1,0,0,1,0,0,0,0,0,0,1,0,0,0,0,0,0,0,0,0,0,0
0,1,0,0,2,1,0,68.65,139.79,0,1,0,1,1,0,1,0,1,0,1,0,1,0,1,0,0,0,0,1,0
0,0,0,0,53,0,0,84.26,4459.2,1,0,0,0,0,1,0,1,0,1,0,0,0,1,0,0,0,1,0,0,1
0,1,1,0,18,1,0,70.52,1253.0,0,1,1,0,0,0,1,0,0,0,0,0,0,1,0,0,0,1,0,1,0
1,0,0,0,38,1,0,107.14,4073.53,0,0,0,1,1,0,1,0,1,0,1,0,1,0,1,0,1,0,0,1,0
1,0,1,1,40,1,1,82.3,3274.39,0,0,0,0,0,0,0,0,0,1,0,0,0,0,0,1,0,1,1,0,0
0,0,0,0,58,1,0,45.11,2601.65,0,0,0,0,0,1,0,0,0,0,0,1,0,0,0,1,0,0,0,0,1
1,0,1,1,53,1,0,21.86,1155.69,0,0,0,0,0,0,0,0,0,1,0,0,0,0,0,0,0,0,0,0,0
0,0,0,0,52,1,1,38.68,2016.13,0,0,1,0,0,0,0,0,1,0,0,0,0,0,1,0,0,0,1,0,0
1,0,1,0,26,0,1,115.71,3014.75,1,0,0,1,1,0,1,0,1,0,1,0,1,0,1,0,0,0,1,0,0
0,0,0,0,30,1,0,116.3,3493.83,0,0,0,0,0,0,0,0,1,0,0,1,1,0,0,0,1,0,0,0,0
1,0,0,1,60,1,1,36.19,2167.87,0,0,0,0,0,1,1,0,0,1,0,1,0,0,1,0,0,0,0,0,1
1,0,0,0,0,1,1,68.72,5.85,0,1,0,0,0,0,0,0,0,1,0,0,0,1,0,0,0,0,0,0,1
0,0,1,0,43,1,0,66.4,2852.94,0,1,0,1,1,0,1,0,1,0,1,0,1,0,1,0,0,1,0,0,1
0,0,0,0,42,1,1,56.31,2371.58,0,0,0,0,1,0,0,0,0,1,0,1,0,1,0,0,0,0,0,1,0
1,0,0,0,59,1,0,105.08,6195.86,0,0,1,0,0,1,0,1,1,0,0,0,0,1,0,1,0,0,0,0,0
1,0,0,0,10,1,1,73.25,732.88,1,0,0,0,0,0,0,0,0,0,0,0,0,0,0,0,0,0,1,0,0
1,0,1,1,38,1,0,33.85,1282.11,0,1,1,0,0,1,0,0,1,0,0,0,1,0,0,0,0,1,0,0,0
0,0,0,1,49,1,1,53.3,2616.76,0,0,1,0,0,0,0,1,0,0,0,0,0,1,0,0,0,0,0,0,0
0,0,1,1,18,1,1,91.97,1675.21,0,1,0,0,0,0,0,0,0,0,0,0,0,1,0,0,0,0,0,0,1
1,0,1,1,25,1,1,47.25,1185.6,0,0,1,0,0,1,0,0,0,1,0,0,0,0,0,0,0,0,0,1,0
1,0,0,1,25,0,1,61.66,1558.13,1,0,0,0,0,0,0,1,0,0,0,0,1,0,0,1,0,1,0,0,1
1,0,0,0,56,1,0,109.85,6152.7,1,0,0,0,0,1,0,0,0,0,0,1,0,1,0,1,0,1,0,0,1
0,0,1,0,48,1,1,109.38,5268.55,0,1,0,0,1,0,0,0,0,1,0,0,0,0,0,0,0,0,0,0,0
1,0,0,0,37,1,0,23.82,885.12,0,0,1,0,0,0,0,0,0,0,0,1,0,1,0,1,0,0,0,0,1
0,0,0,0,18,1,1,73.77,1324.69,0,1,0,1,1,0,1,0,1,0,1,0,1,0,1,0,0,0,0,0,1
0,0,1,0,13,1,1,34.97,447.81,0,1,0,1,1,0,1,0,1,0,1,0,1,0,1,0,1,0,0,0,1
1,0,1,1,31,0,1,97.26,3000.75,1,0,0,1,1,0,1,0,1,0,1,0,1,0,1,0,0,1,0,0,0
1,0,1,1,62,1,1,58.3,3612.5,0,0,0,1,1,0,1,0,1,0,1,0,1,0,1,0,0,0,1,0,0
0,0,0,0,60,1,0,61.42,3683.57,0,0,1,0,0,1,1,0,0,0,0,0,0,1,0,0,0,0,1,0,0
1,0,1,0,47,1,0,73.98,3481.24,0,1,1,0,0,0,0,0,0,0,0,1,0,0,0,0,0,0,0,1,0
0,0,1,1,21,1,0,57.12,1199.98,0,0,1,0,1,0,0,0,0,1,0,0,0,1,0,0,0,0,0,0,0
1,0,0,0,25,1,1,36.02,895.78,0,1,0,0,0,1,0,0,0,0,0,0,0,0,0,1,0,0,1,0,0
0,0,0,1,32,1,0,86.68,2769.35,0,1,0,0,0,1,1,0,0,0,0,0,0,0,0,1,0,0,0,1,0
0,0,1,1,9,0,0,84.04,753.86,1,0,0,1,1,0,1,0,1,0,1,0,1,0,1,0,1,0,0,0,1
1,1,0,0,27,1,0,105.76,2856.36,0,1,0,1,1,0,1,0,1,0,1,0,1,0,1,0,0,0,0,1,0
0,1,1,0,42,1,1,98.37,4151.14,0,0,0,0,0,1,0,0,0,0,0,1,1,0,0,0,0,1,0,0,0
1,1,0,0,22,1,0,44.76,1002.4,0,0,0,1,1,0,1,0,1,0,1,0,1,0,1,0,0,0,0,0,1
0,0,1,0,48,1,1,69.13,3312.38,0,1,0,0,0,1,0,0,0,0,0,0,0,0,0,1,0,0,0,0,0
0,0,0,0,8,1,1,23.84,176.03,0,0,1,0,0,0,0,1,0,0,0,0,1,0,0,1,0,1,0,0,0
0,0,0,1,45,1,1,52.72,2369.2,0,1,0,0,1,0,0,0,0,0,0,0,0,0,0,0,0,1,0,0,0
0,1,1,1,4,1,1,112.96,444.88,0,0,0,0,0,0,0,0,0,1,0,1,0,1,0,0,0,0,0,0,0
1,0,1,1,29,1,1,49.11,1433.12,0,1,1,0,0,0,0,1,0,1,0,0,0,0,0,0,0,0,0,1,0
1,0,0,0,67,1,1,31.7,2127.54,0,0,0,0,1,0,0,0,0,0,0,1,0,1,1,0,0,0,0,0,1
0,0,1,0,37,1,0,109.46,4058.23,1,0,0,1,1,0,1,0,1,0,1,0,1,0,1,0,0,1,0,0,1
1,0,1,1,29,1,1,80.97,2351.98,0,0,0,0,0,0,0,0,0,0,0,0,0,0,1,0,0,0,0,0,1
0,0,1,1,64,0,1,20.08,1275.3,1,0,0,0,0,0,1,0,1,0,0,1,1,0,0,0,0,0,0,0,1
1,0,1,0,72,1,1,32.97,2375.01,0,0,1,0,0,1,0,0,0,0,0,0,0,0,0,0,0,1,0,1,0
0,0,1,0,13,1,0,92.75,1204.06,1,0,0,0,0,0,0,0,0,0,0,0,0,1,0,1,0,1,1,0,0
1,0,1,1,5,1,1,63.49,317.49,0,0,1,0,0,0,0,1,0,0,0,1,0,0,0,1,0,0,0,0,1
0,0,0,1,32,1,0,81.9,2613.62,0,0,0,0,0,0,0,1,1,0,0,0,0,0,0,0,0,0,1,0,0
0,0,1,0,30,1,1,95.61,2877.16,0,1,0,0,0,1,0,1,0,0,0,0,0,1,0,0,1,0,0,0,1
0,0,0,1,1,0,0,40.81,41.98,1,0,0,0,1,0,0,0,1,0,0,1,1,0,0,0,0,0,1,0,0
1,0,1,0,8,1,0,103.39,835.08,0,1,0,0,1,0,0,1,0,1,0,0,0,0,0,0,0,0,1,0,0
1,0,1,0,42,1,0,38.73,1633.58,0,0,0,1,1,0,1,0,1,0,1,0,1,0,1,0,1,0,0,0,1
0,0,1,0,63,1,1,63.4,4002.03,1,0,0,0,0,0,0,1,0,0,0,0,0,1,0,1,1,0,1,0,0
0,0,0,0,44,1,0,42.53,1869.81,0,0,1,0,0,0,0,1,0,0,1,0,1,0,0,0,0,1,1,0,0
1,0,1,0,31,1,1,62.62,1940.57,0,0,1,0,0,0,0,0,0,1,0,0,0,1,0,1,0,0,1,0,0
1,0,0,1,63,0,0,45.15,2847.03,1,0,1,0,0,0,1,0,0,1,0,1,1,0,0,1,1,0,1,0,0
0,0,1,0,36,1,1,102.19,3688.01,1,0,0,1,1,0,1,0,1,0,1,0,1,0,1,0,0,0,1,0,0
0,0,1,0,57,1,1,66.83,3794.01,1,0,0,1,1,0,1,0,1,0,1,0,1,0,1,0,0,0,0,0,1
1,0,0,0,9,1,1,55.89,498.72,0,1,0,0,0,1,0,0,0,1,0,0,0,0,0,0,0,0,0,0,0
1,0,1,0,47,0,0,59.62,2803.12,1,0,1,0,0,1,0,1,0,0,0,0,0,0,0,0,0,0,0,0,1
1,0,0,0,39,1,0,74.62,2918.71,0,1,1,0,0,0,1,0,0,0,0,0,0,1,0,0,0,0,0,1,0
1,1,1,1,28,1,0,99.11,2778.17,0,0,0,0,0,0,0,0,0,0,0,0,0,1,0,0,0,0,0,0,0
0,0,1,0,27,1,1,53.05,1422.43,0,1,1,0,0,0,0,1,0,0,0,1,0,0,0,1,0,0,0,1,0
0,1,0,0,69,1,0,92.13,6373.7,0,0,0,0,0,1,0,0,0,0,0,1,0,1,0,0,0,1,0,0,1
1,0,1,0,45,1,0,45.93,2057.56,0,1,0,0,0,0,0,1,0,0,0,1,0,0,0,0,0,0,0,0,1
0,1,0,1,21,1,0,100.68,2101.41,0,0,0,1,1,0,1,0,1,0,1,0,1,0,1,0,0,1,0,0,0
0,1,1,0,19,1,0,28.89,542.76,0,0,1,0,0,0,0,0,0,1,0,1,0,1,0,0,1,0,0,1,0
0,0,1,1,35,1,1,55.59,1941.2,0,0,1,0,0,1,0,0,0,1,0,0,0,1,0,0,0,0,1,0,0
1,0,0,1,30,1,0,80.83,2427.53,0,0,1,0,0,0,0,0,0,1,1,0,0,0,0,1,1,0,0,0,0
0,0,1,1,20,1,1,84.01,1679.51,0,0,1,0,0,1,0,1,1,0,0,0,0,1,0,0,0,1,0,0,1
0,1,1,0,66,1,0,91.34,6046.78,0,1,0,1,1,0,1,0,1,0,1,0,1,0,1,0,0,1,0,1,0
0,0,1,1,50,1,0,86.53,4339.43,0,0,0,1,1,0,1,0,1,0,1,0,1,0,1,0,1,0,0,0,0
1,0,0,1,68,1,0,87.33,5940.81,0,0,0,1,1,0,1,0,1,0,1,0,1,0,1,0,0,0,1,0,0
1,0,0,0,52,1,0,63.88,3325.07,1,0,1,0,0,1,0,0,1,0,0,1,0,0,0,0,0,0,1,0,0
1,0,1,1,50,1,1,100.7,5046.11,0,0,1,0,1,0,0,0,0,0,0,1,1,0,0,0,1,0,0,0,1
0,0,1,0,58,1,0,52.51,3035.13,1,0,0,0,0,0,0,0,0,0,0,0,0,0,0,0,1,0,0,0,1
0,0,0,0,29,1,0,88.44,2564.13,0,1,0,1,1,0,1,0,1,0,1,0,1,0,1,0,0,1,1,0,0
0,0,0,0,51,1,1,117.68,5992.12,1,0,1,0,0,1,0,0,0,0,0,0,0,0,0,0,0,0,0,0,0
0,0,1,0,32,1,0,115.16,3684.43,0,1,1,0,1,0,0,0,0,0,0,0,1,0,0,0,0,0,1,0,0
1,1,1,0,0,1,0,63.64,14.61,0,0,1,0,0,0,0,0,0,0,1,0,0,1,0,0,0,0,0,0,0
0,1,1,0,16,1,1,30.23,489.11,0,0,0,0,0,0,0,0,0,0,0,0,0,0,0,1,0,0,1,0,0
1,0,1,1,46,1,1,106.75,4920.98,1,0,1,0,0,0,0,1,0,0,0,1,0,0,0,0,0,0,1,0,0
1,0,0,1,49,1,1,58.29,2845.36,1,0,0,0,0,0,0,0,1,0,0,0,0,0,1,0,0,0,0,1,0
0,1,1,0,30,1,0,82.38,2450.41,0,0,0,0,0,0,0,1,0,0,0,0,0,0,0,0,0,0,0,0,0
0,0,0,1,51,1,0,38.62,1963.35,0,0,0,0,0,0,0,1,0,0,0,1,0,0,1,0,0,0,0,0,0
0,0,0,1,3,1,0,81.0,256.2,0,0,0,0,0,0,0,0,0,0,0,1,0,0,0,0,0,0,0,0,1
1,0,1,0,2,1,1,76.82,149.47,0,1,0,0,0,1,1,0,0,1,0,0,0,0,0,1,0,0,0,0,1
1,0,0,0,13,1,1,42.13,543.65,1,0,1,0,0,0,0,0,1,0,0,1,0,0,0,1,0,0,0,1,0
1,1,1,0,69,0,1,58.07,3988.6,1,0,1,0,0,0,0,1,0,0,0,1,0,0,0,0,1,0,0,0,1
1,0,0,1,17,1,1,97.4,1663.15,0,0,0,0,0,0,0,0,0,0,1,0,0,1,1,0,0,0,0,0,0
0,0,1,0,39,1,0,96.47,3770.22,0,1,0,0,1,0,0,0,1,0,0,1,0,1,0,0,0,0,0,0,1
0,0,0,1,33,1,1,116.08,3833.8,0,1,1,0,0,0,0,0,0,0,0,0,0,0,0,1,0,0,0,0,1
1,0,0,1,14,1,0,118.79,1667.51,0,1,0,0,0,0,0,1,0,0,0,1,0,0,1,0,0,0,0,0,1
1,1,1,0,16,1,0,67.88,1089.03,0,0,1,0,0,1,0,0,1,0,0,0,0,0,0,0,0,0,0,1,0
0,0,1,0,34,1,1,21.11,706.1,0,1,0,1,1,0,1,0,1,0,1,0,1,0,1,0,0,0,0,1,0
0,1,1,0,58,1,1,102.15,5905.33,0,0,0,0,0,0,0,0,0,0,0,1,0,0,0,1,1,0,1,0,0
0,1,0,0,66,1,1,118.74,7833.89,0,1,0,1,1,0,1,0,1,0,1,0,1,0,1,0,0,0,0,0,1
0,0,1,0,19,1,1,80.22,1531.22,0,1,0,1,1,0,1,0,1,0,1,0,1,0,1,0,0,1,1,0,0
0,0,1,0,48,1,1,74.85,3600.12,0,0,1,0,0,0,0,1,0,0,0,0,0,0,0,1,0,0,0,0,1
1,0,0,0,56,1,1,69.12,3868.97,0,0,0,1,1,0,1,0,1,0,1,0,1,0,1,0,0,0,0,1,0
1,0,1,1,22,1,0,24.95,546.85,0,1,0,1,1,0,1,0,1,0,1,0,1,0,1,0,0,1,0,0,1
0,1,0,1,54,1,1,57.93,3116.34,0,1,0,1,1,0,1,0,1,0,1,0,1,0,1,0,0,0,0,1,0
0,1,0,1,51,0,1,82.53,4224.99,1,0,1,0,0,1,0,1,1,0,1,0,1,0,0,0,0,1,0,1,0
1,0,1,0,19,1,1,83.17,1585.04,0,0,0,0,1,0,0,1,0,0,0,0,0,1,0,0,0,1,1,0,0
1,0,1,0,9,1,0,48.14,433.75,0,0,0,0,0,0,0,0,0,0,0,1,0,1,0,0,1,0,0,0,0
0,1,0,1,6,1,1,20.7,139.53,0,0,0,0,0,0,0,1,0,1,0,1,0,0,0,0,0,0,0,0,0
0,0,0,0,67,0,1,115.34,7715.04,1,0,0,0,0,0,0,1,0,0,1,0,0,1,0,0,1,0,0,0,1
0,0,0,0,54,1,1,58.56,3169.57,0,0,1,0,0,1,0,1,0,0,0,1,0,1,0,0,0,0,0,1,0
1,0,0,0,71,1,1,119.95,8516.44,0,0,1,0,0,0,0,0,0,1,0,1,0,0,0,1,0,1,0,1,0
0,0,1,1,53,1,0,82.79,4403.86,0,1,1,0,0,1,0,1,0,0,0,0,0,0,0,0,1,0,0,1,0
1,0,0,0,23,0,0,95.24,2187.98,1,0,0,0,0,1,0,0,0,0,0,0,0,0,0,0,0,0,0,0,0
1,0,1,0,21,1,0,54.95,1148.63,0,0,0,1,1,0,1,0,1,0,1,0,1,0,1,0,1,0,0,1,0
1,0,0,0,6,1,1,30.0,189.42,0,1,0,0,0,1,0,0,0,1,0,0,0,1,1,0,0,0,0,0,1
0,0,1,0,7,1,0,68.66,491.1,0,0,0,1,1,0,1,0,1,0,1,0,1,0,1,0,0,1,0,1,0
1,0,1,0,34,0,0,96.12,3266.33,1,0,0,0,0,1,0,1,0,1,0,1,0,1,0,0,0,0,1,0,0
1,0,0,1,22,1,0,108.58,2372.62,0,1,0,0,0,0,0,0,0,0,0,1,0,0,0,0,0,0,0,0,0
0,0,1,0,71,0,0,78.92,5601.11,1,0,1,0,0,1,0,1,1,0,0,0,0,1,0,0,0,0,0,1,0
0,0,1,0,68,1,1,111.0,7536.31,0,0,0,0,0,1,0,0,0,0,0,0,1,0,1,0,1,0,0,1,0
1,1,0,1,57,1,1,77.7,4421.06,0,1,0,1,1,0,1,0,1,0,1,0,1,0,1,0,1,0,0,1,0
1,0,0,0,46,1,1,79.38,3638.82,0,1,1,0,0,1,0,0,1,0,0,0,0,0,0,1,0,0,0,0,1
0,0,0,0,54,1,0,115.01,6213.01,0,0,1,0,0,0,0,1,0,1,0,0,0,1,0,0,0,0,0,0,0
1,0,1,1,21,1,1,119.71,2508.4,0,1,1,0,0,1,0,0,0,0,0,1,0,1,0,0,0,0,0,1,0
0,1,1,1,42,1,1,30.76,1301.69,0,0,0,0,0,0,0,1,0,1,0,0,0,0,0,0,0,0,1,0,0
1,0,1,0,65,1,0,65.94,4306.99,0,0,0,0,0,0,0,1,0,1,0,0,0,0,0,0,0,0,1,0,0
1,0,0,0,22,1,1,64.38,1426.77,0,0,1,0,0,1,0,1,0,1,0,0,0,0,1,0,0,0,0,1,0
0,0,1,1,23,1,0,41.91,958.31,0,1,0,0,0,0,0,0,0,1,0,0,0,0,0,1,0,0,1,0,0
0,0,1,0,44,1,0,63.79,2815.62,0,1,0,0,0,0,0,0,0,1,0,0,0,0,0,0,0,1,0,1,0
0,0,0,1,27,1,1,34.39,931.95,0,1,0,0,0,0,0,0,1,0,0,0,0,1,0,0,0,1,0,0,0
0,0,1,1,38,1,0,97.32,3712.86,0,0,1,0,0,0,0,0,0,1,0,0,0,1,0,0,0,0,0,1,0
0,0,0,0,26,1,0,94.64,2472.4,1,0,0,0,0,1,0,0,0,1,0,0,1,0,0,0,0,0,1,0,0
1,0,0,0,27,1,1,84.01,2281.09,0,1,0,0,0,0,0,0,0,1,0,1,0,0,0,1,1,0,1,0,0
0,0,0,0,54,1,0,64.79,3496.97,0,0,0,0,0,0,0,0,0,0,0,0,0,0,0,0,0,0,0,1,0
1,0,1,0,10,1,0,40.7,399.37,0,1,0,0,0,0,0,0,0,0,0,1,1,0,0,0,0,1,1,0,0
0,0,1,1,13,1,0,72.49,942.17,0,0,0,0,0,0,0,1,0,1,0,0,0,0,1,0,0,0,0,0,1
0,1,1,0,58,1,0,109.73,6377.95,1,0,0,0,0,1,0,1,0,0,0,0,0,1,0,0,0,1,0,0,0
1,0,1,1,18,1,1,57.41,1047.25,0,0,1,0,1,0,0,1,1,0,1,0,0,0,0,1,1,0,0,1,0
0,1,1,0,62,0,1,21.48,1335.91,1,0,1,0,1,0,0,1,0,1,0,1,0,0,0,0,0,0,1,0,0
1,0,1,1,60,1,1,59.96,3599.98,0,0,1,0,0,0,0,0,0,0,0,0,0,0,0,1,0,1,1,0,0
0,0,0,0,53,1,0,46.98,2484.79,0,1,0,0,0,0,0,0,0,0,0,0,0,1,0,1,0,0,1,0,0
0,0,1,0,13,1,1,71.19,911.01,0,0,0,0,0,0,0,1,0,1,0,0,0,0,0,0,0,0,1,0,0
0,1,1,1,49,1,1,101.34,4967.26,0,0,1,0,0,1,0,0,0,0,0,0,0,0,0,0,0,1,0,0,0
0,1,1,0,13,1,1,62.44,806.09,0,0,0,0,0,1,0,0,0,0,0,0,0,0,0,1,0,0,0,1,0
1,0,0,0,51,1,1,81.96,4182.87,0,1,1,0,0,0,0,0,1,0,0,1,0,0,0,0,0,0,0,0,0
0,1,1,1,55,1,0,33.85,1861.42,0,1,0,1,1,0,1,0,1,0,1,0,1,0,1,0,0,0,1,0,0
1,0,0,1,16,1,1,35.59,570.4,0,1,1,0,0,1,0,0,0,0,0,0,0,0,0,1,1,0,1,0,0
1,0,1,1,72,1,1,112.18,8088.09,1,0,0,0,0,0,1,0,0,0,0,1,0,1,0,0,0,0,0,0,0
0,0,0,0,53,1,0,105.58,5602.19,0,1,0,1,1,0,1,0,1,0,1,0,1,0,1,0,0,0,0,1,0
0,0,0,0,62,1,1,102.31,6338.73,0,0,0,0,1,0,0,0,0,0,0,1,0,0,0,0,0,0,1,0,0
0,0,1,0,23,1,0,65.92,1535.98,0,0,1,0,0,0,0,0,0,1,0,1,0,1,0,0,0,1,1,0,0
0,0,0,0,33,1,0,65.73,2155.09,0,0,1,0,0,1,0,0,0,0,0,1,1,0,0,1,0,1,0,0,1
1,0,1,1,20,1,1,113.28,2256.09,0,0,1,0,0,0,0,1,0,0,0,1,0,0,0,0,0,0,0,0,1
0,0,0,1,44,1,1,83.86,3687.02,0,1,0,1,1,0,1,0,1,0,1,0,1,0,1,0,1,0,0,0,0
0,0,0,1,10,1,0,71.48,695.26,0,0,0,0,0,1,0,0,0,0,0,0,0,0,0,1,0,0,0,0,0
0,0,1,0,38,1,0,111.81,4266.91,0,0,0,1,1,0,1,0,1,0,1,0,1,0,1,0,0,0,0,0,0
0,0,1,1,69,1,1,101.37,6991.06,0,1,1,0,0,1,0,0,0,0,0,0,0,0,1,0,0,0,1,0,0
0,0,0,0,25,1,1,110.96,2775.55,1,0,0,1,1,0,1,0,1,0,1,0,1,0,1,0,0,1,1,0,0
0,0,0,0,61,1,1,116.91,7134.52,0,0,0,1,1,0,1,0,1,0,1,0,1,0,1,0,1,0,0,1,0
0,0,0,1,41,1,0,32.12,1315.87,0,0,0,0,0,0,1,0,0,0,0,0,0,0,0,1,0,1,0,1,0
0,0,0,0,60,0,0,106.58,6375.24,1,0,0,1,1,0,1,0,1,0,1,0,1,0,1,0,0,0,0,0,0
1,0,1,1,16,1,0,87.53,1412.27,0,1,0,1,1,0,1,0,1,0,1,0,1,0,1,0,0,0,1,0,0
1,1,1,0,44,1,1,92.63,4077.85,0,1,1,0,0,1,1,0,1,0,0,1,0,1,0,0,0,0,0,1,0
0,0,1,0,15,1,1,80.1,1199.95,0,0,0,1,1,0,1,0,1,0,1,0,1,0,1,0,0,1,0,0,1
0,1,0,0,62,0,1,62.03,3823.3,1,0,1,0,0,0,0,1,0,0,0,0,0,0,0,1,0,0,0,1,0
1,0,1,1,15,1,1,79.77,1202.97,1,0,1,0,0,1,0,1,0,0,0,0,0,0,0,0,0,0,0,0,1
0,0,0,0,43,1,1,92.9,4001.95,0,0,1,0,0,0,0,0,0,0,0,0,0,1,0,0,1,0,1,0,0
1,0,0,0,36,0,0,26.74,967.64,1,0,1,0,0,0,0,0,0,1,0,1,0,1,1,0,0,0,1,0,0
1,0,1,0,41,1,1,100.73,4137.6,0,0,0,1,1,0,1,0,1,0,1,0,1,0,1,0,1,0,0,1,0
0,0,0,0,72,1,0,90.63,6513.72,0,1,0,0,0,0,0,1,0,0,0,1,0,1,0,0,0,1,0,0,0
0,0,1,0,1,0,1,81.29,81.59,1,0,0,0,0,1,0,0,0,1,0,0,0,0,0,0,0,0,0,0,1
1,0,1,0,50,1,1,91.28,4562.44,0,0,0,1,1,0,1,0,1,0,1,0,1,0,1,0,0,0,0,0,0
0,0,0,0,55,1,0,36.6,2017.9,1,0,1,0,0,0,0,1,0,0,0,1,0,0,1,0,0,0,0,0,1
0,0,0,0,69,1,1,42.4,2936.81,1,0,1,0,0,0,0,0,0,0,0,0,0,0,0,1,0,0,1,0,0
1,1,1,0,43,1,1,32.54,1399.45,0,1,1,0,0,1,0,0,0,0,0,0,1,0,0,0,1,0,0,0,1
0,0,0,0,22,1,0,86.13,1903.6,1,0,1,0,0,0,0,1,0,0,0,0,0,0,0,1,0,1,0,0,0
0,0,1,1,70,1,0,91.75,6420.73,0,0,1,0,0,0,0,0,0,1,0,0,0,1,0,0,0,0,0,0,1
0,0,1,0,41,1,0,32.64,1334.01,0,0,0,0,0,0,0,0,0,1,0,0,0,0,0,0,0,0,0,0,1
0,0,0,0,40,1,0,82.12,3287.18,0,0,0,0,0,0,0,0,0,0,0,1,0,0,0,1,0,0,0,1,0
0,0,1,0,58,1,0,98.77,5730.39,0,1,0,1,1,0,1,0,1,0,1,0,1,0,1,0,0,0,1,0,0
0,0,0,0,0,1,1,35.97,13.88,0,0,0,1,1,0,1,0,1,0,1,0,1,0,1,0,0,1,0,0,1
1,1,0,0,20,1,0,22.2,438.4,0,0,1,0,0,1,0,0,0,0,0,0,0,0,0,0,0,0,1,0,0
1,1,1,0,60,1,0,64.66,3885.39,0,1,1,0,0,0,0,1,0,1,0,0,0,0,0,1,0,0,0,0,0
0,0,0,0,70,1,1,106.11,7428.81,1,0,1,0,0,0,1,0,0,1,0,0,0,1,0,0,0,0,0,0,1
0,0,1,0,23,1,0,40.4,959.59,0,1,0,1,1,0,1,0,1,0,1,0,1,0,1,0,0,1,0,0,1
1,0,1,0,31,1,0,74.66,2309.18,0,1,0,0,0,1,0,0,0,0,0,1,0,0,0,0,0,0,0,0,1
1,0,0,0,71,1,1,34.89,2456.82,0,1,0,0,0,0,0,1,0,1,0,0,0,0,0,0,1,0,0,0,0
1,0,0,0,54,1,0,101.07,5480.11,0,0,1,0,1,0,0,1,0,0,1,0,0,0,0,1,0,1,0,0,1
1,0,1,1,10,1,1,112.16,1123.5,0,0,1,0,0,1,0,1,0,0,1,0,0,0,0,1,0,1,1,0,0
0,0,1,1,55,1,0,95.07,5221.91,0,1,0,0,0,0,0,1,0,0,0,0,0,0,0,0,0,1,1,0,0
0,0,1,1,6,1,1,21.26,128.59,0,1,1,0,0,0,0,0,0,0,0,0,0,0,0,0,0,1,0,0,1
1,0,1,0,43,1,0,36.91,1586.72,0,1,0,0,0,1,0,1,0,1,0,0,0,1,0,0,0,0,0,1,0
0,0,1,0,67,1,1,66.58,4471.39,0,0,1,0,0,1,0,0,0,0,0,1,0,1,0,1,0,0,0,0,1
0,0,0,0,0,0,1,76.45,2.5,1,0,0,0,0,0,0,0,0,1,0,0,0,1,0,1,1,0,0,0,0
0,1,0,1,12,1,0,69.32,814.54,1,0,1,0,0,0,0,0,0,1,0,1,0,1,0,1,0,0,0,1,0
0,0,0,0,26,1,0,110.65,2874.52,0,0,0,0,0,1,0,0,0,0,0,0,0,0,0,0,0,0,0,0,0
1,0,1,1,38,1,1,73.67,2780.42,1,0,0,1,1,0,1,0,1,0,1,0,1,0,1,0,0,1,0,0,0
0,0,0,0,70,1,1,116.02,8120.85,0,0,1,0,0,0,0,0,0,1,0,1,0,0,0,0,1,0,0,0,0
0,0,1,0,0,1,1,94.04,0.0,0,0,0,1,1,0,1,0,1,0,1,0,1,0,1,0,0,0,0,0,0
0,0,1,0,47,1,1,82.87,3889.9,0,0,1,0,0,1,1,0,1,0,0,0,0,0,0,0,0,1,0,0,0
1,0,0,0,16,1,1,88.98,1420.69,0,0,1,0,0,0,0,0,0,1,0,0,1,0,1,0,1,0,0,0,0
0,0,0,0,55,1,0,39.87,2186.37,0,0,0,1,1,0,1,0,1,0,1,0,1,0,1,0,0,0,0,1,0
1,1,0,0,44,1,0,49.41,2193.82,0,0,0,0,1,0,1,0,1,0,1,0,0,0,0,1,1,0,0,0,1
0,0,1,0,53,1,0,89.68,4746.96,0,0,0,0,0,1,0,0,0,1,0,0,0,1,0,1,0,0,0,0,1
1,0,0,1,46,1,0,67.19,3074.57,0,1,0,1,1,0,1,0,1,0,1,0,1,0,1,0,0,0,1,0,0
0,0,1,0,17,1,1,29.14,494.59,0,0,1,0,0,0,0,0,0,1,0,0,0,1,1,0,1,0,0,1,0
0,0,0,1,46,1,1,56.44,2577.23,0,1,1,0,0,0,1,0,0,1,0,0,0,0,0,1,0,0,1,0,0
1,1,1,1,62,1,1,42.73,2654.53,0,1,1,0,0,0,0,0,0,0,0,0,1,0,0,1,0,1,1,0,0
1,0,0,0,41,0,0,116.55,4768.64,1,0,0,1,1,0,1,0,1,0,1,0,1,0,1,0,1,0,0,0,0
1,0,0,0,48,1,1,118.17,5666.01,1,0,1,0,1,0,0,0,0,0,0,1,0,1,0,1,0,1,0,0,1
0,0,0,1,41,1,0,25.63,1055.84,0,0,0,0,0,1,0,0,0,0,0,0,0,1,0,0,0,0,0,0,0
0,1,0,1,16,1,0,47.59,756.56,0,0,0,0,0,0,0,1,0,0,0,0,0,0,0,0,0,0,0,0,1
1,0,1,0,28,1,1,92.46,2602.97,0,0,0,1,1,0,1,0,1,0,1,0,1,0,1,0,0,0,0,0,0
0,0,0,0,63,1,0,38.38,2406.28,0,1,1,0,0,1,1,0,0,1,0,1,1,0,0,0,1,0,1,0,0
0,0,1,0,15,1,1,95.58,1430.49,0,1,0,0,0,0,0,0,0,0,0,0,0,0,1,0,0,0,0,0,1
0,0,0,0,46,1,0,47.96,2195.8,0,0,0,0,0,1,1,0,0,1,0,0,0,0,0,1,0,1,0,1,0
1,0,0,0,55,1,0,83.81,4615.66,0,1,0,1,1,0,1,0,1,0,1,0,1,0,1,0,0,0,0,1,0
1,0,0,1,69,1,1,87.62,6053.14,0,0,0,0,0,0,0,0,0,0,0,0,0,0,0,1,0,0,1,0,0
0,1,0,0,57,1,1,72.43,4117.06,0,1,1,0,0,0,0,0,0,0,0,0,0,0,0,0,0,0,0,1,0
0,0,0,1,72,1,1,115.89,8332.52,0,1,0,0,0,0,0,1,0,0,0,1,0,0,0,0,0,0,0,0,1
1,0,1,1,10,1,0,116.86,1176.16,0,1,0,1,1,0,1,0,1,0,1,0,1,0,1,0,1,0,1,0,0
0,0,0,0,44,1,0,67.04,2947.88,0,1,0,1,1,0,1,0,1,0,1,0,1,0,1,0,0,1,0,1,0
1,0,0,0,0,1,0,24.84,0.0,0,1,1,0,0,1,0,1,1,0,0,0,0,0,0,0,0,0,0,1,0
0,0,1,0,34,1,1,50.92,1741.68,0,0,1,0,1,0,0,1,0,0,0,0,0,1,1,0,1,0,1,0,0
1,0,0,1,72,0,1,103.18,7413.11,1,0,0,1,1,0,1,0,1,0,1,0,1,0,1,0,0,0,1,0,0
0,0,0,0,33,1,1,74.39,2451.03,0,1,1,0,0,0,0,1,0,0,0,0,0,0,0,1,1,0,1,0,0
0,0,1,0,24,1,0,88.86,2150.48,0,1,0,0,0,0,0,0,0,1,0,1,0,1,0,0,0,0,1,0,0
0,0,0,0,59,1,0,117.34,6926.02,0,0,1,0,0,1,0,0,0,0,0,0,0,0,0,0,0,1,0,0,1
0,0,1,0,28,1,0,54.48,1530.83,1,0,1,0,0,0,0,1,0,0,0,1,0,1,0,0,0,1,1,0,0
1,0,1,0,19,0,0,46.95,880.5,1,0,0,0,0,0,0,0,0,1,0,1,0,0,0,0,0,1,0,1,0
0,0,1,0,31,1,0,74.16,2304.36,0,1,0,1,1,0,1,0,1,0,1,0,1,0,1,0,0,0,0,0,1
1,0,1,1,13,1,1,100.66,1320.36,0,0,0,1,1,0,1,0,1,0,1,0,1,0,1,0,0,0,1,0,0
1,0,1,1,53,1,1,60.28,3194.71,0,1,0,0,1,0,0,1,1,0,0,0,0,1,1,0,0,0,0,0,0
0,0,0,1,56,1,0,64.99,3635.17,0,1,1,0,0,0,0,1,0,1,0,1,0,0,0,1,0,0,0,0,0
1,0,0,1,15,1,1,117.74,1756.25,0,0,0,0,0,0,0,0,0,0,0,0,0,0,0,1,0,0,0,1,0
0,0,1,0,21,1,0,49.51,1031.42,0,0,0,0,0,1,0,1,0,0,0,1,0,1,0,1,0,0,0,0,0
1,0,1,0,26,1,0,109.79,2874.12,0,1,0,1,1,0,1,0,1,0,1,0,1,0,1,0,0,0,1,0,0
0,1,1,1,49,0,1,92.71,4535.34,1,0,0,0,0,0,0,1,0,0,0,1,0,1,0,0,0,1,0,0,0
0,0,1,0,9,1,1,106.09,959.14,0,1,1,0,0,0,0,0,0,0,0,0,0,0,0,0,0,0,0,0,0
0,0,1,0,19,1,0,32.44,604.13,0,0,0,0,0,0,1,0,0,0,0,0,0,1,0,0,0,0,0,0,0
0,0,0,0,52,1,0,105.25,5474.03,0,1,1,0,1,0,1,0,0,0,0,0,0,0,0,1,0,0,0,0,0
0,1,0,1,24,1,0,78.43,1863.32,0,1,1,0,0,0,0,0,0,0,0,0,0,0,1,0,0,0,0,0,0
0,0,0,0,65,1,0,54.0,3509.26,0,1,0,1,1,0,1,0,1,0,1,0,1,0,1,0,1,0,0,1,0
1,1,1,0,27,1,1,106.27,2871.31,0,0,0,0,0,0,0,1,0,0,0,0,0,0,0,0,0,1,0,1,0
0,0,0,0,19,1,0,99.89,1912.37,0,1,0,1,1,0,1,0,1,0,1,0,1,0,1,0,0,1,0,1,0
0,0,0,0,23,1,0,58.82,1359.95,0,0,0,0,0,0,0,0,0,1,0,0,0,0,0,1,1,0,1,0,0
0,0,0,0,0,1,1,102.12,0.19,0,1,1,0,0,0,1,0,0,1,1,0,0,0,0,0,0,1,0,1,0
0,1,0,1,72,1,1,87.54,6309.6,0,0,0,0,0,1,0,0,0,0,0,1,0,0,0,1,0,0,0,0,1
0,0,0,0,16,1,1,107.42,1713.85,0,1,1,0,0,0,0,1,0,1,0,1,0,0,1,0,0,0,0,1,0
0,1,1,0,63,1,0,65.85,4152.37,0,1,0,0,1,0,0,1,0,1,0,1,0,1,0,0,0,0,0,0,1
1,0,1,1,30,1,0,93.81,2827.61,0,0,0,0,0,0,1,0,0,0,0,0,0,0,0,1,0,0,0,0,0
0,0,0,0,67,1,1,92.87,6221.08,0,1,0,0,0,0,0,1,0,0,0,0,0,0,0,0,0,0,0,1,0
1,0,0,0,22,1,1,58.57,1276.39,0,1,1,0,0,1,0,0,0,0,0,0,0,1,0,0,0,0,0,1,0
0,0,0,0,9,1,1,105.0,950.75,0,0,0,0,0,0,1,0,0,0,0,1,0,1,1,0,0,1,0,1,0
0,0,0,0,13,1,1,53.04,691.9,0,0,1,0,0,1,0,0,0,0,0,0,0,0,0,0,0,0,0,1,0
0,0,0,0,66,1,0,33.22,2183.45,0,1,1,0,0,0,1,0,0,1,0,0,0,1,0,0,0,0,0,1,0
0,0,0,0,49,1,1,66.61,3277.02,0,0,0,0,0,0,0,1,0,1,0,0,0,0,0,1,1,0,0,1,0
0,0,1,0,18,0,0,74.79,1344.58,1,0,0,0,0,0,0,0,0,0,0,0,0,0,0,0,0,0,0,1,0
1,0,0,0,60,1,0,113.71,6798.61,0,0,0,0,0,0,0,1,0,1,1,0,1,0,0,0,0,1,1,0,0
0,0,1,0,65,1,1,109.42,7110.04,0,1,0,0,0,0,0,0,0,0,1,0,1,0,1,0,1,0,1,0,0
0,0,1,1,7,1,1,59.54,409.73,0,1,1,0,0,0,0,1,0,0,0,0,0,0,0,0,0,0,0,0,1
1,0,1,0,37,1,1,58.38,2157.77,0,0,0,0,0,0,0,0,0,0,0,0,0,1,0,0,1,0,0,0,1
0,0,1,0,55,1,1,116.45,6385.93,0,0,1,0,0,1,0,0,0,0,0,1,0,0,0,0,0,0,1,0,0
0,0,1,0,26,1,0,49.14,1283.25,1,0,1,0,0,0,1,0,0,0,0,0,0,0,0,0,0,0,0,0,1
1,1,0,1,59,1,0,22.2,1305.08,0,0,0,0,0,0,0,0,0,0,0,0,1,0,0,0,0,1,1,0,0
0,0,1,0,41,1,0,35.46,1469.05,0,0,1,0,1,0,0,0,1,0,0,0,0,0,0,1,1,0,0,0,1
1,0,1,0,36,1,0,114.73,4142.64,0,0,0,1,1,0,1,0,1,0,1,0,1,0,1,0,0,0,0,1,0
1,0,0,0,47,1,1,36.25,1699.09,0,0,0,1,1,0,1,0,1,0,1,0,1,0,1,0,0,1,0,0,1
0,0,0,0,22,1,1,103.85,2289.3,0,0,0,0,0,1,0,0,0,0,0,0,0,0,1,0,0,1,1,0,0
0,0,1,1,64,1,0,95.67,6116.49,0,0,0,1,1,0,1,0,1,0,1,0,1,0,1,0,0,1,0,1,0
0,0,0,1,65,1,0,52.27,3396.65,0,1,1,0,0,1,0,1,0,0,0,1,0,1,1,0,1,0,1,0,0
1,0,1,0,19,1,0,24.45,460.47,0,0,1,0,0,1,0,0,0,0,0,0,0,0,0,1,0,1,1,0,0
1,0,0,0,23,1,1,62.4,1452.31,0,0,0,1,1,0,1,0,1,0,1,0,1,0,1,0,1,0,0,0,1
1,0,0,0,5,1,0,35.52,162.31,0,0,0,0,0,0,0,0,0,0,0,0,0,0,0,0,0,1,1,0,0
0,0,1,1,42,1,1,78.95,3315.15,0,0,1,0,0,0,0,1,0,1,0,0,0,0,0,0,0,0,1,0,0
0,0,1,0,72,1,0,94.27,6796.72,0,1,0,0,0,0,0,0,1,0,0,0,0,0,0,0,0,0,0,1,0
0,1,1,0,8,1,1,118.64,948.94,0,0,0,0,0,1,0,0,0,1,1,0,0,0,0,0,0,0,0,1,0
0,1,1,0,71,1,1,115.46,8205.17,0,0,0,1,1,0,1,0,1,0,1,0,1,0,1,0,0,0,0,0,1
0,0,1,0,27,0,0,99.9,2701.12,1,0,0,1,1,0,1,0,1,0,1,0,1,0,1,0,0,1,0,1,0
1,0,1,0,23,1,1,51.4,1194.83,0,1,1,0,0,1,1,0,0,0,1,0,0,0,0,0,1,0,0,0,0
0,0,1,1,41,1,1,109.04,4480.54,0,1,1,0,0,1,0,0,1,0,1,0,0,0,0,0,0,0,0,0,1
0,0,1,0,47,1,1,85.93,4044.17,0,1,0,0,0,0,0,1,0,1,0,0,0,1,0,1,0,0,0,0,1
1,0,1,1,41,1,1,114.69,4709.71,0,0,1,0,0,1,0,1,0,0,1,0,0,1,0,0,0,0,0,0,1
1,0,1,0,8,0,0,102.84,826.75,1,0,0,0,0,0,0,1,0,0,1,0,0,0,0,0,0,0,1,0,0
1,0,0,1,24,0,0,104.52,2521.43,1,0,0,1,1,0,1,0,1,0,1,0,1,0,1,0,0,0,0,0,0
0,0,1,0,27,1,0,116.25,3142.3,0,0,0,1,1,0,1,0,1,0,1,0,1,0,1,0,0,1,0,1,0
1,0,1,1,20,1,1,103.34,2075.84,0,0,1,0,0,1,0,1,0,0,0,0,0,1,0,0,0,0,0,1,0
0,0,0,1,31,1,0,80.25,2472.03,0,0,1,0,0,0,0,1,0,1,0,0,0,0,0,1,0,0,0,0,0
0,0,1,1,40,1,1,72.4,2901.45,0,0,0,0,0,0,0,0,0,0,0,0,0,0,0,0,1,0,0,1,0
0,0,1,0,0,1,0,26.56,0.0,0,0,0,0,0,1,0,0,0,0,0,1,0,0,0,1,0,0,0,0,1
1,0,1,0,0,1,1,64.54,3.55,0,0,1,0,0,0,0,0,0,1,0,0,0,0,0,1,0,0,0,0,0
0,0,0,0,39,1,1,52.43,2051.97,0,0,0,0,0,0,0,0,0,0,1,0,0,0,0,0,0,1,0,1,0
0,0,1,0,16,1,1,44.22,713.87,0,0,0,1,1,0,1,0,1,0,1,0,1,0,1,0,0,0,0,0,0
1,0,0,1,51,1,0,87.5,4460.56,0,0,1,0,0,0,0,1,0,0,0,0,0,0,0,1,0,1,0,0,1
0,0,1,0,34,1,1,67.36,2287.29,0,0,0,0,0,1,0,1,0,0,0,0,0,0,0,1,1,0,0,0,0
0,0,0,0,23,1,0,96.74,2230.4,0,0,1,0,0,1,0,0,0,1,0,1,0,0,0,1,0,0,0,0,0
1,0,0,0,49,1,0,56.52,2777.66,0,0,1,0,0,1,0,0,0,0,0,1,0,0,0,0,0,0,0,1,0
0,0,1,1,30,1,1,83.22,2491.08,0,1,0,0,0,1,0,1,0,0,0,1,0,1,0,1,0,1,1,0,0
1,0,0,0,40,1,0,53.54,2142.61,0,0,0,0,1,0,0,0,0,0,0,0,0,0,0,0,0,0,0,1,0
0,0,1,0,6,1,1,49.74,299.95,0,0,0,0,0,1,0,1,0,0,0,0,0,1,0,0,0,0,0,1,0
1,0,1,1,18,1,1,85.56,1500.95,0,0,0,1,1,0,1,0,1,0,1,0,1,0,1,0,0,0,0,0,0
1,0,1,1,34,1,1,56.06,1913.34,0,1,0,0,0,1,0,1,0,0,0,0,0,1,0,0,0,0,1,0,0
1,0,1,1,36,1,1,42.93,1552.65,0,0,0,0,1,0,0,0,0,0,1,0,1,0,0,1,1,0,1,0,0
0,1,1,0,26,0,1,115.6,2997.44,1,0,1,0,0,1,0,0,0,0,0,0,0,0,0,0,1,0,0,1,0
1,0,1,0,64,1,1,22.91,1452.85,0,0,0,1,1,0,1,0,1,0,1,0,1,0,1,0,0,0,0,1,0
0,0,1,1,46,0,1,24.75,1141.19,1,0,0,0,1,0,0,1,0,0,1,0,0,1,1,0,0,0,1,0,0
1,0,0,0,53,1,1,51.35,2711.94,0,1,1,0,0,0,1,0,0,0,0,0,0,0,0,0,0,1,0,0,1
0,0,0,0,19,1,0,29.79,591.76,0,1,0,0,0,0,0,0,0,0,0,1,0,0,0,0,1,0,1,0,0
0,0,1,0,9,1,1,103.05,932.49,1,0,1,0,0,1,0,1,0,0,0,0,0,0,1,0,0,1,0,0,1
0,0,1,0,7,1,1,58.92,412.21,0,1,1,0,0,0,0,0,0,1,0,0,0,0,0,0,0,1,0,0,1
1,0,0,0,68,1,1,35.93,2447.43,1,0,1,0,1,0,0,0,0,0,0,1,1,0,0,0,0,1,0,1,0
1,0,0,1,67,1,1,84.3,5642.04,0,0,1,0,0,0,0,1,0,1,0,0,0,1,0,0,0,0,0,0,0
0,1,0,0,28,0,0,66.58,1866.4,1,0,0,0,0,1,0,1,0,0,0,1,0,0,1,0,0,0,1,0,0
0,0,0,0,52,1,1,57.27,2984.7,0,0,1,0,0,1,0,0,0,0,0,1,0,0,0,0,0,1,0,0,1
0,0,0,0,0,1,1,100.34,11.52,0,0,0,0,0,0,0,0,0,0,0,0,0,0,0,0,0,0,0,1,0
1,0,1,0,62,1,0,57.6,3577.08,0,1,0,0,1,0,0,1,0,0,0,0,0,0,0,1,0,0,0,0,1
1,1,0,0,50,1,1,92.22,4615.2,0,1,0,0,0,1,0,0,0,0,0,1,0,0,0,0,0,0,0,0,1
0,0,0,0,4,0,0,29.45,88.26,1,0,1,0,0,0,0,0,0,0,0,1,1,0,0,0,0,0,0,0,1
1,0,0,0,59,1,1,54.76,3232.01,0,0,0,0,0,1,0,0,0,0,0,0,0,0,1,0,1,0,0,0,1
0,0,0,0,6,1,1,30.16,170.46,0,0,0,0,0,1,0,0,1,0,0,0,0,1,0,0,0,0,0,0,0
1,0,0,0,54,1,1,43.35,2338.22,0,0,0,1,1,0,1,0,1,0,1,0,1,0,1,0,0,1,0,0,0
0,0,0,0,16,1,1,89.43,1421.56,0,0,0,0,0,0,0,1,0,1,0,1,0,1,0,0,1,0,0,0,1
1,0,0,0,12,1,1,72.34,878.46,0,1,0,1,1,0,1,0,1,0,1,0,1,0,1,0,1,0,0,0,0
0,0,1,0,6,1,1,27.44,170.18,0,1,1,0,0,0,0,1,0,0,0,0,0,0,0,0,0,0,0,1,0
1,0,0,1,32,1,1,28.68,910.54,0,1,1,0,0,1,0,1,1,0,0,1,0,0,0,0,0,0,0,0,1
1,0,1,0,2,1,1,89.61,181.33,0,1,0,0,0,1,0,0,0,1,0,0,0,1,1,0,1,0,0,0,0
1,1,0,1,54,1,0,69.86,3786.95,0,0,0,1,1,0,1,0,1,0,1,0,1,0,1,0,0,0,0,1,0
1,0,1,0,35,0,0,99.91,3502.37,1,0,0,0,0,0,0,0,1,0,0,0,0,0,0,1,1,0,1,0,0
1,0,0,1,1,1,0,51.56,46.84,0,1,0,0,0,0,0,0,0,0,0,0,0,1,0,1,0,1,0,1,0
0,0,0,0,44,1,1,37.72,1658.53,0,0,0,0,0,0,0,1,0,0,0,0,0,1,0,1,0,0,0,1,0
1,0,1,0,68,1,1,57.67,3917.44,0,0,1,0,0,1,0,0,0,0,0,0,0,0,0,1,0,0,0,1,0
1,0,0,0,57,1,1,69.05,3934.53,0,0,1,0,0,1,1,0,1,0,0,0,0,1,0,1,1,0,1,0,0
0,0,0,1,48,1,1,64.15,3075.96,0,1,0,0,0,0,0,0,0,0,0,1,0,1,1,0,0,1,1,0,0
0,0,1,0,20,1,1,107.15,2145.4,0,0,0,0,0,0,0,0,0,0,0,0,0,0,0,0,0,0,1,0,0
0,0,1,0,64,1,0,77.42,4972.01,0,0,0,0,0,0,0,0,0,0,0,0,0,0,0,1,0,0,1,0,0
1,0,1,0,40,1,1,76.38,3041.61,0,0,0,0,0,0,1,0,1,0,0,1,0,0,0,0,0,1,1,0,0
1,0,0,0,19,1,1,21.22,417.41,0,1,1,0,0,0,0,0,0,0,0,1,0,0,0,0,1,0,0,0,0
1,1,0,0,12,1,1,119.21,1432.86,0,1,0,1,1,0,1,0,1,0,1,0,1,0,1,0,0,0,0,0,1
0,0,0,0,68,1,1,82.29,5577.96,0,0,0,0,0,0,0,0,0,0,0,0,0,1,0,0,0,0,0,0,1
1,0,1,0,72,1,1,84.28,6090.39,0,1,0,0,0,0,0,0,0,0,0,0,0,0,0,0,0,0,0,0,0
1,1,0,0,46,1,1,49.23,2261.16,0,1,1,0,0,0,0,0,0,1,0,0,0,1,0,0,0,0,0,0,1
1,0,1,0,26,1,1,87.87,2297.63,0,1,0,1,1,0,1,0,1,0,1,0,1,0,1,0,0,0,0,1,0
1,0,1,1,36,1,0,101.86,3675.68,0,0,1,0,0,0,0,1,1,0,0,0,0,0,0,1,0,0,0,0,0
1,0,1,0,69,1,0,29.92,2078.22,1,0,0,0,0,1,0,0,0,0,0,0,0,0,0,0,0,0,1,0,0
0,0,1,0,65,1,1,35.19,2299.07,1,0,0,0,0,0,0,0,0,1,0,1,1,0,0,1,1,0,1,0,0
1,1,0,0,35,1,0,89.64,3144.47,0,1,0,0,0,1,0,0,1,0,0,0,0,0,0,1,1,0,0,0,0
1,0,1,0,10,1,1,116.66,1170.83,0,1,1,0,0,1,0,0,0,0,0,0,0,0,0,0,0,1,0,1,0
1,1,0,0,27,1,0,33.79,909.5,0,0,1,0,0,0,0,0,0,0,0,0,0,1,0,0,1,0,0,1,0
0,1,0,0,11,1,0,98.98,1089.65,0,0,1,0,0,0,0,1,1,0,0,1,0,1,0,1,1,0,0,1,0
1,0,1,1,7,1,1,38.6,255.88,1,0,1,0,1,0,0,0,0,0,0,0,0,0,0,1,1,0,0,1,0
1,0,1,0,60,1,1,35.62,2136.99,0,0,1,0,0,1,1,0,0,0,0,0,0,0,0,0,1,0,0,0,0
1,0,0,0,4,1,0,67.58,258.23,1,0,1,0,0,1,0,1,0,0,0,0,0,0,0,0,1,0,0,0,1
0,0,1,0,7,1,1,23.35,164.33,0,0,1,0,1,0,0,0,0,0,0,1,0,1,1,0,1,0,0,1,0
1,0,0,1,10,1,0,26.95,259.18,0,1,0,1,1,0,1,0,1,0,1,0,1,0,1,0,0,0,0,0,0
0,1,0,1,36,1,1,45.33,1637.44,0,1,1,0,0,0,0,0,0,0,0,0,0,0,0,1,0,0,0,0,0
1,0,1,0,55,1,0,119.37,6581.75,0,1,1,0,0,0,0,0,0,0,0,1,1,0,0,0,0,0,1,0,0
0,0,0,1,45,1,1,111.21,5023.05,0,0,1,0,0,0,0,0,0,0,1,0,0,1,0,1,0,0,0,1,0
1,0,0,0,28,1,1,37.26,1040.17,0,1,0,0,0,0,0,0,0,1,1,0,0,0,0,0,0,0,1,0,0
1,0,0,0,51,1,1,52.31,2673.83,0,0,0,0,0,1,0,0,0,0,0,1,0,1,0,0,0,0,0,1,0
0,0,1,0,6,1,0,21.92,119.64,0,1,1,0,0,1,0,0,0,1,0,0,0,0,0,1,0,0,0,1,0
1,0,0,0,43,0,0,71.06,3063.77,1,0,0,0,0,1,1,0,0,1,0,0,0,1,0,0,0,0,1,0,0
1,0,1,1,37,1,0,72.41,2674.52,0,1,0,0,0,1,1,0,0,1,0,0,0,0,1,0,0,0,1,0,0
0,0,0,0,70,1,0,44.7,3132.05,0,1,0,0,1,0,0,1,0,0,0,0,0,1,0,0,1,0,0,1,0
1,0,1,0,65,1,1,39.19,2556.49,0,0,1,0,0,0,0,0,0,0,0,1,1,0,0,1,0,0,0,0,0
0,0,0,0,47,1,1,70.74,3313.77,0,0,0,0,0,1,0,0,0,0,0,0,0,0,0,1,1,0,1,0,0
0,0,1,0,60,1,1,59.49,3552.83,0,0,1,0,0,1,0,0,0,1,0,0,0,0,0,0,0,1,1,0,0
0,0,1,0,20,1,1,34.71,696.73,0,1,1,0,0,1,0,1,0,0,1,0,0,1,0,0,0,0,0,0,0
0,0,1,0,37,1,0,28.88,1058.46,0,0,1,0,0,1,0,0,0,0,0,0,1,0,0,1,1,0,0,0,1
0,0,0,0,53,1,1,69.16,3682.97,0,0,0,1,1,0,1,0,1,0,1,0,1,0,1,0,0,0,0,0,1
0,0,0,1,12,1,0,80.36,967.36,0,1,0,0,0,1,0,0,0,1,0,0,0,0,0,0,0,1,0,0,1
1,0,1,0,37,1,1,54.7,2023.48,0,0,1,0,0,0,0,0,0,0,0,0,0,1,0,0,0,1,1,0,0
1,0,0,0,57,1,0,54.06,3066.75,0,0,0,0,0,0,0,0,0,0,0,1,0,0,0,0,0,1,0,0,1
0,0,1,0,37,1,1,100.87,3737.43,0,1,1,0,0,1,0,1,0,0,0,1,0,0,0,0,0,0,0,0,1
0,0,0,0,68,1,1,85.42,5806.11,0,1,0,0,0,0,1,0,0,1,0,1,0,1,0,0,0,1,0,0,1
0,0,1,1,44,1,1,28.51,1242.68,0,0,1,0,0,0,0,0,1,0,0,0,0,0,0,0,0,0,0,0,1
0,1,1,0,62,1,0,116.6,7236.86,0,0,0,1,1,0,1,0,1,0,1,0,1,0,1,0,1,0,0,0,0
0,1,1,1,38,1,0,25.48,973.5,1,0,0,0,1,0,0,0,0,1,0,1,0,0,0,0,1,0,0,1,0
1,0,1,0,15,1,1,50.92,763.99,0,1,1,0,0,0,1,0,0,0,0,0,0,0,0,0,0,0,1,0,0
1,0,0,0,13,1,0,52.68,694.62,0,1,0,0,1,0,0,0,0,0,0,1,0,0,0,0,0,0,0,0,1
1,0,0,1,10,1,0,98.15,984.98,0,0,1,0,0,0,0,0,0,1,0,0,0,1,0,0,0,1,0,0,0
0,0,0,1,42,1,0,111.06,4677.86,0,0,0,0,0,0,0,0,0,0,0,0,0,0,1,0,1,0,0,1,0
1,0,1,1,9,1,0,45.65,409.0,0,1,0,0,0,1,0,0,0,1,0,1,0,0,0,0,0,1,1,0,0
0,0,1,1,45,1,1,57.8,2594.19,0,1,1,0,0,0,0,0,0,1,0,0,0,1,0,0,0,0,0,0,0
1,0,0,0,72,0,1,30.17,2189.71,1,0,1,0,0,0,0,0,0,1,0,0,0,0,1,0,0,0,1,0,0
0,0,1,0,39,1,1,27.68,1093.23,0,1,0,1,1,0,1,0,1,0,1,0,1,0,1,0,1,0,1,0,0
0,0,0,1,6,1,1,84.8,518.06,0,1,1,0,0,1,0,0,0,1,1,0,0,1,0,0,0,0,0,0,0
1,0,0,0,69,1,1,75.58,5216.85,0,1,0,0,0,0,0,0,0,1,1,0,0,0,0,0,0,0,0,1,0
0,0,1,0,1,1,1,103.17,99.37,0,1,0,0,0,0,0,0,0,0,0,0,0,0,1,0,0,0,0,1,0
1,1,1,0,65,1,0,56.41,3661.76,0,0,1,0,0,0,0,1,1,0,1,0,0,0,0,0,0,0,0,1,0
0,1,0,1,67,1,0,37.97,2556.35,0,1,1,0,0,0,0,0,0,0,0,0,0,1,1,0,0,0,0,0,0
0,0,1,0,47,1,0,105.58,4959.27,0,0,0,0,0,0,0,0,0,1,0,0,0,0,0,1,1,0,0,0,1
1,0,0,0,38,1,1,84.33,3207.53,1,0,1,0,0,0,0,1,0,0,0,0,0,0,1,0,0,0,1,0,0
0,0,1,0,37,1,1,20.61,749.36,0,0,0,0,0,1,0,0,0,0,1,0,0,1,0,0,0,1,0,0,0
1,0,0,0,48,1,1,32.99,1586.87,0,0,1,0,0,0,0,0,0,0,1,0,0,0,0,0,0,0,0,1,0
0,0,0,0,27,1,1,35.06,932.52,0,0,1,0,0,1,0,0,0,0,0,0,0,0,0,1,1,0,1,0,0
1,0,1,0,72,1,0,27.14,1956.4,0,0,0,1,1,0,1,0,1,0,1,0,1,0,1,0,0,0,0,0,0
0,0,1,0,27,0,1,67.33,1823.17,1,0,1,0,0,0,0,1,0,0,0,1,0,0,0,0,0,0,1,0,0
1,0,0,0,64,1,1,93.07,5946.45,0,1,1,0,0,1,0,0,0,1,0,0,0,0,0,0,1,0,0,0,0
1,0,1,1,15,1,1,69.06,1033.35,0,1,1,0,0,0,0,0,0,0,1,0,0,0,0,0,0,0,0,0,1
0,0,0,1,12,1,0,94.16,1140.33,0,0,0,0,0,0,0,1,0,0,0,1,0,0,0,0,0,1,0,1,0
1,0,0,1,12,1,0,31.74,393.4,0,1,0,1,1,0,1,0,1,0,1,0,1,0,1,0,1,0,0,1,0
1,1,1,0,3,1,1,112.9,345.13,0,0,1,0,0,1,0,1,0,1,0,0,0,1,0,1,0,1,0,0,1
1,0,1,0,5,1,1,73.63,362.09,0,0,1,0,0,1,0,0,0,0,1,0,1,0,0,0,0,0,0,0,1
1,0,0,0,40,1,0,33.54,1331.33,1,0,0,1,1,0,1,0,1,0,1,0,1,0,1,0,0,1,1,0,0
0,0,1,1,43,0,1,32.35,1360.63,1,0,1,0,0,0,0,0,0,0,0,0,0,0,0,0,0,1,0,0,0
0,0,0,0,66,1,1,29.47,1945.28,0,1,0,0,0,0,0,0,0,0,0,0,0,0,0,1,1,0,1,0,0
1,0,0,0,9,1,1,78.02,710.28,0,0,0,0,0,1,0,1,0,1,1,0,0,1,0,0,0,0,0,0,0
0,0,1,0,4,1,1,54.93,234.04,0,0,0,0,0,0,0,1,1,0,0,0,0,0,0,0,1,0,0,0,0
1,0,0,0,50,0,1,57.1,2856.6,1,0,0,1,1,0,1,0,1,0,1,0,1,0,1,0,1,0,1,0,0
0,0,0,0,40,1,0,39.61,1603.91,0,1,0,1,1,0,1,0,1,0,1,0,1,0,1,0,0,0,0,0,0
0,0,0,0,64,1,1,78.18,4993.44,0,1,0,1,1,0,1,0,1,0,1,0,1,0,1,0,0,0,0,1,0
0,0,1,0,16,1,0,39.95,624.71,0,1,0,0,0,0,0,1,0,0,0,0,0,0,1,0,0,0,0,0,1
1,0,0,1,66,1,1,81.95,5424.96,0,1,0,1,1,0,1,0,1,0,1,0,1,0,1,0,0,1,0,0,1
0,0,1,1,30,1,0,42.4,1278.82,0,1,0,0,1,0,0,0,0,1,0,0,0,1,0,0,0,1,0,1,0
0,0,0,0,45,1,0,118.47,5322.3,0,0,0,1,1,0,1,0,1,0,1,0,1,0,1,0,0,0,0,0,0
1,0,1,0,48,1,1,102.74,4925.29,0,0,0,0,0,1,0,1,0,0,0,1,0,0,0,1,0,0,0,1,0
0,0,0,0,31,1,1,25.06,771.27,0,1,1,0,0,1,0,1,0,1,0,1,0,0,0,0,0,0,1,0,0
0,0,1,0,27,1,1,75.25,2014.98,0,0,0,0,0,1,0,0,0,1,1,0,0,0,0,0,0,0,0,0,1
0,0,1,0,22,1,1,59.62,1325.5,0,1,0,0,0,0,0,1,0,0,0,1,0,0,0,0,1,0,0,0,0
1,0,0,0,36,1,1,93.98,3387.78,0,1,0,0,0,1,0,0,0,0,1,0,0,0,0,1,0,1,0,1,0
0,0,1,0,29,1,0,70.67,2040.67,0,0,0,0,0,1,0,0,0,0,0,0,0,1,0,1,0,0,0,0,0
1,0,1,1,30,0,1,27.35,816.44,1,0,0,0,0,0,0,0,0,1,0,0,0,0,0,1,0,1,1,0,0
1,0,0,1,59,1,0,107.79,6369.82,0,0,0,0,0,0,0,0,0,1,1,0,0,0,0,1,1,0,1,0,0
0,0,0,0,27,1,0,102.95,2767.43,0,1,0,0,0,1,0,0,0,1,0,0,0,1,0,0,0,0,0,1,0
1,0,1,1,24,1,1,87.78,2104.73,0,1,0,0,0,0,0,0,0,0,0,0,0,0,0,0,1,0,0,0,1
0,0,1,1,15,1,1,86.65,1297.32,0,1,0,0,0,0,1,0,0,1,0,1,0,1,0,0,0,0,0,1,0
0,0,1,0,25,1,0,50.5,1236.82,0,1,0,0,0,0,0,0,0,0,1,0,0,1,0,0,0,0,0,1,0
1,0,0,0,46,1,1,81.12,3742.15,0,1,0,0,1,0,0,1,0,0,0,0,0,1,0,0,0,1,1,0,0
1,1,1,1,17,1,0,36.33,615.59,0,0,0,1,1,0,1,0,1,0,1,0,1,0,1,0,0,0,0,0,1
0,0,1,1,25,1,1,104.03,2597.17,0,0,0,1,1,0,1,0,1,0,1,0,1,0,1,0,1,0,0,0,1
0,0,0,0,7,1,1,105.3,743.3,1,0,0,0,0,0,1,0,0,1,1,0,0,1,0,0,0,0,0,0,1
1,0,1,0,6,1,0,48.89,305.98,0,1,1,0,0,0,0,0,1,0,0,1,0,0,0,0,0,0,0,0,1
0,0,1,1,0,1,1,24.97,18.67,0,1,0,0,0,1,0,1,0,0,0,0,0,0,0,1,0,0,0,0,0
0,0,1,1,8,1,0,62.89,494.79,0,0,0,0,0,0,0,1,1,0,0,0,0,0,0,1,0,0,0,0,0
0,0,0,1,14,1,1,75.97,1063.5,0,0,1,0,0,0,0,1,0,0,0,1,0,0,0,1,0,0,0,0,0
1,0,1,0,43,1,1,97.15,4181.45,0,0,0,0,0,1,0,0,1,0,0,0,1,0,0,1,0,0,0,1,0
1,0,0,0,53,0,1,117.69,6259.24,1,0,0,0,0,1,0,0,0,1,0,0,0,1,0,0,0,0,1,0,0
1,0,0,1,7,0,1,49.02,337.33,1,0,1,0,0,0,0,0,0,1,0,0,1,0,0,0,0,1,0,0,0
1,1,0,0,24,1,1,60.0,1457.37,0,0,0,0,0,1,0,0,0,0,0,1,0,1,0,0,0,0,0,0,0
1,1,1,1,48,1,1,65.4,3123.81,1,0,1,0,0,0,0,0,1,0,0,1,0,1,0,0,0,0,1,0,0
0,0,0,0,63,1,1,82.95,5224.37,0,0,1,0,0,0,0,0,1,0,0,1,0,0,0,0,1,0,0,0,0
1,0,1,0,20,1,1,74.8,1503.81,0,1,0,0,0,0,0,0,1,0,0,1,0,1,0,0,0,0,0,0,0
0,0,1,0,11,1,0,113.35,1233.66,0,0,0,0,0,0,0,0,0,0,0,0,0,0,0,0,1,0,1,0,0
0,0,1,1,27,1,0,110.77,2985.94,0,1,0,0,0,0,0,1,0,1,0,1,0,0,0,0,0,1,0,0,1
0,1,0,0,70,1,1,45.0,3151.5,0,0,1,0,0,1,0,0,0,1,0,0,0,1,0,0,0,0,0,0,0
0,0,1,1,41,1,0,111.4,4561.29,0,1,0,0,0,1,0,0,0,0,0,1,0,0,0,0,1,0,0,0,1
0,0,1,1,8,1,0,51.94,408.68,1,0,0,0,0,0,0,1,0,0,0,1,0,0,0,0,1,0,1,0,0
0,0,1,0,16,1,0,89.61,1438.42,0,1,0,0,0,1,0,0,0,0,0,0,0,0,0,1,0,1,0,1,0
1,0,1,1,2,1,1,34.76,45.58,1,0,1,0,0,0,0,0,0,0,0,0,0,0,1,0,0,1,0,1,0
0,0,1,0,66,1,1,79.94,5275.48,0,0,1,0,0,0,0,0,0,0,0,1,0,0,0,1,1,0,0,0,1
1,0,0,0,48,0,1,100.22,4811.24,1,0,0,0,0,0,0,0,0,0,0,0,0,0,0,0,0,0,0,0,0
1,0,1,0,44,1,0,44.4,1949.76,0,1,0,0,0,0,0,1,0,0,0,1,0,0,0,0,0,1,0,0,0
0,0,1,1,36,1,1,67.46,2426.39,0,0,1,0,0,0,0,0,1,0,0,1,0,0,1,0,0,1,1,0,0
1,0,1,0,64,1,1,116.7,7458.3,0,0,1,0,0,1,1,0,0,0,0,0,0,1,0,0,0,0,0,1,0
0,0,1,0,66,1,1,29.27,1928.86,0,0,0,0,0,0,0,0,0,0,0,1,0,0,0,0,0,1,0,1,0
1,0,1,0,1,1,0,86.11,100.93,0,0,0,0,0,1,0,0,1,0,0,0,0,1,0,0,0,0,0,1,0
1,0,1,1,29,1,0,41.49,1201.87,0,0,1,0,0,1,0,0,0,0,0,1,1,0,0,0,0,1,0,1,0
0,0,0,0,45,1,1,31.76,1412.14,0,1,0,0,0,0,0,0,0,1,0,0,0,0,0,0,0,0,0,0,0
0,1,1,0,30,0,1,42.85,1289.65,1,0,0,1,1,0,1,0,1,0,1,0,1,0,1,0,0,0,0,0,1
0,0,1,1,25,1,1,98.85,2463.61,0,1,0,0,0,1,0,0,0,0,0,1,0,1,1,0,1,0,0,1,0
0,0,0,0,44,1,1,36.1,1591.71,0,1,0,0,0,0,0,0,0,1,0,1,0,0,0,0,0,1,0,1,0
0,0,1,0,12,1,0,109.41,1293.62,1,0,0,0,0,0,0,1,0,0,0,0,0,0,0,0,0,0,1,0,0
0,0,0,1,7,1,0,87.58,618.93,0,1,1,0,1,0,0,1,0,0,0,1,0,1,0,0,0,0,1,0,0
0,0,0,0,67,1,0,76.8,5143.43,0,1,0,0,0,1,0,1,0,0,0,0,0,0,0,1,0,1,0,0,0
1,0,1,0,19,1,0,37.39,701.16,1,0,0,1,1,0,1,0,1,0,1,0,1,0,1,0,0,0,0,0,1
0,0,1,0,6,1,1,85.53,518.29,0,0,1,0,0,0,0,0,0,1,0,1,0,0,0,0,0,0,1,0,0
0,0,1,0,33,1,1,20.42,656.87,0,0,0,0,0,0,0,0,0,0,0,0,0,1,0,1,1,0,0,0,1
0,0,1,0,50,1,0,38.88,1928.51,0,0,1,0,0,0,0,1,0,1,0,1,0,0,0,1,1,0,0,0,0
1,0,1,0,67,1,0,61.78,4134.89,1,0,0,0,0,0,0,0,0,1,1,0,1,0,0,1,0,1,1,0,0
0,0,0,0,18,0,0,54.03,978.89,1,0,1,0,0,0,1,0,0,1,0,0,0,0,0,1,0,1,0,1,0
0,0,1,0,57,1,1,56.76,3261.26,0,0,1,0,0,0,0,0,0,1,0,0,0,1,0,0,0,0,1,0,0
0,0,0,0,65,0,0,69.05,4488.36,1,0,0,0,0,0,0,1,0,0,0,0,0,0,0,1,0,0,0,1,0
0,1,1,0,14,1,1,86.43,1205.06,0,0,1,0,0,0,0,0,1,0,0,0,0,1,0,1,1,0,0,1,0
0,0,0,0,61,1,1,38.61,2363.05,0,0,1,0,0,0,0,1,0,0,0,0,0,0,0,0,0,0,0,0,0
1,0,1,0,17,1,1,50.21,863.28,0,1,0,0,0,0,0,0,1,0,0,1,0,1,0,1,0,0,0,0,1
1,0,1,0,65,1,1,78.76,5126.09,0,1,0,0,0,0,0,0,0,0,0,1,0,0,0,1,0,0,0,0,1
1,0,0,0,66,1,1,63.63,4190.3,0,1,1,0,0,0,0,0,0,0,0,0,0,0,0,0,0,0,0,0,1
0,0,1,0,72,1,0,77.37,5578.59,0,0,0,1,1,0,1,0,1,0,1,0,1,0,1,0,1,0,1,0,0
0,0,1,1,31,1,1,51.41,1606.52,0,0,0,0,0,0,0,0,1,0,0,0,0,0,0,1,0,0,0,1,0
1,0,1,0,4,1,1,105.91,422.59,0,0,1,0,0,0,0,0,0,0,0,0,0,1,0,0,0,0,0,0,0
1,0,0,1,21,1,1,50.03,1047.96,0,0,0,0,0,0,0,1,0,0,0,0,0,0,0,0,0,0,0,0,1
0,0,0,0,67,1,0,116.28,7788.95,0,1,0,0,0,0,0,1,0,0,0,0,0,0,0,1,1,0,0,0,0
1,0,1,1,21,1,1,107.06,2259.63,0,0,1,0,0,0,0,0,0,0,0,0,0,1,0,1,0,0,0,1,0
1,1,1,1,43,1,0,96.01,4125.62,0,0,0,1,1,0,1,0,1,0,1,0,1,0,1,0,0,0,1,0,0
1,0,1,0,12,1,0,32.02,386.2,0,1,0,0,0,1,0,0,0,0,0,0,0,0,0,0,0,0,1,0,0
0,0,0,1,41,1,1,78.65,3230.43,0,0,0,0,1,0,0,0,0,1,0,0,1,0,0,1,1,0,1,0,0
0,0,0,0,14,1,1,35.68,489.6,0,0,0,1,1,0,1,0,1,0,1,0,1,0,1,0,1,0,0,1,0
1,0,0,0,12,1,1,102.91,1254.67,0,0,1,0,0,0,0,0,0,0,0,0,0,1,0,0,0,0,0,1,0
1,0,1,0,24,1,1,111.15,2664.88,0,1,0,0,1,0,0,0,0,0,0,0,0,0,0,1,0,1,0,0,0
0,1,0,0,67,1,0,80.2,5380.26,0,0,0,0,1,0,0,0,0,0,0,0,0,1,0,0,0,0,0,0,0
0,0,0,1,59,1,0,88.05,5192.82,0,0,1,0,0,0,0,0,0,1,0,0,0,0,0,1,0,0,0,1,0
0,0,0,0,59,1,1,34.31,2035.84,1,0,0,0,0,0,0,0,0,0,0,1,0,0,0,0,0,0,0,0,0
0,0,0,0,20,1,0,48.19,948.6,0,0,1,0,0,0,0,0,0,0,0,0,0,0,1,0,0,0,0,0,1
0,0,0,0,25,1,0,107.84,2680.45,0,1,0,0,0,1,0,0,0,0,1,0,0,1,0,1,1,0,1,0,0
0,0,0,0,2,1,1,112.3,201.76,0,0,1,0,0,0,0,0,0,1,0,0,0,1,0,0,0,0,0,1,0
1,0,0,0,6,1,0,87.85,512.79,0,0,0,0,0,1,0,0,0,0,0,1,1,0,0,1,1,0,0,0,0
1,0,0,0,19,1,1,49.73,949.35,0,0,1,0,0,0,0,0,0,1,1,0,0,1,0,1,0,0,0,0,0
1,0,0,0,29,1,1,57.6,1647.16,0,0,1,0,0,0,0,1,0,1,0,0,0,1,0,0,0,0,0,0,1
1,1,0,0,32,1,1,62.58,1985.33,0,1,0,1,1,0,1,0,1,0,1,0,1,0,1,0,0,0,0,0,1
1,1,0,1,63,1,0,54.77,3440.49,0,1,0,1,1,0,1,0,1,0,1,0,1,0,1,0,0,0,0,1,0
1,0,0,0,32,1,1,50.46,1613.47,0,0,1,0,0,0,0,1,0,0,0,1,0,0,0,0,0,1,0,0,1
1,0,0,0,55,1,0,40.91,2261.37,0,1,0,0,0,0,0,0,0,0,0,0,0,1,0,0,1,0,0,0,1
1,0,1,0,58,1,1,27.82,1616.31,0,1,0,1,1,0,1,0,1,0,1,0,1,0,1,0,0,0,0,1,0
0,1,0,1,39,0,1,98.85,3858.24,1,0,1,0,0,0,0,1,0,1,1,0,0,0,0,1,0,1,0,0,1
1,0,0,0,10,1,0,89.25,904.77,0,0,1,0,0,0,0,0,0,0,0,1,0,1,0,0,1,0,0,0,1
1,0,1,1,9,1,0,92.98,849.08,0,0,0,0,1,0,0,0,0,1,0,1,0,0,0,0,0,0,0,0,1
1,0,0,0,8,1,1,24.96,215.8,0,1,0,0,0,0,0,0,0,0,0,0,0,1,0,0,0,1,0,1,0
1,0,0,0,22,1,0,35.56,776.05,0,0,0,0,0,1,0,0,0,1,0,1,0,1,0,1,0,0,1,0,0
0,0,1,0,10,1,0,63.97,649.71,0,0,1,0,1,0,0,0,1,0,0,0,0,0,0,0,1,0,0,1,0
1,0,1,0,21,1,0,97.36,2053.61,0,0,1,0,0,0,0,1,0,0,0,0,0,0,0,1,0,1,1,0,0
0,0,1,0,16,1,1,96.49,1536.21,1,0,0,0,0,1,0,0,0,0,0,0,0,0,0,0,0,0,0,0,0
0,0,1,1,72,1,1,93.11,6699.84,0,1,0,0,0,0,0,1,0,0,0,0,0,0,0,0,0,0,0,1,0
0,1,0,0,68,1,1,98.16,6672.68,0,0,0,0,0,1,0,0,0,0,1,0,0,0,0,0,0,0,0,1,0
0,0,1,0,7,1,0,42.26,297.47,0,0,1,0,0,0,1,0,0,1,0,1,0,1,0,1,0,0,0,1,0
1,0,1,0,63,1,0,110.76,6967.69,0,0,0,0,1,0,0,0,0,0,0,1,0,0,0,0,0,1,1,0,0
0,0,1,0,11,1,1,25.9,278.24,0,0,0,1,1,0,1,0,1,0,1,0,1,0,1,0,0,1,0,0,1
1,0,1,0,33,1,1,52.9,1755.89,0,1,0,1,1,0,1,0,1,0,1,0,1,0,1,0,0,1,0,1,0
1,0,0,0,33,1,0,28.04,934.25,0,1,0,0,0,0,0,0,0,0,0,1,0,1,0,1,0,0,0,0,1
1,0,0,1,71,1,1,23.03,1641.68,0,1,0,0,0,0,0,0,0,0,0,0,0,1,0,1,1,0,1,0,0
1,0,1,0,26,1,1,81.36,2109.79,0,1,0,0,0,0,0,0,0,1,0,0,1,0,0,1,0,0,0,1,0
0,0,1,0,32,1,0,118.37,3783.63,0,1,1,0,0,0,0,1,0,1,0,0,0,1,0,0,1,0,0,0,0
0,0,0,1,19,1,1,50.11,955.81,0,0,1,0,1,0,0,1,1,0,0,1,0,1,0,1,0,0,0,0,1
0,1,0,1,38,1,1,53.96,2056.19,0,1,0,0,0,1,0,1,0,0,0,0,0,0,0,1,0,0,0,1,0
0,0,1,0,30,1,1,79.48,2368.0,0,0,1,0,0,0,0,1,0,1,0,0,0,0,0,1,1,0,0,0,1
0,0,1,0,44,1,0,95.07,4201.73,1,0,0,0,0,1,0,0,0,0,1,0,0,0,0,0,1,0,0,0,0
1,0,1,0,29,1,0,32.79,942.57,0,1,0,0,0,0,0,0,0,1,0,1,0,0,0,1,0,0,0,0,0
0,0,1,0,63,1,0,34.95,2203.77,1,0,0,0,0,1,0,0,0,0,0,1,0,1,0,0,0,0,0,0,0
1,0,1,0,47,1,1,116.11,5443.19,0,0,0,0,0,0,0,1,0,0,0,0,1,0,0,1,1,0,0,0,1
1,1,1,0,19,1,0,21.23,405.2,0,0,0,0,0,0,0,0,0,1,1,0,0,0,0,1,0,0,1,0,0
0,1,0,0,42,1,0,91.99,3872.49,1,0,0,0,1,0,0,0,0,0,1,0,0,0,0,1,0,0,0,0,1
0,0,1,0,19,0,1,114.91,2181.97,1,0,1,0,0,0,0,1,0,0,0,1,0,1,0,1,0,0,1,0,0
0,0,0,1,26,1,0,66.27,1717.66,0,1,1,0,0,0,0,1,0,1,0,0,0,0,0,0,0,0,0,0,0
1,0,0,0,48,1,0,94.03,4514.29,0,1,1,0,0,1,0,1,0,0,0,0,0,0,0,1,0,0,1,0,0
0,0,1,1,20,1,0,63.08,1250.86,0,1,0,0,0,0,1,0,0,1,0,1,0,0,0,0,0,1,0,1,0
1,0,0,1,11,1,1,94.54,1039.86,0,0,1,0,0,0,0,0,1,0,0,0,0,1,0,0,0,0,1,0,0
1,0,1,0,34,0,0,65.98,2245.22,1,0,0,0,0,0,1,0,0,0,0,0,0,0,0,1,0,1,0,0,0
1,0,0,0,12,1,0,85.77,1053.67,0,1,1,0,0,0,0,0,0,1,0,1,0,1,0,0,0,0,0,1,0
0,0,1,1,71,1,1,57.01,4045.87,0,0,1,0,0,0,0,0,0,0,0,0,1,0,0,0,0,0,0,0,0
0,1,0,0,34,1,0,43.73,1481.8,0,0,1,0,0,1,0,0,0,1,0,0,1,0,0,0,0,0,0,0,0
1,0,0,0,31,1,0,55.25,1713.54,0,0,1,0,0,0,0,0,0,0,0,0,0,0,0,1,1,0,0,0,1
1,1,0,1,40,1,0,83.2,3325.03,0,0,1,0,0,0,0,1,0,0,0,1,0,0,0,0,1,0,1,0,0
1,1,1,1,58,1,1,56.8,3306.83,1,0,0,0,0,0,0,0,0,1,0,0,0,0,0,0,0,0,0,0,1
0,0,1,1,40,1,1,94.93,3799.84,0,0,0,1,1,0,1,0,1,0,1,0,1,0,1,0,0,0,0,1,0
0,0,0,0,55,1,0,23.63,1292.89,0,0,1,0,0,1,0,1,0,0,1,0,0,0,0,0,0,0,0,1,0
1,0,0,1,31,1,1,57.14,1773.03,0,0,0,1,1,0,1,0,1,0,1,0,1,0,1,0,0,0,0,1,0
0,0,0,1,16,1,1,90.79,1444.68,0,1,0,0,0,1,0,0,0,0,0,0,1,0,0,1,1,0,0,0,0
1,0,0,0,41,1,1,31.66,1282.58,0,1,1,0,0,1,0,1,0,0,0,1,0,0,0,1,1,0,0,0,1
0,0,1,0,52,1,1,69.2,3599.24,0,0,0,0,0,0,0,0,0,0,0,0,0,0,0,0,0,1,0,0,1
0,0,0,1,71,1,1,92.03,6537.25,1,0,0,0,0,0,0,0,1,0,0,0,1,0,0,0,0,0,0,0,1
1,0,1,0,27,1,1,103.86,2801.38,0,1,0,1,1,0,1,0,1,0,1,0,1,0,1,0,0,0,0,0,0
0,0,0,0,29,1,1,43.95,1253.87,0,0,0,1,1,0,1,0,1,0,1,0,1,0,1,0,0,0,0,0,1
0,0,1,0,9,1,1,44.23,394.69,0,1,0,0,0,1,0,0,0,0,0,0,0,0,1,0,0,0,0,1,0
0,1,1,0,23,1,1,66.47,1532.85,0,0,1,0,0,1,1,0,1,0,0,1,0,1,0,0,0,0,0,0,0
0,0,1,0,63,1,1,32.35,2045.85,0,0,0,1,1,0,1,0,1,0,1,0,1,0,1,0,0,1,0,1,0
0,0,0,0,10,1,1,70.46,718.0,0,0,1,0,1,0,0,0,0,0,0,0,0,0,0,1,0,0,1,0,0
1,0,1,1,1,1,0,52.41,39.98,1,0,0,0,1,0,0,1,0,0,0,1,0,0,0,0,0,0,0,0,1
1,0,0,0,63,1,1,55.6,3491.04,0,1,0,0,0,0,0,1,0,1,0,0,1,0,0,0,0,0,1,0,0
1,1,0,1,13,1,0,22.85,307.99,0,0,0,0,0,1,0,0,0,0,0,1,0,0,0,0,0,0,0,1,0
1,1,0,0,12,1,1,84.66,1018.1,0,0,0,1,1,0,1,0,1,0,1,0,1,0,1,0,0,0,1,0,0
1,0,1,0,53,1,0,80.72,4268.1,0,1,1,0,0,0,0,0,0,0,0,0,1,0,0,0,0,1,1,0,0
0,0,1,1,38,1,1,70.81,2684.25,0,0,0,0,0,0,1,0,0,1,0,1,0,0,0,1,0,0,0,0,0
1,0,1,0,44,1,0,91.92,4046.17,0,0,0,0,0,0,0,0,0,0,0,0,1,0,0,1,0,1,0,1,0
0,0,1,0,63,1,1,101.73,6409.82,1,0,0,0,0,0,0,0,0,1,0,1,0,1,0,0,1,0,0,0,0
1,0,1,0,42,1,0,67.67,2829.01,0,0,1,0,0,0,0,0,0,0,0,0,0,0,0,1,0,0,0,1,0
0,1,1,0,17,1,1,101.75,1738.38,0,0,0,0,0,0,0,1,0,0,0,0,0,0,0,0,0,0,0,1,0
0,0,0,0,9,1,1,110.53,1009.25,0,0,1,0,0,0,0,0,0,1,0,1,1,0,0,0,0,0,1,0,0
0,0,1,0,19,1,1,55.66,1063.89,0,0,1,0,0,0,0,0,0,1,0,0,1,0,0,1,0,0,0,0,1
0,0,1,0,57,1,1,94.64,5408.19,0,1,0,0,0,1,0,0,0,0,0,1,0,0,1,0,1,0,0,1,0
1,0,0,0,41,1,1,116.06,4753.39,0,1,1,0,0,1,1,0,0,0,0,1,0,0,0,0,0,0,0,1,0
0,0,1,1,61,1,0,47.77,2907.73,0,0,0,0,0,0,0,0,0,0,0,0,0,0,0,1,0,0,0,1,0
1,0,1,0,40,1,1,81.38,3264.63,0,1,0,0,0,0,0,1,1,0,0,0,0,0,0,0,0,0,1,0,0
0,0,0,0,71,1,1,43.09,3061.22,0,1,0,0,0,0,0,0,1,0,0,0,1,0,0,0,0,0,1,0,0
0,0,1,0,31,1,0,114.5,3557.54,1,0,1,0,0,1,1,0,0,1,0,0,0,0,0,0,0,0,1,0,0
0,1,1,0,45,1,0,99.63,4496.52,0,0,0,0,0,0,0,1,0,0,0,0,0,1,0,1,0,0,0,0,0
1,1,0,0,53,1,1,76.1,4040.88,0,1,1,0,0,0,0,0,0,0,0,0,0,0,0,0,0,0,0,0,0
0,0,0,1,58,1,0,107.64,6251.48,0,1,1,0,0,0,0,0,0,0,0,1,0,0,0,1,0,0,0,1,0
0,0,0,0,68,1,1,62.41,4254.45,0,0,1,0,0,1,0,1,0,1,0,0,0,0,0,0,0,0,1,0,0
1,1,0,0,14,1,0,45.67,622.48,1,0,1,0,1,0,0,0,0,0,0,1,0,1,0,0,0,0,1,0,0
0,0,0,0,72,1,1,46.36,3363.0,1,0,1,0,1,0,0,0,0,1,0,0,1,0,0,1,0,0,0,0,1
0,1,0,0,60,1,0,76.86,4616.56,0,0,0,0,0,1,0,0,0,0,0,0,0,1,0,1,0,0,0,0,0
0,0,0,0,21,1,1,24.8,523.28,0,0,1,0,0,0,0,0,0,1,0,0,1,0,0,0,0,0,0,0,0
0,0,1,0,53,1,1,37.68,2017.48,1,0,0,0,0,0,0,1,0,0,0,0,0,0,0,1,0,0,0,0,1
1,0,0,0,3,1,1,94.02,292.59,0,0,0,0,0,1,0,1,0,1,0,0,0,0,0,0,0,0,0,1,0
1,0,1,1,29,1,1,106.97,3113.75,0,1,0,0,0,0,0,0,0,0,0,1,1,0,1,0,1,0,1,0,0
1,0,0,0,19,1,1,49.24,917.1,0,0,0,0,0,0,0,1,0,0,0,1,0,0,0,0,0,1,0,0,1
1,0,1,0,54,0,1,44.14,2394.3,1,0,1,0,0,0,0,0,0,1,0,0,0,1,0,0,1,0,0,0,0
1,0,1,0,54,1,1,110.89,5991.2,0,1,0,0,0,0,0,0,0,0,0,0,0,0,0,1,0,0,0,0,1
1,0,1,1,31,0,0,45.97,1418.05,1,0,0,0,0,0,0,0,0,0,0,1,0,1,0,0,0,0,0,1,0
0,0,1,0,52,1,0,72.74,3783.29,0,0,0,0,0,1,0,0,0,1,0,0,0,1,0,1,0,0,0,0,0
1,1,1,0,72,1,0,27.54,1964.7,0,0,0,0,0,1,0,0,0,1,0,0,0,1,0,0,1,0,1,0,0
1,0,1,0,57,1,1,96.52,5505.15,0,1,1,0,1,0,0,0,0,0,0,0,0,0,0,0,0,1,1,0,0
1,0,1,0,51,1,1,74.87,3819.91,0,0,0,1,1,0,1,0,1,0,1,0,1,0,1,0,0,0,0,0,1
1,0,0,0,8,1,0,100.21,795.2,0,1,1,0,0,0,0,0,0,0,0,0,0,1,0,0,0,1,0,1,0
0,0,1,0,33,0,1,112.04,3699.23,1,0,0,0,0,1,1,0,0,0,0,0,0,1,0,1,1,0,1,0,0
0,1,1,0,38,1,0,65.16,2484.43,1,0,0,0,0,1,0,1,0,1,0,1,0,0,0,0,0,0,0,0,1
1,0,0,0,3,1,0,114.28,342.39,1,0,1,0,0,1,0,0,0,0,0,0,0,1,0,1,1,0,0,0,1
1,0,0,1,15,1,0,103.97,1567.01,0,0,0,0,0,0,0,0,0,0,0,0,0,0,0,0,0,1,1,0,0
0,0,0,1,23,1,0,103.95,2397.47,0,1,1,0,0,0,0,0,0,0,0,0,0,0,0,0,0,0,1,0,0
0,0,0,0,12,1,0,92.65,1108.42,0,0,0,1,1,0,1,0,1,0,1,0,1,0,1,0,0,1,0,1,0
0,0,1,0,9,1,0,47.17,403.36,0,1,1,0,0,0,0,0,0,1,0,0,0,0,0,0,0,0,0,0,0
0,0,0,1,12,1,1,68.4,817.27,0,0,0,0,0,1,0,0,0,1,0,1,1,0,0,1,1,0,0,0,1
0,0,0,1,9,1,1,44.39,387.22,0,1,0,0,0,0,0,0,0,0,0,0,0,1,0,0,0,0,0,0,1
1,0,0,0,50,1,1,104.67,5237.42,0,0,0,0,0,1,0,0,0,1,0,1,0,0,0,0,0,1,0,0,0
0,0,0,1,50,1,1,94.36,4713.21,0,1,1,0,0,0,0,0,0,1,0,0,1,0,0,1,0,0,1,0,0
1,1,0,0,48,1,1,102.89,4931.73,0,1,0,0,0,0,0,0,0,0,0,0,0,1,0,1,0,0,0,1,0
0,0,0,1,43,1,1,113.26,4861.82,0,0,1,0,0,0,1,0,0,1,0,0,0,1,1,0,0,0,1,0,0
1,0,1,0,22,1,0,110.12,2434.24,1,0,1,0,0,0,0,1,1,0,0,1,0,0,0,0,0,1,0,1,0
1,0,1,1,67,1,0,36.56,2452.16,1,0,0,0,0,0,0,0,1,0,0,0,0,1,0,0,1,0,0,1,0
1,1,1,0,66,1,0,45.57,3016.79,0,0,1,0,0,0,0,1,0,1,0,0,0,0,0,1,0,0,1,0,0
1,0,1,0,38,1,1,21.37,805.69,0,1,0,0,0,0,0,0,0,1,0,0,0,0,0,1,0,0,0,1,0
0,0,0,0,24,1,1,47.3,1132.41,0,1,0,0,0,1,0,0,0,0,0,1,0,0,0,0,0,1,0,1,0
1,0,0,0,55,1,0,23.68,1286.64,0,1,0,0,1,0,0,0,0,0,0,1,0,0,0,1,1,0,0,0,0
1,1,1,0,71,0,0,101.41,7211.95,1,0,0,0,0,0,0,1,0,0,0,1,0,0,0,1,1,0,0,0,1
1,0,1,0,52,1,1,24.5,1278.83,0,1,0,1,1,0,1,0,1,0,1,0,1,0,1,0,0,0,0,1,0
1,0,0,0,29,1,0,51.24,1483.27,0,1,1,0,0,0,0,0,0,1,0,0,0,0,0,1,1,0,0,0,1
1,0,1,0,35,1,1,96.2,3362.94,0,1,0,0,0,1,0,0,0,0,0,1,0,0,0,1,0,1,1,0,0
1,1,1,1,46,1,0,106.23,4895.41,0,1,0,0,0,0,0,1,0,0,0,0,0,1,0,0,0,1,0,0,0
1,0,1,0,34,1,1,26.16,875.16,0,1,1,0,0,1,0,1,0,0,0,1,0,0,1,0,0,0,0,1,0
1,0,0,1,7,1,1,82.48,580.11,0,0,1,0,0,0,0,0,0,0,0,0,0,0,0,1,0,0,0,0,1
1,0,0,1,35,1,0,82.85,2898.31,0,0,1,0,0,0,1,0,0,0,0,0,0,1,0,0,1,0,0,0,0
1,0,0,1,8,1,1,55.85,457.96,0,0,0,1,1,0,1,0,1,0,1,0,1,0,1,0,0,1,1,0,0
1,0,1,0,24,1,1,47.96,1145.96,1,0,0,0,0,0,0,0,0,0,0,0,0,1,0,0,0,1,0,0,1
1,0,0,0,44,1,1,64.22,2830.52,0,1,0,1,1,0,1,0,1,0,1,0,1,0,1,0,0,0,0,0,1
1,0,0,0,0,1,1,65.69,5.12,0,0,0,0,0,1,0,1,0,1,0,0,0,0,0,0,0,0,0,1,0
0,0,0,1,42,1,1,80.07,3369.02,0,1,0,1,1,0,1,0,1,0,1,0,1,0,1,0,0,0,0,1,0
1,0,1,0,4,1,0,119.64,483.88,0,0,1,0,0,0,0,0,0,0,0,1,0,0,0,0,0,0,0,1,0
1,0,0,0,61,1,0,114.96,7014.23,1,0,0,0,1,0,0,1,0,0,0,0,0,0,0,0,0,0,0,0,0
1,0,0,0,14,1,0,25.35,334.81,0,1,0,0,0,0,1,0,0,0,0,0,0,0,0,0,1,0,0,1,0
0,1,0,1,3,1,1,104.01,310.69,0,1,0,1,1,0,1,0,1,0,1,0,1,0,1,0,0,0,1,0,0
1,0,1,0,41,1,1,100.92,4141.02,0,0,0,0,0,0,0,0,0,0,0,0,1,0,0,0,1,0,0,0,1
0,0,0,0,37,1,1,31.8,1166.27,0,0,1,0,0,0,0,1,0,0,1,0,0,0,0,0,1,0,0,0,1
1,1,1,0,27,1,0,37.09,996.5,0,1,0,0,0,0,0,0,0,0,0,0,0,1,0,1,0,1,0,1,0
1,0,0,0,59,0,1,96.85,5710.08,1,0,0,1,1,0,1,0,1,0,1,0,1,0,1,0,0,0,0,0,0
0,0,0,0,47,1,1,114.89,5394.76,0,1,1,0,0,0,0,1,0,1,0,1,1,0,0,0,0,1,0,0,0
1,0,1,1,24,1,1,64.17,1554.64,0,1,0,1,1,0,1,0,1,0,1,0,1,0,1,0,0,1,0,0,1
0,0,0,0,45,1,0,59.4,2673.26,0,0,1,0,0,1,0,0,0,0,0,0,0,0,0,0,0,0,0,0,1
1,0,0,1,7,1,1,100.06,706.17,0,1,0,0,0,1,0,0,0,0,0,0,0,1,0,0,0,1,0,1,0
1,0,1,1,23,1,0,105.31,2435.16,0,1,1,0,0,1,0,0,0,0,0,0,0,0,1,0,0,0,1,0,0
0,0,0,0,50,1,1,45.84,2285.13,0,0,0,0,1,0,1,0,0,0,0,0,0,0,0,0,0,0,1,0,0
1,0,1,0,61,1,1,86.27,5245.43,0,0,0,1,1,0,1,0,1,0,1,0,1,0,1,0,0,0,0,1,0
0,0,1,0,42,1,0,76.87,3234.0,1,0,0,0,0,0,1,0,0,1,0,0,0,0,0,0,0,0,0,0,0
1,1,1,0,66,1,0,110.33,7287.39,0,0,0,1,1,0,1,0,1,0,1,0,1,0,1,0,0,0,0,0,1
1,0,1,1,13,0,0,31.33,424.0,1,0,0,0,0,1,0,0,0,1,0,0,0,1,0,0,0,0,0,0,0
1,0,1,0,32,0,1,50.13,1603.8,1,0,0,0,0,0,1,0,0,1,0,0,0,0,0,1,0,1,1,0,0
0,0,1,0,57,1,1,68.08,3864.08,0,0,1,0,0,0,0,0,1,0,0,0,0,1,0,0,0,0,1,0,0
1,0,0,0,54,1,1,90.59,4904.24,0,1,0,0,0,1,0,0,0,0,0,0,0,0,1,0,1,0,0,1,0
0,0,0,0,67,1,0,85.2,5712.43,0,1,1,0,0,0,0,1,0,1,0,0,0,1,0,0,0,1,0,0,0
1,0,0,0,17,1,0,103.25,1763.78,0,0,0,0,0,1,0,1,1,0,0,0,1,0,0,1,0,0,0,0,0
0,0,1,0,18,1,1,106.39,1914.49,0,0,1,0,0,1,0,0,0,0,0,0,1,0,0,0,1,0,0,0,0
0,0,0,0,44,1,1,110.64,4875.1,0,1,1,0,0,0,0,1,0,0,0,1,0,0,0,0,0,0,0,1,0
1,0,1,1,46,1,0,91.35,4217.45,1,0,1,0,0,1,0,0,0,0,0,0,0,1,0,0,1,0,0,0,0
1,0,0,0,69,1,1,76.65,5281.47,0,0,0,0,0,0,1,0,0,0,0,0,0,1,0,1,0,0,0,0,1
1,1,0,0,34,1,1,54.15,1839.13,0,1,0,0,0,0,0,0,0,0,0,1,1,0,1,0,1,0,0,1,0
0,0,0,0,66,1,0,90.17,5953.06,0,1,0,0,0,0,0,0,0,0,0,0,0,0,0,1,0,0,1,0,0
1,0,1,0,59,1,0,115.3,6806.82,0,0,0,0,0,1,0,0,0,0,1,0,0,0,1,0,1,0,0,0,0
1,1,1,0,33,0,1,64.78,2139.9,1,0,0,0,0,0,0,1,0,0,0,0,0,1,0,0,0,1,0,0,0
1,0,0,1,68,1,1,76.79,5223.32,0,1,0,1,1,0,1,0,1,0,1,0,1,0,1,0,0,0,0,0,1
1,0,1,0,22,1,1,58.74,1292.49,0,0,0,1,1,0,1,0,1,0,1,0,1,0,1,0,0,0,0,0,0
0,0,0,1,2,0,0,58.12,117.51,1,0,0,0,0,0,0,1,0,1,0,0,0,0,0,1,1,0,0,0,1
1,0,0,0,12,1,1,109.18,1291.21,0,1,0,0,0,0,0,0,0,1,0,0,0,0,0,1,0,0,0,0,0
0,1,0,1,17,1,0,54.13,912.35,0,0,0,0,0,0,0,0,0,0,0,1,0,0,0,0,1,0,0,1,0
0,0,0,1,64,0,1,48.93,3132.83,1,0,0,0,0,1,1,0,1,0,0,1,0,1,0,0,0,0,0,0,1
1,0,1,0,40,1,1,100.5,4022.04,0,1,0,1,1,0,1,0,1,0,1,0,1,0,1,0,0,0,0,0,1
0,0,1,0,54,1,1,50.72,2736.2,0,0,1,0,0,0,0,1,0,0,0,1,0,1,0,1,1,0,1,0,0
0,0,1,1,53,1,0,92.15,4897.89,0,1,0,0,0,0,0,0,0,0,0,0,0,0,0,1,0,0,0,1,0
1,0,1,0,63,1,0,81.25,5121.18,0,0,0,0,0,1,0,1,0,0,0,1,0,0,0,0,0,0,0,0,1
0,0,0,0,2,1,0,87.06,189.81,0,0,0,1,1,0,1,0,1,0,1,0,1,0,1,0,1,0,1,0,0
0,0,0,0,54,1,1,35.88,1930.86,0,0,0,0,0,1,0,1,0,0,0,0,0,0,0,1,0,0,0,0,0
1,0,0,0,71,1,1,89.31,6334.9,0,0,0,0,0,0,0,0,1,0,0,0,0,1,0,0,0,0,0,0,0
1,1,1,0,16,1,1,71.01,1133.12,0,0,0,1,1,0,1,0,1,0,1,0,1,0,1,0,0,0,0,1,0
1,0,1,0,6,1,0,101.41,582.88,0,0,1,0,0,0,0,0,0,0,0,0,0,0,0,0,0,1,1,0,0
0,0,1,1,34,0,0,53.89,1842.09,1,0,1,0,0,0,0,1,1,0,0,0,0,0,0,1,0,0,1,0,0
0,0,0,0,35,1,0,80.66,2835.26,0,1,1,0,0,1,0,1,0,0,0,0,0,0,0,0,1,0,0,0,1
0,0,1,0,48,1,0,39.85,1924.24,0,0,0,1,1,0,1,0,1,0,1,0,1,0,1,0,0,1,0,0,1
1,0,1,0,33,1,1,26.79,896.9,0,1,0,0,0,0,0,0,0,0,0,0,0,0,0,0,1,0,0,1,0
0,0,1,0,52,1,1,56.93,2956.3,0,1,0,1,1,0,1,0,1,0,1,0,1,0,1,0,0,1,0,0,1
0,0,0,0,58,1,1,111.19,6452.2,1,0,1,0,0,1,0,0,0,0,0,0,0,0,0,0,0,1,0,1,0
1,0,1,0,69,1,1,103.82,7166.15,0,1,0,0,0,0,1,0,0,0,1,0,0,0,0,1,0,1,0,1,0
0,1,0,0,2,0,0,96.76,194.64,1,0,1,0,0,0,0,1,0,1,0,0,0,1,0,0,0,0,0,0,1
0,0,0,0,64,1,0,95.81,6117.03,0,1,1,0,0,1,0,1,0,1,0,1,0,0,0,1,0,0,0,1,0
0,0,1,0,42,1,1,95.97,4031.1,0,0,0,1,1,0,1,0,1,0,1,0,1,0,1,0,0,0,1,0,0
1,0,1,0,10,1,0,77.2,772.89,0,1,1,0,0,0,0,0,0,1,0,1,0,0,0,1,1,0,0,1,0
0,0,1,0,37,1,1,118.43,4379.0,0,0,1,0,0,0,0,0,0,0,0,0,0,0,0,1,0,0,0,0,1
1,0,0,0,62,1,1,41.26,2557.54,0,1,0,1,1,0,1,0,1,0,1,0,1,0,1,0,1,0,1,0,0
0,0,0,0,15,1,0,77.26,1164.59,0,1,0,1,1,0,1,0,1,0,1,0,1,0,1,0,0,1,0,1,0
0,1,0,0,53,1,0,92.62,4903.77,0,1,0,0,0,1,0,1,0,1,0,0,1,0,0,1,0,1,0,1,0
1,0,1,1,59,1,0,48.37,2854.21,0,0,1,0,1,0,0,0,0,0,0,0,0,1,0,0,0,0,0,0,0
1,0,1,1,17,1,0,87.86,1497.29,0,0,1,0,0,1,0,0,1,0,0,0,0,0,0,1,0,0,0,0,0
0,0,0,1,62,1,0,39.38,2457.36,0,1,0,1,1,0,1,0,1,0,1,0,1,0,1,0,0,0,0,0,1
1,0,0,1,6,1,1,30.81,187.8,0,0,0,0,0,0,0,0,0,0,0,1,0,0,0,0,0,0,1,0,0
1,0,0,1,68,1,0,78.42,5326.17,0,1,1,0,0,0,0,1,1,0,0,0,0,0,0,1,1,0,1,0,0
1,0,1,1,3,0,1,46.13,156.35,1,0,1,0,0,0,0,0,0,1,0,0,0,1,0,1,1,0,0,0,0
0,1,0,0,41,1,0,47.97,1960.39,0,0,1,0,0,1,0,1,0,0,0,0,0,0,0,0,0,0,0,0,1
0,1,0,1,51,0,1,51.61,2633.05,1,0,0,0,0,0,0,0,0,0,0,0,0,1,0,0,0,0,0,0,1
0,0,0,0,4,1,1,105.27,398.49,0,1,0,0,0,0,0,1,1,0,0,1,0,0,0,0,0,1,0,0,1
1,0,1,0,65,1,0,37.16,2416.15,0,0,1,0,0,0,0,0,0,0,0,1,0,0,0,1,0,0,0,0,1
0,0,0,0,56,1,1,43.95,2462.03,1,0,1,0,1,0,0,0,0,0,0,1,0,1,0,0,0,0,1,0,0
0,0,1,1,18,1,1,83.98,1511.97,1,0,1,0,1,0,0,1,0,0,0,0,0,0,0,1,0,0,0,1,0
0,0,1,1,1,1,0,77.08,75.17,0,0,1,0,0,1,0,1,0,0,0,1,0,1,0,0,0,0,0,1,0
1,1,0,1,7,1,1,88.04,631.67,0,0,0,0,0,0,0,0,0,1,0,1,1,0,0,0,0,0,0,0,1
0,0,1,1,8,1,0,75.84,617.81,0,0,1,0,0,0,0,1,0,1,0,1,0,0,0,0,0,0,0,0,0
1,0,1,0,34,0,1,21.33,728.71,1,0,1,0,0,0,0,0,0,0,0,0,0,0,0,0,0,0,1,0,0
0,0,0,0,32,1,1,22.25,722.38,1,0,1,0,0,1,0,0,0,1,0,0,0,1,0,0,0,0,0,0,1
1,1,0,0,4,1,1,46.52,195.16,0,0,0,0,0,0,0,0,0,1,0,0,1,0,0,0,0,0,0,0,0
1,0,1,0,23,0,1,118.87,2744.38,1,0,0,1,1,0,1,0,1,0,1,0,1,0,1,0,0,1,0,1,0
0,0,0,1,48,0,1,100.57,4839.59,1,0,0,0,0,0,0,0,0,0,0,0,0,1,0,1,0,0,0,0,0
0,0,0,0,40,1,0,29.39,1180.01,0,0,1,0,1,0,0,1,0,1,0,1,0,0,0,0,0,1,0,1,0
1,0,0,0,19,1,1,33.37,645.11,0,1,0,0,0,0,1,0,0,0,0,0,0,0,1,0,0,0,0,0,1
1,0,1,0,47,1,1,45.01,2096.17,0,0,1,0,1,0,0,0,0,1,0,0,0,0,0,1,0,0,0,1,0
1,0,1,0,0,1,1,77.74,19.3,0,0,0,0,1,0,0,0,0,0,0,0,0,1,0,1,1,0,1,0,0
1,0,0,0,8,1,0,107.0,857.04,0,1,1,0,0,0,0,0,0,0,0,0,0,0,0,1,0,0,0,1,0
1,0,0,0,37,1,0,95.45,3513.43,0,0,1,0,1,0,0,1,0,1,1,0,0,0,1,0,0,0,0,0,0
0,0,0,1,8,1,1,22.97,172.63,0,1,0,0,0,0,0,1,0,0,0,0,0,0,0,0,0,0,0,0,0
1,1,0,1,52,1,1,35.34,1830.01,0,1,0,0,0,1,0,1,0,0,0,0,0,1,0,1,0,0,0,0,0
1,1,1,0,3,1,1,41.8,118.72,0,1,1,0,0,0,0,0,0,0,0,1,0,1,0,1,1,0,0,0,1
0,1,0,1,13,1,0,48.19,617.88,0,1,0,1,1,0,1,0,1,0,1,0,1,0,1,0,0,0,0,0,1
0,0,0,0,23,1,0,85.23,1960.13,0,1,0,0,0,1,0,0,0,1,0,0,0,1,0,0,0,0,0,0,1
0,0,0,0,64,1,1,87.66,5609.8,0,1,1,0,0,0,0,1,0,1,0,0,0,1,0,1,0,1,0,0,1
0,0,1,1,12,1,1,110.9,1314.19,0,0,0,0,0,0,0,1,0,1,1,0,0,0,0,0,0,0,0,0,1
1,0,0,0,72,1,1,108.21,7791.21,0,1,1,0,0,1,0,0,0,0,1,0,0,0,0,0,0,0,1,0,0
1,0,0,0,72,1,1,95.33,6866.86,0,0,0,0,0,1,0,1,0,1,0,0,0,0,0,0,1,0,1,0,0
0,0,1,0,24,1,1,56.84,1363.84,0,1,0,1,1,0,1,0,1,0,1,0,1,0,1,0,0,0,0,0,0
0,0,1,0,67,1,0,86.25,5776.64,0,0,1,0,1,0,0,0,0,0,0,0,0,0,0,0,0,0,0,0,0
0,0,0,0,36,1,0,114.19,4116.7,0,0,1,0,1,0,0,0,0,1,0,0,0,0,0,0,0,1,1,0,0
1,1,0,0,46,1,0,64.38,2957.7,0,1,1,0,0,0,0,1,0,0,0,1,1,0,0,1,0,0,0,0,0
1,0,1,0,34,1,0,86.57,2942.13,0,0,1,0,0,1,0,0,0,0,0,0,0,0,0,0,0,0,1,0,0
1,0,1,1,66,1,1,54.25,3572.43,0,1,1,0,0,1,0,0,0,0,0,0,0,0,0,0,0,0,1,0,0
0,0,0,1,62,1,0,74.44,4618.53,1,0,0,1,1,0,1,0,1,0,1,0,1,0,1,0,0,0,0,0,0
0,0,1,0,23,1,0,49.93,1146.39,0,1,0,1,1,0,1,0,1,0,1,0,1,0,1,0,0,0,0,0,1
1,0,0,1,28,1,1,25.08,701.17,0,1,1,0,0,0,0,0,0,0,0,0,0,0,0,1,0,1,0,1,0
0,0,1,0,61,1,1,24.53,1474.13,0,1,0,1,1,0,1,0,1,0,1,0,1,0,1,0,0,1,0,0,0
1,0,0,0,63,1,0,113.46,7146.8,0,0,0,0,0,0,0,0,0,1,0,0,0,0,0,1,0,0,0,1,0
1,0,0,0,43,1,1,30.26,1312.12,0,1,1,0,0,0,0,0,0,1,0,0,0,0,0,1,0,0,0,1,0
1,0,1,0,47,1,1,57.94,2711.49,1,0,1,0,0,0,0,0,0,0,0,1,0,0,0,0,0,0,0,0,1
1,0,1,0,38,1,0,105.98,4036.16,1,0,0,0,0,0,0,0,0,0,0,0,0,0,0,0,1,0,0,0,1
1,0,0,0,32,1,1,20.04,639.83,0,1,0,1,1,0,1,0,1,0,1,0,1,0,1,0,1,0,0,0,0
0,0,1,1,20,1,1,40.8,815.19,0,0,0,1,1,0,1,0,1,0,1,0,1,0,1,0,1,0,1,0,0
0,0,1,1,17,1,1,47.51,808.99,0,0,1,0,0,0,0,1,0,0,0,0,0,0,0,1,0,0,1,0,0
0,0,1,1,65,1,1,115.4,7502.16,0,0,0,1,1,0,1,0,1,0,1,0,1,0,1,0,0,1,1,0,0
1,0,1,0,58,1,0,87.45,5078.28,0,1,1,0,0,0,0,1,0,1,0,1,0,0,0,1,0,0,0,0,0
1,0,0,1,5,1,1,112.77,572.79,0,0,1,0,0,0,0,0,0,1,1,0,0,0,0,0,1,0,0,0,1
1,0,1,0,45,1,0,54.37,2440.11,0,0,0,0,1,0,0,1,0,0,0,0,0,1,0,1,0,0,0,0,0
1,0,0,1,3,1,0,111.34,333.44,1,0,0,0,0,0,0,0,0,1,0,0,0,0,0,0,1,0,0,1,0
1,0,0,0,24,1,1,49.72,1189.89,0,1,0,1,1,0,1,0,1,0,1,0,1,0,1,0,0,0,1,0,0
1,0,0,0,20,1,0,111.73,2260.69,0,1,1,0,0,0,0,0,1,0,0,0,1,0,0,0,0,1,1,0,0
1,0,0,1,15,1,0,113.24,1698.91,0,0,0,0,0,0,0,0,0,1,0,0,0,1,1,0,0,0,1,0,0
1,0,1,0,25,1,1,65.72,1645.7,0,0,0,0,0,1,0,1,0,0,0,0,1,0,1,0,0,1,0,0,1
1,0,1,0,65,1,0,113.77,7400.08,0,1,0,0,0,1,0,0,0,0,0,1,0,1,0,0,0,0,0,0,1
1,0,0,0,54,1,1,65.57,3549.28,0,0,1,0,1,0,0,0,0,0,0,1,1,0,1,0,0,0,0,0,1
1,0,1,0,31,1,1,109.42,3390.12,0,0,0,0,0,0,1,0,0,0,0,0,0,1,0,0,0,1,0,1,0
1,0,1,0,55,1,1,72.76,4007.1,0,0,1,0,1,0,0,0,0,1,1,0,0,1,0,0,0,0,0,0,1
1,0,0,0,58,0,0,80.91,4699.46,1,0,0,0,0,1,0,1,0,0,0,0,0,0,1,0,0,0,0,0,0
0,0,0,0,51,1,0,52.01,2655.34,0,1,0,0,0,0,1,0,1,0,1,0,1,0,0,0,1,0,1,0,0
1,0,1,1,49,1,1,89.61,4388.46,0,0,0,0,0,1,0,1,0,0,0,0,0,0,0,0,0,1,0,1,0
1,0,1,0,15,1,1,22.68,326.88,0,0,0,0,0,0,0,0,0,1,0,1,0,0,1,0,0,0,0,1,0
1,0,0,1,72,1,1,110.68,7977.21,0,1,1,0,0,1,0,0,0,0,0,0,0,1,0,0,0,0,0,1,0
0,0,0,0,11,1,0,73.89,806.43,0,1,0,0,0,1,0,1,1,0,0,0,0,0,0,0,0,0,1,0,0
1,0,1,0,32,1,1,75.51,2437.75,0,0,1,0,0,1,0,0,0,0,0,0,0,0,0,0,0,1,1,0,0
1,0,1,0,58,1,1,31.62,1833.72,0,1,0,0,1,0,0,0,0,0,0,0,0,0,0,0,0,0,0,0,0
0,0,1,0,24,1,1,98.87,2379.68,0,1,0,0,0,0,0,0,0,0,0,0,0,0,0,0,0,0,0,1,0
0,0,1,1,30,1,1,88.8,2660.43,0,1,0,1,1,0,1,0,1,0,1,0,1,0,1,0,1,0,0,1,0
1,0,0,0,15,1,1,54.75,832.57,0,0,1,0,0,0,0,1,0,1,0,1,1,0,0,0,0,0,0,1,0
1,1,0,0,69,1,1,37.45,2576.21,0,1,0,0,0,0,0,0,0,0,0,0,0,0,0,1,0,0,0,1,0
1,0,1,0,24,1,0,80.72,1935.57,1,0,0,0,0,0,0,1,1,0,0,0,0,1,0,0,0,1,0,0,1
0,0,0,0,24,0,1,48.8,1185.17,1,0,0,1,1,0,1,0,1,0,1,0,1,0,1,0,0,0,0,1,0
1,1,0,0,31,1,1,70.88,2203.86,0,1,1,0,0,0,0,1,0,1,0,0,0,1,0,0,0,1,1,0,0
0,0,0,1,70,1,1,113.4,7932.06,1,0,0,0,0,0,0,0,0,1,0,0,0,0,0,0,0,0,1,0,0
0,0,0,1,34,1,1,90.08,3075.82,0,0,0,1,1,0,1,0,1,0,1,0,1,0,1,0,0,0,0,0,1
1,0,0,0,3,1,1,54.1,143.79,0,1,0,1,1,0,1,0,1,0,1,0,1,0,1,0,0,0,0,1,0
0,0,1,1,62,1,0,95.6,5940.12,0,1,1,0,0,0,0,0,0,0,0,1,0,1,0,0,0,0,0,1,0
1,1,0,0,65,1,1,27.99,1816.66,0,0,0,0,0,0,0,0,0,1,0,0,1,0,0,0,0,0,0,1,0
1,1,0,0,46,1,0,80.72,3706.02,0,0,1,0,0,1,0,1,0,0,0,0,0,0,0,0,0,0,0,1,0
0,0,0,0,38,0,0,30.54,1163.26,1,0,0,0,0,1,0,0,0,0,0,0,0,0,0,0,0,0,0,1,0
0,0,1,1,17,1,1,93.23,1581.13,0,0,0,0,0,1,1,0,1,0,1,0,0,0,0,0,0,0,0,0,0
1,0,0,1,28,1,0,69.6,1942.16,0,1,0,0,0,0,0,0,0,1,0,0,0,0,1,0,0,0,1,0,0
1,0,0,0,29,1,1,23.81,682.47,0,0,0,0,0,1,1,0,0,1,0,0,0,1,0,1,1,0,0,0,1
0,1,0,0,47,1,1,30.77,1450.82,0,0,0,0,0,0,0,1,1,0,0,1,0,1,0,0,0,0,1,0,0
1,0,1,0,19,1,0,29.43,578.93,1,0,0,0,1,0,0,0,1,0,0,1,0,0,0,0,0,0,0,0,1
1,0,1,1,5,1,1,24.06,127.44,0,0,1,0,0,1,0,0,0,0,0,1,0,0,0,0,0,0,0,1,0
1,0,1,0,33,1,1,99.73,3276.95,0,1,1,0,1,0,0,1,1,0,0,0,0,0,0,0,1,0,0,1,0
0,0,0,0,29,1,1,104.63,3010.62,0,1,1,0,0,0,0,1,0,1,0,1,0,0,0,1,0,0,0,0,1
1,1,1,0,9,1,0,38.87,363.19,0,0,0,0,0,1,0,0,0,0,0,1,0,0,0,1,0,0,1,0,0
1,0,1,0,63,1,1,57.55,3634.54,0,0,1,0,0,0,0,0,0,0,0,0,0,1,0,0,0,0,0,0,1
0,0,0,0,11,1,1,50.09,539.27,1,0,1,0,0,1,0,0,0,0,0,1,0,1,1,0,1,0,1,0,0
0,0,0,1,51,1,0,20.45,1045.15,0,0,0,1,1,0,1,0,1,0,1,0,1,0,1,0,0,1,0,0,1
1,0,0,0,57,0,0,59.98,3417.21,1,0,1,0,1,0,0,0,1,0,0,1,0,1,0,1,0,0,0,0,1
0,0,1,0,54,1,1,93.74,5049.5,0,1,0,1,1,0,1,0,1,0,1,0,1,0,1,0,0,0,0,1,0
0,0,1,1,10,1,1,119.41,1181.82,1,0,1,0,0,0,0,1,0,1,0,0,0,1,0,0,0,0,0,0,1
1,0,0,0,32,1,1,95.99,3062.81,0,1,0,1,1,0,1,0,1,0,1,0,1,0,1,0,1,0,0,0,1
0,0,0,0,21,1,1,40.42,854.21,0,0,0,1,1,0,1,0,1,0,1,0,1,0,1,0,0,0,1,0,0
1,0,0,0,1,1,1,57.48,58.16,1,0,1,0,0,1,0,1,0,0,0,0,0,1,0,0,0,0,0,0,1
0,0,1,0,35,1,1,76.3,2665.82,0,1,1,0,0,0,0,1,0,0,0,0,0,1,0,0,0,0,0,0,1
0,0,0,1,39,1,1,58.26,2281.54,0,0,1,0,0,1,1,0,0,1,0,0,0,1,0,0,0,0,0,1,0
1,1,1,0,61,1,1,104.09,6337.02,0,1,0,0,0,1,0,0,0,0,1,0,1,0,0,0,0,0,0,0,0
1,0,0,1,69,1,0,77.1,5341.88,0,0,1,0,1,0,0,0,0,0,0,0,0,0,0,0,1,0,1,0,0
1,1,0,0,19,1,0,29.28,560.43,0,1,0,1,1,0,1,0,1,0,1,0,1,0,1,0,0,0,0,1,0
1,0,0,1,19,1,0,96.02,1816.52,0,1,1,0,0,1,0,0,0,0,0,0,1,0,1,0,0,0,1,0,0
1,0,1,0,45,1,1,79.11,3576.92,0,1,0,1,1,0,1,0,1,0,1,0,1,0,1,0,0,0,0,0,1
1,0,1,0,20,0,0,21.98,443.65,1,0,1,0,0,0,0,0,1,0,0,0,0,0,0,0,0,0,1,0,0
0,0,1,0,17,1,1,64.35,1093.25,0,0,1,0,0,1,0,0,0,0,0,0,0,0,0,0,0,0,1,0,0
0,0,1,0,36,1,1,98.95,3565.47,0,0,0,0,0,0,0,0,0,0,0,0,0,0,0,1,0,0,0,0,1
1,0,0,0,39,1,1,81.66,3206.7,0,0,1,0,0,0,0,0,0,1,0,1,0,1,0,0,0,1,1,0,0
0,0,1,0,39,1,0,65.68,2571.87,0,1,0,0,0,0,1,0,0,0,0,0,0,1,0,0,0,0,0,1,0
1,0,1,0,48,0,1,92.28,4434.29,1,0,0,1,1,0,1,0,1,0,1,0,1,0,1,0,0,0,0,0,0
0,0,0,0,45,1,0,45.74,2069.75,1,0,1,0,1,0,1,0,0,1,0,0,1,0,0,1,0,0,1,0,0
0,0,1,1,24,0,0,45.48,1091.4,1,0,1,0,0,0,0,1,0,0,1,0,0,0,0,0,0,0,0,0,0
1,0,0,0,70,1,1,82.93,5799.87,0,0,0,0,0,1,0,1,0,0,0,1,0,0,0,0,0,0,1,0,0
0,0,1,0,6,1,1,28.14,169.07,0,1,0,0,0,1,0,0,0,0,0,0,0,0,0,1,0,0,0,1,0
1,0,1,0,64,1,0,118.26,7557.59,1,0,0,0,0,0,0,0,0,0,0,0,0,1,0,0,0,0,0,1,0
0,0,1,1,17,1,0,89.57,1529.03,0,0,0,0,0,0,0,0,0,0,0,0,0,0,0,0,1,0,1,0,0
1,0,0,0,55,1,0,99.43,5466.96,0,0,0,1,1,0,1,0,1,0,1,0,1,0,1,0,1,0,1,0,0
1,0,1,0,69,1,1,97.31,6713.88,0,0,0,1,1,0,1,0,1,0,1,0,1,0,1,0,0,1,0,0,1
0,1,1,1,19,1,0,69.34,1311.54,0,0,1,0,1,0,1,0,0,0,0,1,0,1,0,1,0,1,0,0,1
1,0,0,0,61,0,0,44.55,2721.6,1,0,1,0,1,0,0,1,0,1,0,0,0,0,0,0,0,1,1,0,0
1,0,1,1,58,1,1,33.54,1939.52,0,1,1,0,0,0,0,0,0,0,0,1,0,1,0,0,1,0,0,0,0
0,0,0,1,55,1,0,116.36,6379.85,0,0,1,0,0,0,0,1,0,1,0,0,0,1,0,0,1,0,1,0,0
1,0,1,0,40,1,0,113.18,4511.61,0,0,0,1,1,0,1,0,1,0,1,0,1,0,1,0,0,0,0,0,0
1,0,1,0,44,0,0,110.19,4842.17,1,0,1,0,0,0,0,0,0,0,0,0,0,1,0,1,0,0,0,0,1
0,0,0,0,57,1,1,75.9,4341.06,0,1,0,0,0,0,1,0,0,0,0,0,1,0,0,0,1,0,0,0,0
0,0,1,1,71,1,0,32.43,2296.0,0,0,0,1,1,0,1,0,1,0,1,0,1,0,1,0,0,0,0,0,1
0,0,0,0,42,1,1,54.18,2274.71,0,0,0,1,1,0,1,0,1,0,1,0,1,0,1,0,0,0,0,0,0
0,0,0,0,41,1,1,59.64,2452.01,0,1,0,0,0,0,0,0,0,1,0,1,0,1,0,1,0,0,0,0,1
1,0,1,0,60,1,0,110.63,6613.09,0,1,1,0,0,1,0,0,0,0,0,0,0,1,0,1,1,0,1,0,0
0,0,1,0,67,1,0,60.27,4049.85,0,0,1,0,0,0,0,1,0,0,0,0,0,1,1,0,0,0,0,0,0
0,0,1,0,46,1,0,42.06,1950.22,1,0,0,0,0,0,0,1,0,1,0,0,0,1,0,0,0,0,0,0,0
1,0,0,0,20,1,1,103.71,2063.96,0,1,0,0,0,0,0,1,0,1,1,0,0,0,0,0,0,0,1,0,0
0,0,0,0,59,1,1,41.64,2466.14,1,0,0,0,0,1,0,0,0,0,0,0,0,0,0,0,0,0,0,0,1
0,1,0,0,33,1,1,112.0,3702.59,0,1,0,0,0,1,0,0,0,1,1,0,0,1,1,0,0,0,0,1,0
1,0,0,0,47,1,0,56.58,2647.9,0,0,1,0,0,0,0,1,0,0,0,0,0,0,0,0,0,1,1,0,0
1,0,0,0,55,1,1,112.45,6187.32,1,0,0,0,0,0,0,1,0,0,0,0,0,0,0,0,0,0,0,0,0
1,0,0,0,46,1,1,70.64,3245.36,0,0,1,0,0,0,0,1,0,0,0,0,0,1,0,0,0,0,0,0,0
0,0,0,0,22,0,1,84.49,1857.54,1,0,1,0,0,0,1,0,0,0,1,0,0,1,0,1,0,0,0,0,0
0,0,1,0,55,1,0,72.6,3986.37,0,0,1,0,0,1,0,0,0,0,0,0,0,0,0,1,0,0,1,0,0
0,1,0,1,27,1,1,76.91,2074.73,0,0,1,0,0,0,0,0,0,1,0,0,0,0,0,0,0,0,0,0,0
0,0,1,0,49,1,0,23.76,1163.29,0,0,1,0,0,1,0,1,0,0,0,0,0,0,0,1,0,0,0,0,0
0,0,0,0,63,1,1,41.19,2589.63,0,0,0,0,0,1,0,1,1,0,0,0,1,0,0,0,1,0,1,0,0
0,0,1,1,23,1,0,91.69,2094.35,0,0,0,0,0,0,0,0,0,0,0,0,1,0,0,0,0,1,0,0,1
0,0,1,0,68,1,0,94.22,6416.99,0,0,0,0,0,0,1,0,0,1,0,0,0,1,0,0,1,0,0,1,0
1,0,0,1,10,1,1,109.39,1090.09,0,1,0,0,0,0,0,0,0,0,0,1,0,1,0,0,0,1,0,1,0
0,1,0,0,17,1,1,54.0,919.82,0,1,1,0,0,1,0,0,0,0,0,1,0,0,0,0,0,0,0,0,1
0,0,0,0,30,1,1,96.53,2899.46,0,0,1,0,0,0,0,0,0,0,1,0,0,0,0,1,0,0,0,1,0
1,0,1,1,52,1,0,102.28,5321.6,0,0,1,0,0,0,0,0,0,0,0,0,0,0,0,1,0,0,0,0,1
0,0,0,1,8,1,1,68.38,539.56,0,1,1,0,0,0,0,1,0,0,0,1,0,0,0,1,0,0,1,0,0
0,0,1,0,36,1,1,106.08,3817.31,0,1,0,0,0,1,0,0,0,1,1,0,0,0,0,0,1,0,0,1,0
0,0,1,0,29,1,1,37.61,1091.44,0,1,0,0,0,1,0,1,0,0,0,1,0,0,0,0,0,1,1,0,0
1,0,1,0,32,1,0,57.58,1855.63,0,0,0,0,0,0,0,0,0,1,0,0,0,1,0,0,0,0,0,0,0
1,0,1,0,46,1,1,118.42,5450.58,0,1,0,0,0,0,1,0,0,0,0,0,0,1,1,0,0,1,0,1,0
1,0,1,0,23,1,0,45.41,1043.28,0,1,0,0,0,0,0,0,0,0,0,0,1,0,0,1,0,0,0,1,0
0,0,1,0,3,1,1,75.03,236.37,0,1,0,0,0,1,0,0,0,1,0,0,0,0,0,1,0,0,0,0,0
1,0,0,0,38,1,1,95.04,3600.22,0,1,0,0,1,0,1,0,0,0,0,0,0,0,0,1,0,0,0,0,0
0,1,1,0,26,1,1,90.71,2344.12,0,1,0,0,1,0,0,1,0,1,1,0,0,0,0,0,0,0,0,1,0
0,0,1,1,50,1,0,26.5,1330.87,0,0,0,0,0,1,0,0,1,0,0,1,0,1,1,0,0,0,0,0,0
1,0,1,1,27,1,1,89.89,2430.67,0,0,0,0,0,0,0,0,0,0,0,0,0,0,1,0,0,0,0,1,0
1,0,1,0,57,1,1,107.84,6140.3,0,0,1,0,1,0,0,0,0,1,0,1,0,1,0,0,0,0,0,0,0
0,0,0,0,28,1,0,24.04,672.23,0,1,1,0,1,0,0,0,0,1,0,0,0,0,1,0,1,0,0,0,1
0,0,1,0,45,1,1,45.21,2045.55,0,0,1,0,0,0,0,0,0,0,0,0,0,1,0,1,1,0,0,0,0
1,0,1,1,30,1,0,22.8,691.08,0,1,1,0,0,1,0,0,0,0,0,0,0,0,0,1,0,0,0,1,0
0,1,0,1,31,1,1,68.06,2121.9,0,1,0,1,1,0,1,0,1,0,1,0,1,0,1,0,0,0,0,0,0
0,0,1,0,42,1,1,66.29,2790.81,1,0,0,0,0,1,0,1,0,0,0,0,0,0,0,0,0,0,0,0,0
0,0,1,0,45,1,0,82.75,3727.95,0,0,0,1,1,0,1,0,1,0,1,0,1,0,1,0,0,0,1,0,0
1,0,0,0,46,1,0,91.46,4211.35,0,1,0,0,0,0,0,1,0,0,0,0,0,0,0,0,0,1,0,1,0
1,1,0,1,47,1,1,53.03,2469.75,0,0,0,1,1,0,1,0,1,0,1,0,1,0,1,0,1,0,0,0,0
1,0,0,0,14,1,1,78.8,1074.34,0,1,1,0,0,1,0,0,0,1,0,1,0,0,0,0,0,1,0,0,1
0,1,0,0,16,1,1,52.69,833.12,0,1,0,0,0,0,0,1,0,0,0,1,0,0,0,0,0,0,0,1,0
0,0,0,0,13,1,0,51.3,655.7,0,1,0,0,0,1,1,0,0,0,0,1,0,0,0,0,0,1,0,1,0
1,1,1,1,65,1,0,36.76,2397.65,0,1,0,0,0,0,0,1,0,0,1,0,0,0,0,0,0,1,0,0,0
0,0,0,0,64,1,0,87.01,5588.0,1,0,0,0,0,0,0,0,0,0,0,1,0,0,0,0,0,0,1,0,0
0,0,0,0,37,1,1,111.58,4124.78,1,0,1,0,0,0,0,0,0,1,0,0,0,1,0,1,0,0,0,1,0
1,1,1,0,11,1,0,48.18,515.93,0,0,1,0,0,0,0,0,0,0,0,0,0,0,0,0,0,0,0,1,0
1,1,1,0,68,1,1,79.17,5388.42,0,0,0,0,1,0,0,0,0,0,0,0,0,0,0,0,0,0,0,0,0
0,0,0,1,27,1,0,26.34,695.85,0,0,0,0,0,0,0,0,0,0,0,1,0,0,0,0,0,1,0,1,0
0,0,0,0,49,1,1,52.72,2589.7,0,0,1,0,0,0,0,1,0,0,0,1,1,0,0,0,0,1,1,0,0
0,0,1,0,1,1,1,96.18,93.46,0,0,0,0,0,1,0,1,0,1,0,1,0,0,0,0,0,0,1,0,0
1,0,1,0,46,1,0,44.33,2020.9,0,0,0,1,1,0,1,0,1,0,1,0,1,0,1,0,1,0,0,0,1
1,0,1,1,28,1,0,58.67,1662.64,0,1,0,0,0,0,0,0,0,0,1,0,0,0,0,0,0,0,0,0,0
0,0,0,0,58,1,1,79.54,4599.69,0,1,0,1,1,0,1,0,1,0,1,0,1,0,1,0,0,0,0,0,1
0,0,1,0,65,1,1,49.14,3179.92,0,1,1,0,0,1,0,0,0,0,0,0,0,1,0,0,1,0,1,0,0
0,0,1,1,13,1,1,98.03,1276.72,0,0,1,0,1,0,0,1,1,0,0,0,0,1,0,0,0,1,0,0,1
0,0,1,0,30,0,1,70.8,2133.64,1,0,1,0,1,0,0,1,0,0,0,1,0,1,0,0,0,0,0,1,0
1,1,1,1,72,1,0,70.96,5099.08,0,1,0,0,0,0,0,0,0,1,0,1,0,0,0,1,0,0,0,1,0
0,0,1,0,9,1,0,21.95,190.82,0,1,0,0,0,0,0,0,0,1,0,0,0,1,0,0,0,0,0,0,1
0,0,0,1,45,1,0,23.1,1046.4,0,0,0,0,0,0,0,0,0,0,0,1,0,0,0,0,0,0,0,0,1
1,0,1,0,61,1,1,25.63,1550.16,1,0,1,0,0,0,0,1,0,0,0,1,0,0,1,0,0,0,1,0,0
0,0,0,0,33,1,1,75.19,2474.08,0,0,0,0,0,1,1,0,0,1,0,1,0,0,0,0,0,0,0,1,0
1,0,1,0,22,1,1,114.18,2521.03,0,0,0,1,1,0,1,0,1,0,1,0,1,0,1,0,0,1,1,0,0
0,0,0,1,30,0,0,33.58,1008.61,1,0,0,1,1,0,1,0,1,0,1,0,1,0,1,0,0,0,1,0,0
1,0,1,0,3,1,1,73.63,229.32,0,0,0,1,1,0,1,0,1,0,1,0,1,0,1,0,0,0,0,0,0
0,0,0,1,43,0,1,45.63,1950.56,1,0,1,0,0,0,1,0,1,0,0,0,0,0,0,0,0,1,1,0,0
1,1,1,1,7,1,0,58.67,396.94,1,0,0,0,0,0,0,0,0,0,1,0,0,0,0,0,0,1,0,1,0
1,0,0,0,8,1,0,75.08,599.39,0,0,1,0,0,0,0,1,0,0,0,0,0,0,0,0,0,0,1,0,0
1,0,1,1,11,0,0,63.74,704.36,1,0,0,1,1,0,1,0,1,0,1,0,1,0,1,0,0,1,0,0,0
0,0,1,0,51,1,1,77.91,3972.05,0,0,1,0,0,0,0,1,0,0,0,0,0,0,0,0,0,1,1,0,0
0,0,0,0,54,1,0,108.4,5880.38,0,1,1,0,0,0,0,1,0,0,0,1,0,1,0,0,0,0,1,0,0
0,1,0,0,3,1,0,104.6,315.19,1,0,1,0,0,0,0,0,0,0,0,0,0,0,0,0,1,0,0,1,0
1,0,0,1,35,1,1,50.93,1766.33,0,0,1,0,0,0,0,0,0,0,0,1,0,0,0,1,1,0,0,0,1
0,0,0,0,25,1,0,111.94,2816.25,0,1,0,0,0,1,0,0,0,0,1,0,1,0,0,0,0,0,0,0,1
1,0,0,0,2,1,0,43.12,96.19,0,1,0,0,0,1,0,0,0,0,0,0,1,0,0,0,1,0,0,0,0
1,0,1,0,52,1,0,82.69,4295.08,0,1,1,0,0,1,0,1,1,0,0,0,1,0,0,0,0,0,1,0,0
0,0,0,0,58,1,1,87.45,5069.41,0,0,0,1,1,0,1,0,1,0,1,0,1,0,1,0,0,0,0,0,1
0,0,0,0,64,1,0,53.76,3434.71,0,1,0,0,1,0,1,0,0,0,0,0,0,0,0,0,0,0,0,0,1
0,0,1,1,66,1,1,97.25,6435.73,0,0,1,0,0,1,0,0,1,0,0,0,0,1,0,0,0,0,0,1,0
1,0,1,1,1,1,0,114.33,113.22,0,0,0,0,0,0,0,0,1,0,0,0,0,0,0,0,0,0,0,1,0
0,0,1,0,72,1,1,118.06,8492.9,0,0,1,0,0,1,1,0,0,1,0,0,0,0,0,0,0,0,0,0,0
0,0,0,1,71,1,1,35.48,2504.59,0,1,1,0,0,0,0,0,0,0,0,1,0,0,0,0,1,0,0,1,0
0,0,1,0,30,1,1,81.86,2458.22,0,1,0,0,0,0,0,0,1,0,0,0,1,0,0,1,0,0,0,0,1
0,0,1,1,18,1,1,42.7,780.21,0,0,1,0,0,0,0,1,0,0,0,0,0,0,1,0,0,0,1,0,0
0,0,1,0,15,1,1,51.33,785.51,0,0,1,0,0,0,0,0,0,0,0,0,0,0,0,1,1,0,0,0,0
0,0,0,0,63,1,0,93.52,5902.36,0,1,0,0,0,0,0,0,1,0,0,0,0,0,0,0,0,1,1,0,0
1,0,0,0,34,1,0,81.13,2759.45,0,1,0,0,0,0,0,1,0,0,0,0,0,0,0,0,0,0,0,1,0
0,0,1,0,31,1,1,80.86,2514.58,0,1,0,0,0,1,0,1,0,0,1,0,0,1,0,1,0,0,0,0,1
1,0,0,0,57,1,1,102.01,5824.77,1,0,1,0,0,0,0,1,0,0,0,1,0,0,0,0,0,1,0,0,0
1,0,0,1,54,1,1,28.3,1531.38,1,0,0,0,0,0,0,0,1,0,0,0,0,0,0,0,0,0,0,0,0
1,1,0,1,7,1,0,96.67,674.45,0,0,1,0,0,1,0,1,0,1,0,0,0,0,0,0,0,0,0,0,0
1,0,0,0,43,1,0,90.23,3862.59,0,0,0,0,0,1,0,1,0,1,0,0,1,0,0,1,0,0,0,0,0
0,0,0,1,36,1,0,29.84,1079.09,0,1,0,0,0,0,0,1,0,0,0,0,0,0,0,0,0,0,1,0,0
0,1,0,0,25,1,0,81.23,2013.75,1,0,0,0,0,0,0,0,0,0,0,0,0,1,0,0,0,1,0,0,1
1,0,0,0,41,1,0,89.84,3679.25,0,0,1,0,0,1,0,0,1,0,0,0,0,0,1,0,0,0,1,0,0
0,1,1,0,17,1,1,67.76,1152.71,0,0,1,0,0,1,0,0,0,1,0,1,0,1,0,1,0,0,0,0,1
1,0,0,0,33,1,0,52.6,1744.15,0,1,0,0,0,0,1,0,0,0,0,1,0,1,0,0,0,1,0,0,1
0,1,1,1,44,0,1,49.32,2170.09,1,0,1,0,0,1,0,0,0,0,1,0,0,0,0,0,0,1,0,0,0
0,0,1,0,65,1,1,77.6,5049.64,0,0,1,0,0,1,0,0,0,1,0,0,0,0,0,0,0,0,0,1,0
0,0,1,0,23,1,0,68.04,1566.43,0,1,1,0,0,1,0,1,0,1,0,1,0,0,0,0,1,0,0,0,1
0,0,0,0,38,1,1,105.97,4014.7,0,0,0,0,0,0,0,0,0,0,0,0,0,0,0,1,0,0,0,1,0
1,0,0,0,68,1,0,73.57,5012.7,0,0,1,0,0,1,0,0,1,0,0,1,0,1,0,0,1,0,1,0,0
0,0,0,0,71,1,1,80.06,5696.23,0,1,1,0,0,1,0,0,0,0,0,0,0,1,0,1,0,0,1,0,0
0,0,1,1,32,1,1,24.23,783.99,0,0,0,0,0,0,0,0,0,0,0,0,0,1,1,0,1,0,0,0,1
1,0,0,0,33,1,1,80.12,2644.74,1,0,0,0,0,0,0,0,1,0,0,0,0,0,0,0,0,0,0,0,1
1,1,1,0,56,1,1,20.82,1167.07,0,1,0,0,0,1,0,0,0,0,0,0,0,1,0,0,0,0,0,0,1
1,0,0,0,68,1,0,47.89,3273.11,0,0,0,0,0,0,0,1,0,1,0,0,0,1,0,0,0,0,0,0,1
0,0,1,0,66,1,1,107.9,7139.33,0,0,0,0,0,0,0,0,0,0,0,0,0,1,0,1,0,1,0,0,1
1,1,1,0,49,1,1,92.34,4535.49,0,0,1,0,0,0,0,0,0,1,0,0,0,0,1,0,1,0,0,0,0
0,0,1,1,68,1,1,79.93,5413.75,0,0,0,1,1,0,1,0,1,0,1,0,1,0,1,0,0,0,0,1,0
1,0,1,0,22,1,0,89.19,1961.54,0,1,1,0,1,0,1,0,0,0,0,0,0,0,0,1,1,0,0,1,0
1,0,1,1,24,1,1,64.85,1548.29,0,0,1,0,0,0,1,0,0,0,0,0,0,1,0,1,0,0,0,0,0
0,1,0,0,8,1,1,110.68,877.1,0,1,0,1,1,0,1,0,1,0,1,0,1,0,1,0,1,0,1,0,0
0,0,1,1,51,1,1,56.21,2885.29,0,0,0,1,1,0,1,0,1,0,1,0,1,0,1,0,0,0,0,0,0
1,1,0,0,65,1,0,28.74,1886.88,0,0,1,0,0,0,0,1,0,0,0,1,0,1,0,0,1,0,0,1,0
0,0,0,0,43,1,1,62.1,2665.31,0,0,1,0,0,0,0,0,0,1,0,1,0,0,0,1,1,0,1,0,0
1,0,1,0,13,1,1,110.12,1441.42,1,0,1,0,0,0,0,0,0,0,0,0,0,0,0,1,1,0,0,0,0
0,1,1,0,56,1,1,100.58,5655.85,0,1,1,0,0,0,0,1,0,0,0,0,0,0,0,1,0,1,1,0,0
0,1,0,0,46,1,1,53.18,2463.95,0,1,1,0,0,1,0,1,0,0,0,0,0,1,0,1,1,0,1,0,0
0,1,0,0,4,1,0,29.68,130.88,0,1,1,0,0,0,0,1,0,0,0,0,1,0,0,0,0,0,0,1,0
0,0,1,0,56,1,1,23.7,1329.31,0,1,1,0,0,1,0,0,0,1,0,0,0,1,0,0,0,1,0,0,0
1,0,0,0,66,1,1,59.14,3908.78,0,0,0,1,1,0,1,0,1,0,1,0,1,0,1,0,0,0,0,1,0
0,0,1,1,32,1,1,25.37,799.46,0,1,1,0,0,0,0,1,0,0,0,0,0,0,0,1,0,1,1,0,0
1,0,0,0,32,1,1,68.34,2167.96,0,1,1,0,0,0,0,1,1,0,0,0,0,1,0,0,0,0,0,0,0
1,0,1,1,13,1,0,59.42,773.49,0,1,1,0,0,1,1,0,0,0,0,0,0,1,0,0,0,0,0,1,0
1,0,1,0,0,1,1,40.08,0.45,0,1,0,0,0,0,0,0,0,0,0,1,0,1,0,0,1,0,0,0,0
0,0,1,1,57,1,0,49.36,2826.65,1,0,1,0,0,1,0,0,0,0,0,0,0,1,0,1,0,0,0,0,0
1,0,1,0,45,1,1,61.99,2785.2,1,0,0,0,0,1,0,0,0,0,1,0,0,0,0,0,1,0,0,1,0
1,0,0,0,31,0,1,76.21,2347.9,1,0,0,0,0,0,0,0,0,0,0,0,0,1,0,0,0,0,0,1,0
1,0,0,0,41,1,1,30.82,1256.75,1,0,0,0,0,0,0,0,0,1,0,0,0,1,0,0,0,0,1,0,0
1,0,0,1,23,1,0,63.15,1447.79,0,0,1,0,0,1,0,0,0,0,0,0,0,1,0,0,1,0,0,0,1
0,0,0,1,19,1,0,108.47,2055.8,0,1,1,0,0,0,0,0,1,0,1,0,0,0,0,0,0,0,0,1,0
0,0,1,0,41,1,1,81.94,3343.89,0,0,0,0,0,1,0,1,0,0,0,1,0,0,0,0,1,0,0,0,0
0,0,0,0,21,1,1,33.27,691.95,0,0,1,0,0,0,0,0,0,0,0,0,0,1,0,0,0,1,1,0,0
1,0,1,0,11,1,0,109.87,1200.99,0,0,0,1,1,0,1,0,1,0,1,0,1,0,1,0,0,1,0,1,0
0,0,1,0,23,1,0,68.92,1581.38,0,0,1,0,0,1,0,0,0,1,0,0,0,0,0,0,0,0,0,0,1
0,1,0,0,20,1,1,36.56,737.94,0,0,0,0,0,0,1,0,0,0,0,1,0,1,0,1,1,0,0,0,1
0,0,1,0,61,1,1,103.27,6303.12,0,1,0,1,1,0,1,0,1,0,1,0,1,0,1,0,0,0,1,0,0
0,0,1,0,44,1,1,25.75,1129.65,0,1,0,1,1,0,1,0,1,0,1,0,1,0,1,0,0,0,0,0,1
1,0,0,0,61,1,1,49.62,3021.2,0,0,1,0,0,0,0,1,0,1,0,0,1,0,0,0,0,1,1,0,0
0,0,1,0,34,1,0,63.18,2140.83,0,0,0,0,0,1,0,1,0,1,0,0,0,0,0,1,0,0,0,1,0
1,0,0,0,25,1,1,25.55,650.82,0,0,1,0,0,1,0,0,0,0,0,0,0,1,0,0,0,1,0,0,0
0,0,0,0,17,1,1,58.98,995.31,0,0,0,0,0,1,0,1,0,0,0,0,1,0,0,0,0,1,1,0,0
1,0,0,0,65,1,0,50.47,3276.83,1,0,0,0,0,0,1,0,0,0,0,0,0,0,0,0,1,0,0,0,1
0,0,0,0,56,1,1,60.21,3382.18,0,1,0,0,0,0,0,0,0,0,0,0,1,0,0,0,0,0,0,0,1
1,0,0,0,32,1,0,29.12,928.06,1,0,0,0,0,1,0,0,0,0,0,1,0,0,0,0,1,0,0,0,1
0,0,0,0,33,1,0,54.05,1783.87,0,0,0,0,0,1,0,1,0,0,0,0,0,0,0,0,0,0,1,0,0
0,0,1,1,9,1,1,32.32,308.16,0,0,0,0,0,0,0,0,0,0,0,0,0,0,0,1,0,1,0,1,0
0,0,0,0,65,1,1,85.99,5592.65,0,1,0,0,0,0,0,0,0,0,0,1,0,0,0,1,0,1,0,0,1
0,0,0,0,41,1,0,53.65,2204.22,1,0,1,0,0,1,0,0,0,0,0,0,0,0,0,1,1,0,1,0,0
1,0,1,0,0,1,1,100.82,3.55,0,1,0,0,0,0,0,0,0,0,0,0,0,0,0,1,0,0,0,0,0
1,0,0,0,65,1,0,20.93,1354.29,0,0,0,0,0,0,0,0,0,1,0,0,0,0,0,1,0,0,0,0,0
1,0,1,1,70,1,0,71.81,5029.65,0,0,1,0,0,0,0,1,0,1,0,0,1,0,0,0,0,0,0,0,1
1,0,1,0,35,1,0,109.45,3841.61,0,0,0,1,1,0,1,0,1,0,1,0,1,0,1,0,1,0,0,1,0
1,0,1,1,30,1,0,110.91,3329.99,0,0,1,0,0,0,0,0,0,1,0,1,0,1,0,0,1,0,0,0,1
0,0,0,0,71,1,1,22.18,1576.5,0,1,1,0,0,0,0,1,0,0,0,1,0,1,0,0,0,0,0,0,1
1,0,0,0,3,1,1,114.31,336.33,0,0,0,1,1,0,1,0,1,0,1,0,1,0,1,0,0,0,1,0,0
1,1,1,1,22,1,0,106.83,2355.24,0,0,0,0,0,0,0,0,1,0,1,0,0,0,0,0,0,0,0,0,0
1,0,1,0,38,1,1,40.8,1570.43,0,0,1,0,0,0,0,0,0,0,0,0,0,0,1,0,0,0,0,0,0
0,0,1,1,0,1,0,39.6,7.32,0,0,0,1,1,0,1,0,1,0,1,0,1,0,1,0,1,0,0,1,0
0,0,1,0,60,0,0,61.34,3662.68,1,0,0,0,0,0,0,1,0,0,0,0,0,1,0,0,0,0,0,1,0
1,0,0,0,62,1,1,72.56,4493.09,0,0,1,0,0,1,0,1,0,0,0,1,0,1,0,0,0,1,0,0,1
1,0,1,0,4,0,0,54.45,208.88,1,0,0,0,0,1,0,1,0,0,0,1,0,1,0,0,0,0,1,0,0
1,0,0,0,70,1,1,58.18,4078.57,0,0,0,1,1,0,1,0,1,0,1,0,1,0,1,0,0,1,0,0,1
1,0,1,0,3,1,1,44.36,115.51,1,0,0,0,1,0,0,0,0,1,0,0,0,0,0,0,1,0,0,0,0
1,0,1,0,63,1,1,114.02,7178.39,0,0,1,0,0,1,1,0,0,0,0,1,0,0,0,0,0,0,1,0,0
1,0,0,0,15,1,0,56.88,861.38,0,1,0,0,0,0,0,1,0,0,0,1,0,0,1,0,0,0,0,1,0
0,0,0,0,4,1,0,33.29,123.19,0,1,1,0,0,0,1,0,0,0,0,1,0,0,0,0,0,0,0,1,0
1,0,0,0,27,1,1,92.36,2509.84,0,0,0,0,1,0,0,0,0,1,0,1,0,0,0,1,0,0,0,0,1
0,0,1,0,53,1,0,42.95,2259.07,0,0,0,1,1,0,1,0,1,0,1,0,1,0,1,0,0,0,0,0,1
0,0,1,0,65,1,0,97.09,6303.42,0,1,0,0,0,0,0,0,0,0,0,1,0,1,0,0,1,0,0,0,0
1,0,0,1,66,1,1,49.18,3224.42,1,0,1,0,0,0,0,1,0,0,1,0,0,0,0,0,0,0,1,0,0
0,0,1,0,52,0,1,103.88,5398.5,1,0,0,1,1,0,1,0,1,0,1,0,1,0,1,0,0,1,0,0,1
0,0,1,0,9,1,1,76.76,686.23,0,0,0,0,0,0,0,0,0,0,0,1,0,0,1,0,0,1,0,0,1
1,1,0,1,63,1,0,32.18,2010.35,0,1,1,0,0,0,0,1,0,0,0,0,0,0,0,0,1,0,0,0,1
0,0,1,1,48,1,1,50.01,2412.24,0,0,0,1,1,0,1,0,1,0,1,0,1,0,1,0,0,0,0,1,0
1,1,1,0,14,1,1,102.27,1433.68,0,1,1,0,0,0,0,0,0,1,0,1,0,0,0,1,0,0,0,1,0
0,0,0,0,44,1,1,95.15,4189.27,0,1,0,0,0,1,0,1,0,0,1,0,0,1,0,0,0,0,0,1,0
0,0,0,0,5,1,0,24.2,115.36,0,0,0,0,0,0,1,0,0,0,0,1,0,1,0,0,1,0,1,0,0
0,0,1,0,64,1,1,52.46,3357.38,0,1,1,0,0,0,0,0,0,1,0,1,0,1,0,0,0,0,1,0,0
0,0,0,0,38,1,0,83.66,3184.4,0,1,0,0,0,0,0,0,0,0,0,0,0,0,0,1,1,0,0,1,0
0,0,1,0,63,1,0,79.4,5018.5,0,0,1,0,0,0,0,0,0,0,0,0,0,0,0,0,0,0,1,0,0
0,0,0,0,68,1,1,95.56,6496.16,0,1,0,1,1,0,1,0,1,0,1,0,1,0,1,0,0,1,0,0,0
0,0,1,0,6,1,1,52.01,313.96,0,0,0,0,0,1,0,0,0,0,0,0,0,0,0,0,0,0,0,0,0
1,0,1,0,9,0,0,67.87,621.5,1,0,0,0,0,1,1,0,0,1,0,1,0,1,0,0,0,0,0,0,0
1,0,1,0,67,1,0,92.93,6246.29,0,1,0,1,1,0,1,0,1,0,1,0,1,0,1,0,0,0,0,1,0
1,1,1,0,44,1,0,55.67,2463.81,0,1,0,0,0,0,0,1,0,1,0,0,0,1,0,1,0,0,0,0,1
1,0,0,0,35,1,1,58.65,2059.62,0,0,0,1,1,0,1,0,1,0,1,0,1,0,1,0,1,0,0,0,0
1,0,1,1,72,1,0,67.7,4871.5,0,0,1,0,0,1,0,0,0,0,0,0,0,0,0,0,0,1,0,0,0
0,1,0,0,35,1,0,69.58,2425.72,0,1,0,0,0,0,0,0,0,1,0,1,1,0,0,0,0,0,0,0,0
1,1,1,0,26,1,1,57.75,1492.26,0,1,0,0,0,0,0,0,0,0,1,0,0,0,0,1,1,0,1,0,0
1,0,1,0,3,1,1,57.82,164.45,0,1,1,0,0,0,0,0,0,0,0,1,0,1,0,1,0,1,0,0,0
1,0,0,0,43,1,1,23.84,1032.36,0,0,0,0,0,1,0,1,0,0,0,0,0,0,1,0,0,0,0,0,1
1,0,1,1,23,1,0,85.03,1951.79,0,1,0,0,0,0,1,0,0,1,0,1,0,0,0,0,1,0,1,0,0
1,0,0,1,66,1,0,43.77,2884.45,0,0,1,0,1,0,0,1,0,1,0,0,0,0,0,1,0,0,0,0,0
1,0,0,0,23,1,1,78.05,1797.71,0,1,0,0,0,1,1,0,0,0,0,0,0,1,0,1,0,0,0,0,0
0,0,1,1,3,1,0,119.15,351.24,0,0,0,1,1,0,1,0,1,0,1,0,1,0,1,0,1,0,0,0,1
1,0,0,0,17,1,0,67.58,1174.63,0,0,0,0,1,0,1,0,0,0,0,0,0,1,0,0,0,0,0,0,0
1,0,0,0,12,1,1,102.9,1248.26,0,1,0,0,0,0,0,0,0,1,0,0,0,0,0,0,0,1,0,0,1
0,0,0,0,45,1,0,117.41,5300.71,0,1,0,0,0,1,0,1,0,1,0,0,0,1,0,1,0,0,0,1,0
1,0,1,0,33,1,1,81.74,2704.18,0,0,1,0,0,0,0,0,0,1,0,1,0,0,0,0,0,0,1,0,0
1,1,1,1,60,0,0,95.61,5729.84,1,0,0,0,0,0,0,1,0,0,0,1,0,0,0,1,0,0,0,0,0
1,0,0,1,49,1,1,94.99,4648.74,0,1,0,1,1,0,1,0,1,0,1,0,1,0,1,0,0,0,0,1,0
0,0,0,0,58,1,1,95.94,5557.41,0,0,0,1,1,0,1,0,1,0,1,0,1,0,1,0,1,0,0,1,0
0,0,1,1,58,1,1,47.21,2730.28,0,1,1,0,0,1,0,0,0,0,0,0,0,0,1,0,1,0,1,0,0
0,0,1,0,18,1,1,78.46,1405.93,0,0,0,0,0,0,0,0,0,0,0,1,0,0,0,1,0,0,0,0,0
0,1,1,0,64,1,1,74.8,4768.54,0,0,0,0,0,0,0,1,0,0,0,0,0,0,0,1,0,0,0,0,1
1,0,1,0,10,0,0,70.53,712.5,1,0,1,0,0,0,0,0,0,0,0,0,0,0,0,0,0,0,1,0,0
1,0,0,1,38,0,1,93.19,3548.16,1,0,0,0,1,0,0,0,0,1,0,1,0,0,0,0,0,0,1,0,0
1,0,0,1,25,1,0,105.23,2602.51,0,1,0,1,1,0,1,0,1,0,1,0,1,0,1,0,1,0,0,1,0
1,0,0,1,43,1,1,84.55,3641.14,0,0,0,0,0,1,0,0,0,0,0,0,1,0,0,0,0,0,0,0,0
0,1,1,0,14,1,0,108.37,1523.36,0,0,1,0,0,0,0,0,1,0,1,0,0,1,0,0,0,0,1,0,0
0,0,1,1,11,1,1,117.58,1309.46,0,1,0,0,0,0,1,0,0,1,0,0,0,0,0,1,0,0,0,1,0
0,0,1,0,35,0,1,72.0,2520.93,1,0,0,0,0,0,0,0,0,0,0,0,0,0,0,1,0,0,0,0,1
0,1,0,1,55,1,0,99.4,5471.74,0,0,0,1,1,0,1,0,1,0,1,0,1,0,1,0,0,1,0,0,0
0,0,0,1,39,1,0,25.84,1005.58,0,1,1,0,0,0,0,0,0,0,0,1,0,1,0,1,0,0,1,0,0
0,0,1,0,25,1,0,38.4,949.18,0,1,0,0,0,0,0,1,0,0,1,0,0,1,0,1,0,0,0,1,0
0,0,1,0,72,1,1,40.16,2888.72,0,0,0,0,0,1,0,0,0,0,0,0,0,0,0,0,0,0,0,1,0
1,0,1,1,56,1,1,52.88,2964.03,0,1,0,1,1,0,1,0,1,0,1,0,1,0,1,0,0,1,0,1,0
1,0,0,0,57,1,1,49.27,2800.16,0,0,1,0,0,1,0,1,0,0,0,0,0,0,0,0,1,0,1,0,0
1,0,0,1,37,1,0,56.48,2096.12,0,1,0,0,0,1,0,1,0,0,0,0,1,0,1,0,0,0,1,0,0
0,0,1,0,54,1,1,38.81,2090.16,0,1,0,1,1,0,1,0,1,0,1,0,1,0,1,0,0,0,0,0,0
1,0,0,0,48,1,1,44.39,2138.8,0,0,1,0,0,1,0,0,1,0,0,1,0,1,0,0,0,0,0,0,0
1,1,0,1,8,0,1,51.59,411.75,1,0,0,1,1,0,1,0,1,0,1,0,1,0,1,0,0,0,0,1,0
0,0,1,0,45,1,1,52.16,2344.31,1,0,1,0,0,0,0,1,1,0,0,1,0,0,0,0,0,0,0,0,1
0,0,0,0,68,1,1,79.68,5425.57,0,0,0,1,1,0,1,0,1,0,1,0,1,0,1,0,0,0,0,0,0
1,0,0,0,41,1,0,60.83,2493.46,0,1,1,0,0,0,0,0,0,1,0,0,0,0,0,0,0,1,0,1,0
0,0,1,0,68,1,0,89.12,6064.22,0,1,0,1,1,0,1,0,1,0,1,0,1,0,1,0,1,0,0,0,1
1,0,1,0,29,1,1,56.85,1653.35,0,0,1,0,0,0,0,0,0,0,0,0,0,1,0,0,0,0,0,1,0
0,0,0,1,8,1,1,41.69,337.48,0,0,0,1,1,0,1,0,1,0,1,0,1,0,1,0,1,0,0,0,0
0,0,1,1,57,1,0,104.46,5945.29,0,0,1,0,1,0,0,1,1,0,0,0,1,0,1,0,0,0,0,1,0
0,0,0,0,15,1,1,23.85,349.89,0,1,0,1,1,0,1,0,1,0,1,0,1,0,1,0,0,0,0,1,0
0,0,1,0,20,1,1,75.45,1518.06,0,0,0,1,1,0,1,0,1,0,1,0,1,0,1,0,0,0,0,0,1
0,0,0,0,64,1,1,65.06,4160.49,0,1,1,0,0,1,0,1,0,0,0,0,0,0,0,0,1,0,0,1,0
0,0,0,1,0,1,1,115.91,2.59,0,0,1,0,0,1,0,0,0,0,0,0,0,0,0,0,1,0,0,1,0
1,0,1,0,22,1,0,49.59,1089.32,0,0,0,0,0,1,0,0,0,1,0,1,0,0,0,1,0,0,0,0,0
1,1,1,0,65,1,0,48.54,3153.89,0,0,1,0,0,1,0,0,0,1,0,1,0,1,0,0,1,0,0,1,0
1,0,0,0,37,1,1,100.82,3734.11,1,0,0,0,0,1,0,0,0,0,0,0,0,0,0,1,0,1,1,0,0
1,0,0,0,41,1,0,58.77,2409.9,0,0,0,0,0,0,0,0,0,0,0,1,0,0,1,0,0,0,0,0,0
1,0,1,0,30,1,1,104.69,3145.03,0,0,0,0,0,1,0,1,0,1,0,0,0,1,0,1,0,0,0,0,0
1,0,0,0,58,1,1,40.7,2361.58,0,0,0,1,1,0,1,0,1,0,1,0,1,0,1,0,1,0,0,0,0
1,0,0,0,52,1,0,76.63,3985.58,1,0,1,0,1,0,0,1,0,0,0,1,0,0,0,1,0,0,0,0,1
1,0,0,0,72,1,0,115.76,8341.39,0,0,0,0,0,0,0,0,0,0,0,1,0,0,0,0,0,0,1,0,0
0,0,1,0,56,1,1,82.23,4596.66,0,1,1,0,0,1,0,0,0,0,0,0,0,0,0,1,0,0,0,1,0
0,1,0,1,30,1,0,82.9,2490.87,0,0,0,0,0,0,0,1,0,1,0,0,0,0,0,0,0,0,0,1,0
0,0,1,0,11,1,0,111.23,1227.8,0,1,0,1,1,0,1,0,1,0,1,0,1,0,1,0,1,0,0,0,1
0,0,1,1,1,1,0,110.25,113.95,0,1,0,0,0,1,0,0,0,0,0,0,0,0,0,0,0,1,0,1,0
1,0,1,1,24,1,0,51.52,1261.22,0,0,1,0,0,0,0,0,0,0,0,0,0,0,0,0,1,0,1,0,0
1,0,1,0,47,1,1,92.14,4327.91,0,1,0,1,1,0,1,0,1,0,1,0,1,0,1,0,0,1,0,0,0
1,0,1,0,67,1,1,110.88,7436.94,0,1,0,0,0,0,1,0,0,1,0,1,0,1,0,0,0,0,0,0,0
0,0,1,0,23,1,0,67.51,1551.96,0,0,1,0,0,1,0,0,0,0,0,0,0,0,0,1,0,0,0,1,0
0,1,1,0,24,1,1,30.44,725.93,0,1,1,0,0,1,0,0,0,0,1,0,0,0,1,0,0,1,1,0,0
0,0,0,0,59,1,1,81.52,4800.83,0,1,1,0,0,0,0,0,1,0,0,1,0,0,1,0,0,1,0,1,0
0,0,0,0,55,1,1,58.53,3218.59,0,0,0,0,1,0,0,0,0,0,1,0,1,0,0,0,1,0,0,0,1
1,0,0,0,27,1,0,71.23,1937.25,0,0,0,0,0,0,1,0,0,0,0,0,0,0,0,0,0,0,0,1,0
0,0,1,0,18,0,1,22.05,389.73,1,0,1,0,0,0,0,1,0,0,0,1,1,0,1,0,0,1,0,1,0
1,0,1,0,66,1,1,36.24,2398.55,0,0,0,1,1,0,1,0,1,0,1,0,1,0,1,0,1,0,0,1,0
1,0,1,1,18,1,1,35.23,639.71,0,0,1,0,0,1,0,1,0,0,1,0,0,0,0,1,0,0,0,0,1
0,0,0,1,15,1,0,106.57,1601.85,0,0,1,0,0,0,1,0,0,0,0,1,0,1,0,0,0,1,1,0,0
0,0,0,1,59,1,1,47.44,2800.36,0,1,0,1,1,0,1,0,1,0,1,0,1,0,1,0,1,0,0,0,0
0,0,1,0,23,1,0,25.01,559.64,0,0,0,0,0,1,0,0,0,0,0,0,0,0,0,0,0,1,1,0,0
0,1,1,0,36,1,1,32.65,1163.43,0,0,0,1,1,0,1,0,1,0,1,0,1,0,1,0,0,0,0,0,0
1,0,1,1,8,1,1,29.83,235.72,0,0,1,0,0,0,0,1,1,0,0,0,1,0,0,1,0,0,0,1,0
0,0,0,1,9,1,0,108.97,981.98,1,0,0,0,0,0,0,0,0,0,0,1,0,0,0,1,0,0,0,0,1
0,0,0,0,23,1,0,110.36,2547.31,0,0,1,0,0,0,0,0,0,0,1,0,0,0,0,0,0,0,0,0,0
1,0,1,0,3,1,1,72.31,213.98,0,1,0,0,0,1,0,0,0,0,0,0,0,0,0,0,1,0,0,0,0
0,0,1,1,68,1,0,103.83,7069.11,0,0,0,0,0,0,0,1,0,0,0,0,0,0,0,0,0,0,0,1,0
1,1,0,0,5,1,1,90.29,462.24,0,0,0,0,0,0,0,0,0,1,0,1,0,0,0,0,0,1,0,1,0
1,0,1,0,23,1,0,45.51,1045.84,0,1,0,0,0,0,0,0,0,1,0,1,0,0,1,0,0,1,0,0,0
1,0,1,0,16,1,1,59.58,962.3,0,0,0,0,1,0,0,1,1,0,0,0,0,1,0,0,0,0,0,0,1
1,0,1,0,9,1,0,114.16,1031.79,0,0,1,0,0,0,0,1,0,0,0,0,0,1,0,0,0,0,0,0,1
1,0,0,0,7,1,1,65.25,451.61,0,1,0,1,1,0,1,0,1,0,1,0,1,0,1,0,0,0,1,0,0
0,1,1,1,21,1,1,34.55,732.55,0,0,1,0,0,0,0,1,0,0,0,1,0,1,0,0,1,0,1,0,0
1,0,1,0,68,0,0,118.96,8086.61,1,0,0,0,1,0,0,0,0,1,0,0,0,0,0,0,0,0,1,0,0
0,1,0,0,14,1,1,28.05,396.21,0,1,1,0,0,0,1,0,1,0,0,1,0,0,1,0,0,0,0,0,0
0,1,0,0,34,1,1,58.3,1971.26,1,0,1,0,0,1,0,1,0,1,0,0,0,1,0,1,0,0,0,1,0
0,0,1,1,54,0,1,56.13,3030.67,1,0,1,0,1,0,0,1,0,0,0,0,0,0,0,0,0,0,0,0,0
1,0,0,0,60,1,0,63.13,3775.82,0,0,0,1,1,0,1,0,1,0,1,0,1,0,1,0,0,0,0,0,0
1,0,0,1,57,1,1,68.18,3893.28,0,0,1,0,0,0,1,0,0,0,0,1,0,0,0,0,0,0,0,1,0
0,0,0,1,50,0,1,90.22,4516.44,1,0,0,0,0,1,1,0,0,1,0,1,0,0,0,0,1,0,0,0,0
0,0,1,1,23,1,1,62.92,1435.59,0,0,0,0,0,1,0,1,0,1,0,0,0,0,0,1,0,0,0,0,1
0,0,0,0,2,1,0,83.69,168.48,0,1,1,0,0,0,0,0,1,0,0,0,0,0,1,0,0,0,1,0,0
0,0,1,0,72,1,1,107.28,7741.05,0,1,1,0,0,0,0,0,0,0,0,0,0,1,0,1,0,0,0,0,1
1,1,0,1,45,1,1,24.11,1091.25,0,0,0,0,1,0,0,0,0,0,0,1,0,1,0,1,0,1,0,0,0
0,0,0,1,42,1,0,81.13,3400.77,0,0,0,0,0,1,0,1,0,0,0,1,1,0,0,0,0,0,0,0,1
0,0,1,1,18,1,1,86.75,1543.55,0,1,0,1,1,0,1,0,1,0,1,0,1,0,1,0,1,0,0,1,0
0,0,0,0,70,1,0,119.01,8341.14,0,0,0,0,0,0,0,0,0,0,0,1,0,0,0,0,0,1,0,1,0
0,0,0,0,38,1,1,37.97,1449.57,1,0,1,0,1,0,0,1,0,1,0,0,0,1,0,0,0,0,0,0,1
0,1,1,0,54,1,1,91.78,4961.1,0,1,0,0,0,0,0,0,0,1,0,1,0,1,0,0,0,0,0,0,0
0,0,1,1,51,1,1,21.47,1092.64,1,0,0,0,1,0,0,0,1,0,0,1,0,0,1,0,0,0,0,0,1
1,1,1,0,26,1,1,104.55,2710.37,0,0,0,0,0,0,0,1,1,0,1,0,0,1,0,0,0,0,1,0,0
1,1,1,0,16,1,1,94.46,1515.41,0,1,0,0,0,0,0,0,1,0,0,1,0,0,0,1,0,0,0,1,0
1,0,0,0,63,1,1,37.07,2345.36,0,1,0,0,1,0,0,0,0,0,0,0,0,1,0,0,1,0,1,0,0
0,0,1,1,37,1,1,110.98,4096.59,0,0,1,0,0,1,0,0,0,0,0,1,1,0,1,0,0,1,0,0,0
1,0,1,0,64,1,0,83.3,5349.65,0,1,0,1,1,0,1,0,1,0,1,0,1,0,1,0,0,0,0,0,1
0,0,0,0,45,1,1,75.33,3382.56,0,0,0,0,0,0,0,0,0,0,0,0,1,0,0,0,1,0,0,0,1
1,0,1,0,53,1,0,70.71,3738.1,1,0,1,0,0,1,0,0,0,1,0,0,0,1,1,0,0,0,1,0,0
0,1,0,0,48,1,0,37.22,1815.09,0,1,1,0,0,0,0,1,0,1,0,0,1,0,0,1,0,0,0,0,1
1,0,0,1,4,1,1,29.61,110.89,0,0,1,0,0,0,0,0,0,1,0,1,0,0,0,1,0,0,0,0,0
0,0,0,0,62,1,0,72.21,4473.86,0,0,0,1,1,0,1,0,1,0,1,0,1,0,1,0,0,0,1,0,0
1,0,0,0,22,1,0,23.08,513.07,0,0,0,1,1,0,1,0,1,0,1,0,1,0,1,0,0,0,0,1,0
1,0,1,1,66,0,1,58.48,3855.7,1,0,1,0,0,1,0,0,0,0,0,1,0,0,0,0,0,0,0,0,0
0,0,1,1,2,1,1,71.35,146.94,0,0,1,0,0,1,0,0,0,0,0,0,0,0,0,1,0,0,0,0,0
0,0,1,0,70,1,1,26.35,1858.75,0,0,1,0,0,0,0,0,0,0,0,0,0,0,0,0,0,1,0,1,0
0,1,1,1,43,1,1,94.87,4096.53,1,0,0,0,0,0,0,0,0,1,0,1,0,1,0,1,1,0,0,0,0
0,0,1,0,11,1,1,67.93,759.65,0,1,1,0,0,0,0,0,0,0,0,1,0,0,0,0,0,0,0,0,0
0,0,1,0,68,1,0,62.53,4248.77,0,0,0,1,1,0,1,0,1,0,1,0,1,0,1,0,0,0,0,0,0
0,1,0,1,63,1,0,70.97,4440.54,0,0,0,1,1,0,1,0,1,0,1,0,1,0,1,0,0,1,0,0,0
1,0,1,1,63,1,1,86.93,5473.16,1,0,1,0,0,0,0,0,0,0,0,0,0,0,0,0,1,0,1,0,0
0,0,1,0,8,1,1,75.19,582.56,0,1,1,0,0,0,0,1,0,1,0,0,0,0,0,1,0,0,0,0,1
0,0,0,0,11,0,1,48.36,525.79,1,0,0,0,0,0,0,0,1,0,0,0,0,0,0,0,0,1,0,0,0
1,0,1,1,29,1,1,52.69,1510.74,0,1,1,0,0,0,0,1,0,0,0,0,0,0,0,0,1,0,0,0,1
1,0,0,0,50,1,1,111.74,5573.73,0,1,0,0,0,0,0,0,0,0,1,0,0,0,1,0,0,0,0,1,0
1,0,0,0,19,0,1,100.03,1903.85,1,0,0,0,0,0,0,1,0,1,0,1,0,1,0,1,0,0,0,1,0
0,0,1,0,19,1,0,45.65,878.0,0,1,1,0,0,0,0,1,0,0,0,0,0,0,0,1,0,0,1,0,0
1,0,0,0,56,1,0,26.08,1453.32,0,1,0,1,1,0,1,0,1,0,1,0,1,0,1,0,1,0,0,0,1
0,0,1,1,59,1,1,40.31,2382.85,1,0,0,0,0,0,0,0,0,0,0,0,0,0,0,1,1,0,0,0,0
1,0,1,0,39,1,0,32.64,1280.38,0,1,1,0,0,1,0,0,0,0,0,0,0,1,0,1,0,1,0,0,0
0,1,1,0,33,1,1,55.32,1815.52,1,0,1,0,1,0,0,0,0,1,0,0,0,0,0,0,0,0,0,0,1
0,1,1,0,50,1,1,92.11,4605.32,0,0,0,1,1,0,1,0,1,0,1,0,1,0,1,0,0,0,1,0,0
0,0,0,0,60,1,0,57.58,3460.95,1,0,1,0,0,0,0,0,0,0,0,1,0,1,0,1,0,0,0,0,1
0,0,0,0,25,1,0,76.28,1921.96,0,1,1,0,0,1,0,0,0,0,0,1,0,0,0,0,1,0,0,0,0
1,0,1,0,16,1,1,57.18,918.52,0,1,0,0,0,0,0,1,0,0,0,1,0,1,0,0,1,0,0,1,0
1,0,0,0,26,1,1,91.36,2370.41,0,0,0,0,0,1,0,1,0,0,0,1,0,0,0,0,0,0,1,0,0
1,0,0,1,72,1,1,29.7,2144.49,0,0,0,0,0,1,0,0,0,1,0,0,0,1,0,0,0,0,0,0,0
0,0,0,0,18,1,1,106.28,1918.3,0,1,0,0,0,0,0,0,0,1,0,0,1,0,0,0,0,1,0,0,1
0,0,0,0,57,1,1,55.53,3162.07,0,0,1,0,1,0,0,0,0,0,0,0,0,0,0,0,0,1,0,0,0
0,0,1,0,32,1,1,44.45,1428.42,0,1,0,0,0,0,0,0,0,0,0,0,0,1,1,0,0,1,0,1,0
0,1,1,0,57,1,0,108.6,6182.14,0,0,0,0,0,0,0,0,0,0,1,0,0,1,0,0,0,1,0,1,0
0,0,1,0,5,1,0,57.3,283.38,0,1,0,1,1,0,1,0,1,0,1,0,1,0,1,0,0,0,0,1,0
1,0,0,0,61,1,1,33.26,2018.86,0,1,1,0,0,0,0,0,0,0,0,0,0,0,0,0,0,0,1,0,0
0,0,1,1,21,0,0,69.75,1475.09,1,0,0,0,0,0,0,1,0,1,1,0,1,0,0,0,0,1,0,0,0
1,0,1,1,56,1,1,58.11,3258.93,0,0,0,0,0,1,0,0,0,1,0,1,0,0,0,0,0,0,0,1,0
1,0,0,0,31,1,1,26.14,813.01,0,0,0,0,0,1,0,1,0,1,0,0,0,0,0,0,0,0,0,0,0
1,0,1,0,37,1,1,111.91,4136.0,0,0,0,1,1,0,1,0,1,0,1,0,1,0,1,0,0,0,0,1,0
0,0,1,0,71,1,1,70.79,5026.78,0,0,0,0,0,0,0,0,0,0,1,0,0,0,0,0,0,0,0,0,0
1,0,1,0,57,1,0,90.69,5161.08,0,0,0,0,0,0,0,0,0,0,0,0,0,0,0,1,0,0,0,1,0
1,0,0,1,57,1,1,26.75,1515.06,0,0,1,0,0,1,0,0,0,1,0,0,0,0,0,0,0,0,0,1,0
0,0,0,0,72,1,1,101.78,7338.69,0,1,1,0,0,1,0,0,0,1,1,0,0,0,0,1,0,0,0,0,1
0,0,1,1,10,1,1,41.31,407.06,0,0,1,0,0,0,0,1,0,0,0,0,0,0,0,1,0,0,0,0,0
1,0,0,0,30,1,0,55.19,1648.64,0,0,0,0,0,1,0,0,0,1,1,0,1,0,0,0,0,0,0,0,1
1,0,1,0,71,1,0,111.08,7895.52,0,1,0,0,0,0,0,0,0,0,0,1,0,1,0,1,1,0,0,1,0
1,0,0,0,64,1,0,118.95,7617.89,0,0,0,0,0,0,0,0,0,1,0,0,0,1,0,0,0,0,1,0,0
1,0,0,0,38,1,0,119.84,4560.33,0,1,0,0,0,0,0,1,0,0,0,0,0,0,0,0,0,0,1,0,0
1,1,0,1,67,1,1,53.18,3551.13,0,1,0,1,1,0,1,0,1,0,1,0,1,0,1,0,0,1,0,1,0
0,0,1,0,36,1,1,74.94,2702.44,1,0,0,1,1,0,1,0,1,0,1,0,1,0,1,0,0,0,0,0,1
1,0,1,0,9,1,1,69.75,634.48,0,0,0,0,0,0,0,1,0,1,0,0,0,0,0,0,0,0,0,1,0
0,0,1,0,52,1,1,30.07,1563.67,0,0,1,0,0,0,0,0,0,1,0,0,0,1,0,0,0,0,0,0,1
1,0,0,1,47,1,0,74.36,3502.01,0,1,1,0,0,0,0,0,1,0,0,1,1,0,0,1,0,0,0,1,0
1,0,0,0,62,1,0,33.88,2098.93,0,1,0,0,0,1,0,0,0,0,0,0,0,0,0,0,1,0,0,0,0
0,0,0,0,36,1,0,23.89,861.11,0,0,1,0,0,1,0,0,0,1,1,0,0,0,0,1,0,0,0,1,0
1,0,0,0,21,1,1,37.21,777.61,0,0,1,0,0,0,0,0,0,0,1,0,0,1,0,0,0,0,0,0,0
1,0,0,0,48,1,1,75.42,3626.79,0,0,0,0,0,0,0,0,0,0,0,1,0,1,0,0,0,0,1,0,0
1,0,0,1,65,1,0,96.51,6277.21,0,0,1,0,0,1,0,0,0,0,0,1,1,0,0,1,0,0,1,0,0
1,0,1,0,72,0,1,52.99,3806.6,1,0,0,0,0,1,0,0,0,1,0,1,0,1,0,1,0,0,0,0,0
1,0,0,0,65,1,1,92.0,5973.74,0,0,1,0,0,1,0,1,0,0,0,1,0,1,0,0,0,0,1,0,0
0,0,0,0,23,1,1,77.81,1806.65,0,0,0,0,0,0,0,1,0,1,0,0,0,1,0,0,0,1,0,1,0
1,0,0,1,57,1,1,116.94,6654.78,0,1,0,0,0,0,0,0,0,1,0,0,0,1,0,0,0,0,0,0,1
0,0,1,0,57,1,1,93.02,5292.35,0,1,0,0,0,0,0,1,0,0,0,0,0,1,0,1,1,0,0,1,0
1,0,1,1,51,1,1,88.8,4523.97,0,0,1,0,0,0,0,0,0,0,0,0,0,1,0,0,0,0,0,0,1
0,0,0,0,30,1,0,43.4,1286.86,0,1,1,0,0,0,0,0,0,0,0,1,0,0,0,0,0,1,0,1,0
1,0,1,1,56,1,1,102.85,5768.11,0,1,0,0,0,1,0,1,0,0,0,0,0,0,0,0,1,0,0,0,1
1,0,0,0,2,1,0,84.15,174.34,0,0,0,1,1,0,1,0,1,0,1,0,1,0,1,0,0,0,0,0,1
1,1,0,0,40,0,1,91.37,3668.24,1,0,0,1,1,0,1,0,1,0,1,0,1,0,1,0,0,0,0,0,1
1,0,1,0,52,1,0,79.72,4154.44,0,0,0,1,1,0,1,0,1,0,1,0,1,0,1,0,1,0,1,0,0
0,1,0,0,33,1,0,103.63,3419.93,1,0,0,0,0,0,0,0,0,0,0,0,0,0,0,1,0,1,1,0,0
0,0,0,0,33,1,1,82.01,2695.79,0,1,1,0,0,0,0,1,0,0,0,1,0,1,0,1,0,0,0,1,0
0,0,1,0,11,1,1,107.37,1183.7,0,0,1,0,0,1,0,0,0,1,0,0,0,0,0,0,1,0,0,0,0
0,0,0,0,47,1,1,96.2,4533.13,0,0,1,0,0,0,0,0,0,1,0,1,0,0,0,0,0,0,0,0,1
0,0,0,1,49,1,1,65.15,3190.79,1,0,1,0,0,0,0,1,0,1,0,1,0,0,0,0,0,0,1,0,0
1,0,0,0,31,1,0,46.19,1439.48,0,0,1,0,0,0,0,0,0,0,0,0,0,0,0,0,1,0,0,0,1
1,0,1,0,8,0,1,52.81,443.44,1,0,1,0,0,1,0,0,0,1,0,1,1,0,0,0,1,0,0,0,1
0,1,0,1,55,1,1,61.06,3363.51,0,0,0,1,1,0,1,0,1,0,1,0,1,0,1,0,0,0,0,1,0
0,0,1,1,70,1,1,55.84,3892.46,0,0,1,0,0,0,0,0,0,0,0,0,0,0,0,0,0,0,0,0,0
0,1,1,0,11,1,0,107.37,1164.47,0,0,0,0,0,0,0,1,0,1,0,1,1,0,0,0,1,0,0,1,0
0,0,0,0,18,1,1,114.99,2064.28,0,0,1,0,1,0,0,0,1,0,0,1,0,1,0,1,0,0,0,0,0
0,0,0,1,72,1,1,77.51,5562.19,0,0,0,0,0,0,0,0,0,1,0,0,0,0,0,1,0,0,0,1,0
0,0,0,0,18,0,0,76.83,1397.01,1,0,1,0,0,0,0,0,0,1,0,0,0,0,0,0,0,0,0,0,0
0,0,1,0,30,1,0,91.34,2719.22,0,0,0,1,1,0,1,0,1,0,1,0,1,0,1,0,0,0,0,0,0
0,0,0,0,28,1,1,26.43,727.6,0,1,0,1,1,0,1,0,1,0,1,0,1,0,1,0,0,0,0,1,0
0,0,0,0,69,1,0,76.75,5297.91,0,1,1,0,1,0,0,0,0,0,0,0,0,0,0,1,0,0,0,0,0
1,0,0,0,40,1,1,45.62,1812.32,0,1,1,0,0,0,1,0,1,0,0,0,0,0,0,1,1,0,1,0,0
1,0,1,0,61,1,0,108.38,6612.09,0,0,0,0,0,1,0,0,0,1,0,0,0,0,0,0,0,1,0,0,0
1,1,0,1,1,1,1,70.04,73.95,0,0,0,1,1,0,1,0,1,0,1,0,1,0,1,0,0,1,0,0,1
1,0,1,0,71,1,1,119.49,8487.24,0,0,1,0,0,0,0,0,1,0,0,0,0,1,0,1,0,0,0,1,0
1,0,0,0,52,1,1,87.26,4545.96,0,0,0,1,1,0,1,0,1,0,1,0,1,0,1,0,1,0,1,0,0
1,0,1,0,14,1,0,29.65,419.73,0,1,0,0,0,1,0,0,0,0,0,0,0,1,0,0,0,1,0,0,0
1,0,1,0,7,1,0,39.22,293.82,0,1,0,0,0,0,0,0,0,1,0,0,0,0,0,0,0,0,0,0,0
0,0,0,0,29,1,1,103.02,2997.17,0,0,0,1,1,0,1,0,1,0,1,0,1,0,1,0,0,0,1,0,0
1,0,0,0,0,1,1,101.59,0.0,0,1,1,0,0,0,0,0,0,1,1,0,0,0,0,0,1,0,0,1,0
1,0,1,0,58,1,0,22.49,1318.78,1,0,1,0,0,1,1,0,0,1,0,1,0,1,0,0,0,1,0,0,0
0,0,0,0,9,1,0,116.23,1040.43,0,0,0,0,0,0,0,0,0,1,0,0,1,0,0,0,0,0,0,0,1
1,0,1,0,70,1,1,42.25,2966.34,1,0,0,0,0,0,0,0,0,0,0,0,0,1,0,0,1,0,0,0,0
1,1,1,1,58,1,1,30.77,1797.67,0,1,1,0,0,1,0,0,0,0,1,0,0,0,0,1,0,1,0,1,0
0,0,1,0,50,1,0,50.62,2522.82,0,0,0,0,0,0,0,0,0,0,0,1,0,0,1,0,0,0,1,0,0
1,0,0,1,14,0,0,63.93,893.46,1,0,1,0,1,0,0,0,0,1,0,0,0,1,1,0,0,1,0,0,0
1,0,1,1,57,1,0,24.96,1410.15,0,0,0,1,1,0,1,0,1,0,1,0,1,0,1,0,0,1,1,0,0
1,0,1,0,2,1,0,58.92,116.02,1,0,0,1,1,0,1,0,1,0,1,0,1,0,1,0,0,0,1,0,0
0,0,1,1,41,1,0,70.43,2886.95,0,1,0,0,0,0,0,1,0,0,1,0,1,0,0,0,0,0,0,0,1
0,0,1,0,72,1,0,46.58,3351.81,0,1,0,0,0,0,0,0,0,0,1,0,0,0,0,0,0,0,1,0,0
1,0,0,1,63,1,0,75.75,4766.09,0,0,0,0,0,0,0,0,0,0,0,0,0,0,1,0,0,1,0,1,0
0,0,0,1,63,1,0,58.77,3696.86,1,0,0,1,1,0,1,0,1,0,1,0,1,0,1,0,0,0,1,0,0
0,0,0,0,41,1,0,53.11,2166.42,0,0,1,0,0,0,0,0,0,0,0,0,0,0,0,0,0,1,0,0,1
1,0,0,1,57,1,0,70.05,3998.14,0,0,0,1,1,0,1,0,1,0,1,0,1,0,1,0,1,0,1,0,0
1,0,0,0,14,1,1,91.27,1281.67,0,0,1,0,0,0,1,0,0,0,0,0,0,0,0,1,0,0,0,0,1
0,1,1,0,17,1,1,53.99,928.75,0,1,1,0,0,0,0,1,0,1,1,0,0,0,0,0,0,0,0,0,1
1,0,0,0,13,0,0,75.22,993.49,1,0,1,0,0,1,0,1,0,1,0,1,0,0,0,0,0,0,0,0,0
0,0,1,0,38,1,1,40.44,1530.21,1,0,0,0,0,0,0,0,0,1,0,0,0,1,0,0,0,0,0,1,0
0,1,1,0,31,1,1,113.83,3529.23,0,0,1,0,0,0,0,0,0,1,0,0,0,1,1,0,0,0,0,0,1
1,0,0,0,55,0,0,54.88,3007.44,1,0,0,1,1,0,1,0,1,0,1,0,1,0,1,0,0,0,1,0,0
0,1,0,1,25,1,0,84.75,2124.84,0,1,0,0,0,0,0,1,0,1,0,1,0,0,0,0,1,0,0,0,0
0,0,0,1,64,1,0,81.88,5252.5,0,0,0,0,0,0,1,0,0,0,0,1,0,0,0,0,0,0,0,0,1
1,0,1,0,68,1,1,62.74,4266.76,0,1,1,0,0,1,0,1,0,1,0,0,0,1,0,0,1,0,0,0,1
0,0,0,1,41,1,0,100.3,4103.68,0,0,0,1,1,0,1,0,1,0,1,0,1,0,1,0,0,1,0,0,0
1,1,1,1,59,1,1,41.26,2455.74,0,1,0,1,1,0,1,0,1,0,1,0,1,0,1,0,0,1,0,0,1
0,0,1,1,11,1,1,43.88,481.39,0,1,1,0,0,0,0,0,0,1,0,0,0,0,0,0,0,0,0,1,0
0,0,1,1,25,1,0,21.18,539.11,0,0,0,0,0,0,0,0,0,0,0,0,0,1,0,0,0,1,0,0,1
1,0,0,1,26,1,1,49.1,1267.64,0,0,1,0,0,1,1,0,0,0,0,0,0,0,0,1,0,0,0,1,0
0,0,1,0,66,1,1,110.71,7293.19,0,0,0,1,1,0,1,0,1,0,1,0,1,0,1,0,1,0,0,1,0
1,0,1,0,5,0,1,118.62,562.34,1,0,1,0,0,0,0,1,0,0,0,1,0,0,0,1,0,1,0,0,0
1,0,1,1,34,1,0,32.04,1089.15,1,0,1,0,0,0,0,1,1,0,0,0,0,0,0,0,0,0,0,0,0
0,0,0,0,68,1,0,119.01,8099.62,0,0,1,0,0,1,0,0,1,0,0,1,0,1,1,0,0,0,0,1,0
1,0,0,0,32,1,1,90.08,2886.34,0,1,1,0,0,1,0,0,0,1,0,0,0,1,0,1,0,0,0,1,0
0,0,0,0,22,1,1,42.64,937.17,0,0,0,1,1,0,1,0,1,0,1,0,1,0,1,0,1,0,0,0,0
0,0,1,1,71,1,1,88.82,6300.62,0,0,0,0,0,1,0,1,0,0,0,1,1,0,0,0,0,0,1,0,0
1,0,0,0,3,1,1,55.4,172.86,0,0,0,0,0,0,1,0,0,1,0,1,0,1,0,0,0,0,0,0,1
1,0,0,0,12,1,1,104.36,1251.9,0,0,1,0,0,0,0,0,0,0,0,1,0,0,0,1,1,0,0,0,0
1,0,1,0,2,1,1,93.15,202.9,1,0,1,0,0,0,0,0,0,1,0,0,0,0,0,0,0,0,0,0,0
1,0,1,1,52,0,0,114.76,5968.15,1,0,0,0,0,0,0,0,0,1,0,0,0,0,0,0,0,0,1,0,0
0,0,1,0,33,1,1,93.52,3092.98,0,0,0,0,0,1,0,0,0,0,0,0,0,0,0,0,0,0,0,1,0
0,0,0,0,57,0,1,112.79,6446.12,1,0,0,0,0,0,0,0,0,0,0,0,0,0,0,0,0,0,0,0,0
0,0,0,0,3,1,0,84.67,250.14,0,0,1,0,0,0,0,0,0,0,0,0,1,0,0,1,0,0,0,0,1
0,1,0,1,62,1,0,58.15,3594.13,0,0,0,0,0,0,0,0,0,1,0,1,1,0,0,1,1,0,0,0,0
0,0,0,1,6,1,1,66.54,409.49,0,1,0,0,0,1,0,0,0,0,0,0,0,0,0,0,1,0,0,0,0
1,0,1,0,50,1,1,33.25,1655.25,0,0,0,0,1,0,0,1,1,0,0,0,0,0,0,1,0,0,0,0,0
0,0,0,0,10,1,1,65.84,665.79,0,1,1,0,0,0,0,1,0,0,0,0,0,0,0,0,0,0,0,0,0
0,0,1,0,68,1,1,91.87,6253.74,0,1,1,0,0,0,0,0,0,0,0,1,0,1,0,0,0,0,0,1,0
0,0,0,0,71,1,1,32.58,2316.31,0,0,1,0,0,0,1,0,0,1,0,0,0,0,0,0,0,0,1,0,0
1,0,1,0,50,1,1,79.28,3954.05,0,1,0,0,0,0,0,0,0,0,1,0,0,1,0,1,0,1,0,0,1
0,0,1,1,11,0,1,56.68,608.77,1,0,0,0,0,0,0,1,0,0,0,0,0,0,0,0,0,0,1,0,0
0,0,1,0,45,1,0,110.77,4975.89,0,0,1,0,0,0,0,0,0,0,0,0,0,0,0,1,0,1,0,1,0
1,0,0,0,53,1,0,109.17,5788.72,0,1,0,0,0,0,0,0,0,0,0,0,0,0,0,0,0,0,0,0,1
0,0,1,0,17,1,1,94.45,1603.94,0,0,0,0,0,0,0,0,0,0,0,1,0,0,0,0,0,0,0,1,0
1,0,1,0,48,1,0,67.34,3226.78,0,0,0,0,0,0,0,0,0,0,1,0,0,1,0,1,1,0,0,1,0
0,1,1,0,13,1,1,61.23,801.77,0,0,1,0,0,0,0,0,0,0,0,1,0,0,0,0,0,1,0,0,1
0,0,0,1,23,1,1,82.29,1896.34,0,0,1,0,0,0,0,0,0,0,0,0,0,1,0,0,0,0,0,0,1
0,0,1,0,16,1,1,106.08,1705.51,0,0,0,0,0,0,0,0,0,1,1,0,0,1,1,0,0,0,0,0,0
0,0,1,0,10,1,1,81.38,816.98,0,0,1,0,0,1,0,0,0,0,0,0,0,1,0,1,0,0,0,1,0
0,1,1,0,60,1,1,22.57,1380.77,1,0,0,0,0,0,1,0,0,1,0,0,0,1,0,1,0,1,0,1,0
1,0,0,1,55,1,0,28.82,1606.33,0,1,0,0,0,0,0,1,1,0,0,1,1,0,1,0,0,1,0,1,0
0,0,1,1,36,0,1,72.61,2610.94,1,0,1,0,0,1,0,1,0,0,0,1,0,0,0,0,0,1,0,1,0
0,0,1,1,15,1,1,61.23,920.4,0,0,0,0,0,1,0,0,0,1,0,1,1,0,0,0,0,0,0,0,0
1,0,1,1,46,1,0,39.48,1835.42,0,1,0,0,0,1,0,1,0,0,0,0,0,0,1,0,0,1,0,1,0
0,1,1,0,60,0,0,26.46,1580.76,1,0,0,0,0,0,1,0,0,1,0,1,0,1,0,0,0,0,1,0,0
1,0,0,1,58,1,0,40.14,2319.53,0,1,0,0,0,0,0,1,0,1,0,0,0,0,0,0,0,0,0,1,0
1,0,0,0,10,1,0,70.64,706.03,0,0,1,0,0,0,0,0,0,0,0,1,0,0,0,0,0,0,0,1,0
1,0,1,0,20,1,1,41.01,810.88,0,1,0,1,1,0,1,0,1,0,1,0,1,0,1,0,0,0,0,0,0
0,0,0,0,26,1,0,95.46,2491.78,0,1,0,0,0,0,0,0,0,1,0,0,0,0,0,0,0,0,0,1,0
1,0,1,0,11,1,1,103.27,1117.06,0,1,0,1,1,0,1,0,1,0,1,0,1,0,1,0,0,0,1,0,0
0,0,1,0,71,1,1,76.47,5420.56,0,0,0,0,0,0,0,0,0,0,0,0,0,0,0,1,0,0,0,1,0
1,0,1,0,41,0,1,107.77,4411.07,1,0,0,1,1,0,1,0,1,0,1,0,1,0,1,0,0,0,0,0,0
1,1,0,0,64,1,0,114.49,7315.06,0,0,0,0,0,0,0,0,0,0,1,0,0,0,0,0,1,0,0,1,0
1,0,0,0,33,1,1,74.69,2470.18,0,1,1,0,0,1,0,0,0,0,0,0,0,0,0,1,0,0,0,0,0
0,0,0,1,70,1,1,97.69,6835.45,0,1,0,0,0,0,0,0,0,1,0,0,0,0,0,1,0,0,1,0,0
0,1,0,0,1,1,1,43.3,49.43,0,0,1,0,0,1,0,0,0,1,0,1,0,0,1,0,0,0,0,1,0
0,0,0,0,11,1,0,58.55,649.99,0,0,1,0,0,1,0,1,0,1,1,0,0,1,0,0,0,1,1,0,0
1,0,1,1,43,0,0,36.49,1557.56,1,0,1,0,0,0,0,1,0,0,0,0,1,0,0,0,0,0,0,0,1
1,0,1,1,7,1,0,45.47,328.02,0,1,0,0,0,0,0,0,0,0,0,0,0,1,0,0,0,0,1,0,0
0,0,1,0,53,1,0,107.77,5707.41,0,0,0,0,0,0,0,0,0,1,0,1,0,0,0,0,0,1,1,0,0
0,0,1,1,63,1,1,25.51,1610.89,0,1,0,1,1,0,1,0,1,0,1,0,1,0,1,0,0,0,0,0,1
1,0,1,0,16,1,0,95.6,1548.52,0,1,0,0,0,0,0,0,0,1,0,0,0,0,0,0,0,0,0,0,1
1,1,1,1,26,1,1,101.77,2625.32,0,1,1,0,0,0,0,0,0,0,0,0,0,0,0,0,0,0,0,1,0
1,0,0,0,52,1,0,74.81,3875.48,0,1,1,0,0,0,0,1,0,0,0,1,0,0,1,0,0,0,0,0,1
1,0,1,0,28,0,1,112.12,3132.91,1,0,1,0,0,0,0,1,0,1,0,1,0,1,1,0,0,0,0,1,0
0,0,1,1,53,1,0,111.52,5936.65,0,1,0,1,1,0,1,0,1,0,1,0,1,0,1,0,0,1,0,0,0
1,0,0,0,65,1,1,67.14,4359.12,0,0,0,0,0,1,0,0,0,0,0,0,0,0,0,1,0,1,0,1,0
0,0,1,0,32,1,0,57.9,1860.47,0,1,0,0,1,0,0,0,0,0,0,0,0,0,0,1,0,0,0,0,0
0,0,0,1,14,0,1,112.78,1585.48,1,0,0,0,0,1,1,0,0,0,0,0,0,0,0,1,1,0,1,0,0
0,0,0,1,10,0,1,91.13,900.1,1,0,1,0,0,1,0,0,0,0,0,0,1,0,0,0,0,0,0,0,0
0,1,0,1,13,1,1,75.49,969.93,0,0,1,0,0,0,0,0,0,0,0,0,0,1,0,1,0,0,0,1,0
0,0,0,0,17,1,1,67.62,1143.11,1,0,1,0,0,0,0,0,0,0,0,0,1,0,0,0,0,0,1,0,0
1,1,0,0,6,1,1,98.87,596.81,0,1,1,0,0,1,0,0,0,0,0,0,0,1,0,0,0,0,0,0,0
1,1,0,1,43,1,1,32.88,1391.83,0,1,0,0,0,0,1,0,0,0,0,0,0,0,0,0,0,0,0,0,1
1,0,1,0,57,1,0,47.46,2706.27,1,0,1,0,0,0,0,1,0,0,0,0,1,0,0,0,0,0,0,0,0
0,0,1,1,11,1,1,49.81,555.31,0,1,1,0,0,1,0,0,0,0,0,1,0,0,0,0,1,0,0,0,0
0,1,0,1,17,1,0,20.51,346.41,0,0,0,1,1,0,1,0,1,0,1,0,1,0,1,0,0,0,0,0,0
0,0,1,0,47,1,1,21.61,1020.93,0,0,1,0,0,0,0,0,0,0,0,0,0,0,0,1,0,0,0,0,1
0,0,0,0,68,1,1,98.79,6722.51,0,0,1,0,0,0,0,0,0,0,0,0,0,0,1,0,0,0,0,1,0
1,0,0,1,55,1,1,109.57,6029.02,0,0,0,0,0,0,1,0,0,0,0,0,1,0,0,1,0,0,0,1,0
0,0,0,1,58,1,0,60.24,3502.15,0,0,0,0,0,0,0,0,0,0,0,1,0,0,0,0,1,0,1,0,0
1,0,1,1,47,1,1,42.24,2005.02,0,1,0,1,1,0,1,0,1,0,1,0,1,0,1,0,0,1,0,1,0
0,0,0,0,72,1,1,75.84,5480.7,0,1,0,0,1,0,0,0,0,1,0,1,0,0,0,0,0,1,0,0,1
1,1,1,0,47,1,0,24.79,1169.04,0,1,0,1,1,0,1,0,1,0,1,0,1,0,1,0,1,0,0,0,0
1,1,0,0,49,1,0,95.79,4690.57,0,1,1,0,0,1,0,0,0,0,0,0,1,0,1,0,0,0,0,0,0
1,0,0,0,10,0,1,64.97,639.34,1,0,1,0,0,0,0,0,0,0,0,0,0,0,0,1,0,0,0,0,0
0,0,0,0,28,1,1,26.64,755.19,0,1,0,0,0,0,0,0,1,0,0,0,0,1,0,0,0,0,0,1,0
0,0,0,0,47,1,0,81.76,3845.89,0,1,0,0,0,0,0,1,0,1,1,0,1,0,0,1,1,0,0,1,0
0,0,1,0,70,1,1,26.07,1815.66,0,0,0,0,0,0,0,0,0,0,0,1,0,0,0,0,0,0,0,1,0
0,0,1,1,54,1,0,22.92,1242.84,0,0,0,0,0,0,0,0,0,1,0,0,0,0,0,0,0,0,0,1,0
1,0,1,0,71,1,0,43.87,3105.16,0,0,0,0,0,0,1,0,0,0,0,1,0,0,0,1,0,0,0,0,1
1,1,0,1,38,1,1,106.68,4058.33,0,0,0,0,0,0,1,0,0,1,1,0,0,1,0,0,0,0,1,0,0
0,0,1,0,34,1,1,104.45,3552.93,0,0,1,0,1,0,0,0,0,0,0,0,0,1,1,0,0,0,0,0,1
1,0,0,0,52,1,0,49.86,2622.32,0,1,0,0,0,0,0,1,0,0,0,1,0,1,1,0,0,0,0,0,0
0,0,0,0,29,1,0,70.8,2052.72,0,0,0,0,0,0,0,0,0,1,0,1,0,0,0,0,1,0,0,0,0
1,0,0,0,17,1,1,93.92,1607.36,1,0,1,0,0,0,0,0,0,1,0,0,0,0,1,0,0,0,0,0,1
1,0,0,0,46,1,1,103.15,4728.34,0,1,0,0,0,0,1,0,0,1,0,1,0,0,0,1,0,0,0,0,0
0,0,1,0,19,1,1,46.86,882.78,0,1,0,1,1,0,1,0,1,0,1,0,1,0,1,0,0,0,0,0,1
0,1,1,0,26,1,1,61.95,1624.62,0,0,0,0,0,0,0,0,0,1,0,0,0,1,0,0,0,1,0,0,1
0,0,1,0,57,1,0,32.62,1854.56,0,0,0,0,0,1,0,0,0,0,0,1,0,0,0,0,0,0,0,1,0
0,0,0,0,20,1,1,34.47,689.92,0,1,0,0,0,0,0,1,0,1,0,0,0,0,0,1,0,0,0,0,0
0,0,0,0,8,0,1,94.8,745.37,1,0,0,0,0,0,0,0,0,0,0,0,1,0,0,0,0,0,0,0,1
0,0,0,1,11,1,1,73.61,804.17,0,1,1,0,0,0,0,1,0,1,0,1,0,1,0,0,1,0,0,0,0
1,0,0,1,40,1,0,85.83,3442.04,0,1,1,0,0,0,0,0,0,0,0,0,0,1,0,0,0,0,0,1,0
0,1,0,0,40,0,1,64.25,2562.62,1,0,0,0,0,0,1,0,1,0,0,0,0,0,0,1,0,0,0,1,0
0,0,0,0,33,1,1,61.66,2035.68,0,0,1,0,0,0,0,0,0,1,0,0,0,0,0,1,0,0,1,0,0
1,0,0,1,57,1,1,116.72,6674.77,0,0,0,1,1,0,1,0,1,0,1,0,1,0,1,0,0,1,0,0,1
1,0,0,0,0,1,0,109.85,0.0,1,0,0,0,0,1,0,1,0,0,0,0,0,0,0,0,1,0,1,0,0
0,0,0,1,10,1,0,79.07,778.34,0,1,0,0,0,1,0,0,0,1,0,1,0,1,0,0,0,0,1,0,0
0,0,0,0,49,1,1,61.13,3009.86,0,1,1,0,0,0,0,0,0,1,0,0,0,1,1,0,0,0,0,0,0
0,0,0,1,7,1,1,59.97,416.34,0,0,0,1,1,0,1,0,1,0,1,0,1,0,1,0,0,0,1,0,0
1,0,0,1,60,1,1,53.83,3223.43,0,1,0,1,1,0,1,0,1,0,1,0,1,0,1,0,1,0,0,0,1
1,0,1,0,9,1,1,82.86,735.61,0,1,0,0,0,0,0,1,0,0,0,1,0,0,0,1,0,0,0,0,0
0,0,1,0,16,1,1,59.11,946.46,0,0,1,0,0,0,0,1,0,1,1,0,0,0,0,0,0,0,0,1,0
1,0,1,0,46,1,0,49.65,2287.16,0,0,1,0,0,0,0,0,0,1,0,0,0,0,0,0,1,0,0,0,1
0,0,1,0,10,1,0,51.88,525.42,0,0,1,0,0,0,0,0,0,0,0,0,0,0,0,1,0,1,0,0,1
1,0,1,0,62,1,1,33.73,2076.42,0,0,0,0,0,0,0,1,0,0,0,1,1,0,0,1,0,0,1,0,0
1,0,0,0,60,1,1,91.06,5450.23,1,0,0,1,1,0,1,0,1,0,1,0,1,0,1,0,1,0,0,0,0
0,0,0,0,61,1,1,51.58,3147.27,0,0,0,0,0,0,0,0,1,0,0,0,0,0,0,0,1,0,0,0,1
1,0,1,0,52,1,1,51.93,2706.02,0,0,0,0,0,0,0,0,1,0,0,0,0,0,0,0,0,1,0,1,0
1,0,1,0,50,0,1,102.42,5121.78,1,0,0,0,0,0,0,0,0,1,0,1,0,0,0,0,0,1,1,0,0
0,0,1,1,40,1,1,24.56,986.51,0,1,0,0,0,0,0,0,0,0,0,0,1,0,0,1,0,0,1,0,0
1,0,0,0,14,1,0,90.92,1283.94,0,0,0,1,1,0,1,0,1,0,1,0,1,0,1,0,1,0,0,0,1
1,0,0,0,36,1,0,78.82,2842.43,0,0,0,0,0,0,0,0,0,0,0,0,0,0,0,0,0,0,1,0,0
0,1,1,1,54,1,1,70.89,3809.65,0,1,1,0,0,0,0,0,0,1,0,0,0,1,0,1,0,0,0,0,1
1,0,1,0,64,1,1,114.97,7366.13,0,1,0,0,0,0,1,0,0,0,0,0,0,1,0,1,1,0,1,0,0
0,0,0,0,2,0,1,117.72,215.1,1,0,1,0,0,0,0,0,1,0,0,1,0,0,0,0,0,0,0,1,0
1,1,0,0,57,1,0,117.14,6694.77,0,1,0,0,0,1,0,0,0,1,1,0,0,1,1,0,1,0,0,1,0
1,1,0,0,14,1,1,77.74,1095.21,1,0,0,0,1,0,0,0,0,0,0,0,0,0,0,0,0,0,0,0,1
0,0,1,0,9,1,1,64.04,580.41,0,1,1,0,0,0,0,0,1,0,0,0,0,1,0,1,0,0,1,0,0
0,0,0,0,39,0,0,23.15,890.64,1,0,1,0,0,0,0,1,0,1,0,0,0,0,0,1,0,0,0,0,0
0,0,1,0,37,1,1,100.12,3683.25,0,1,1,0,1,0,0,0,0,0,0,0,0,0,0,0,0,1,1,0,0
1,0,1,0,16,1,1,82.6,1315.37,1,0,1,0,0,0,0,0,0,0,0,0,0,0,0,1,0,0,0,0,0
0,0,1,0,48,1,1,109.47,5265.7,0,0,1,0,1,0,0,1,0,1,1,0,0,0,0,1,1,0,0,0,1
1,0,0,0,36,1,1,113.62,4083.26,0,0,1,0,0,0,0,0,0,1,0,1,0,0,0,0,0,0,0,0,1
0,0,1,1,30,1,1,106.74,3214.55,0,0,0,0,0,0,0,0,0,0,0,0,0,0,0,0,0,1,1,0,0
1,0,1,0,45,1,1,30.17,1362.96,0,0,0,0,1,0,0,1,0,0,0,1,0,0,0,0,0,0,1,0,0
0,0,0,0,22,0,0,51.83,1139.71,1,0,0,0,0,0,0,0,0,1,0,0,0,0,0,0,1,0,0,0,0
1,0,0,0,27,1,0,92.05,2474.65,0,1,0,0,0,1,0,1,0,0,0,1,0,1,1,0,0,0,1,0,0
1,0,0,0,68,1,1,119.72,8131.59,0,1,1,0,0,0,0,1,0,0,1,0,0,0,0,0,0,0,0,1,0
0,0,0,0,53,1,0,59.95,3168.34,0,0,1,0,0,0,0,0,0,0,0,1,0,0,0,1,0,0,1,0,0
1,0,0,0,12,1,1,30.41,345.66,0,1,1,0,1,0,0,0,0,0,0,0,0,0,1,0,0,1,0,0,1
1,0,1,0,27,1,1,119.1,3216.64,1,0,1,0,0,0,0,0,0,1,1,0,1,0,0,0,1,0,1,0,0
0,0,0,0,2,0,0,57.24,110.25,1,0,0,0,0,1,0,1,0,1,0,0,0,0,0,0,0,0,0,0,0
1,1,1,0,57,1,0,26.13,1480.05,0,0,0,0,0,1,0,1,0,0,0,0,0,0,0,1,0,0,0,1,0
0,1,0,1,43,1,0,95.25,4102.35,1,0,0,0,0,0,0,1,0,1,1,0,0,0,0,1,0,0,0,1,0
0,0,0,0,20,0,1,93.56,1874.24,1,0,0,0,0,0,0,0,0,0,0,0,0,0,0,0,0,0,1,0,0
1,0,0,0,9,1,0,96.13,868.33,0,1,0,0,0,0,0,0,0,0,0,0,1,0,0,0,0,0,0,1,0
0,0,0,0,23,0,0,30.36,700.2,1,0,0,0,1,0,0,1,0,1,0,0,0,0,0,0,0,0,0,0,1
0,0,0,0,32,0,1,42.8,1360.3,1,0,1,0,0,0,0,0,0,1,1,0,0,0,0,0,0,0,0,0,1
0,0,0,1,60,1,1,32.29,1927.76,0,0,0,1,1,0,1,0,1,0,1,0,1,0,1,0,0,1,0,0,0
1,1,1,0,57,1,1,119.81,6826.88,0,0,0,0,0,0,1,0,0,0,0,0,0,0,0,0,0,1,1,0,0
1,0,1,0,71,1,0,23.82,1668.45,0,0,1,0,0,0,1,0,0,0,0,0,0,0,0,0,0,0,0,0,0
0,0,0,0,68,1,1,65.44,4453.26,0,1,1,0,0,0,1,0,0,0,0,0,1,0,0,0,0,1,0,0,0
1,0,1,0,52,1,1,90.99,4724.83,0,0,1,0,0,0,0,1,0,1,0,0,0,1,0,0,0,0,1,0,0
0,1,0,1,18,1,0,53.79,961.8,0,0,1,0,1,0,0,0,0,0,0,1,0,0,0,0,0,1,0,0,1
0,0,0,0,34,1,1,108.52,3692.99,0,1,1,0,0,0,0,1,0,1,0,0,1,0,0,1,0,1,0,1,0
0,0,0,0,69,1,0,109.16,7520.62,0,0,0,1,1,0,1,0,1,0,1,0,1,0,1,0,0,0,0,1,0
0,0,0,0,20,1,1,119.22,2375.31,0,0,0,0,1,0,0,0,0,1,0,0,0,1,0,0,0,1,0,0,0
0,0,1,1,26,0,0,91.29,2371.93,1,0,1,0,0,0,0,0,0,0,1,0,0,0,0,0,0,0,0,0,0
0,0,1,0,58,1,1,27.34,1589.61,0,1,1,0,0,0,1,0,0,0,0,1,0,0,0,0,0,0,0,0,1
0,0,1,1,66,1,0,60.33,3982.54,0,0,1,0,0,1,0,1,0,0,0,0,0,1,0,0,1,0,1,0,0
0,0,0,1,2,1,0,87.56,177.44,0,0,0,0,0,1,0,1,0,0,0,1,0,1,0,0,1,0,0,0,0
1,0,0,0,33,1,1,65.86,2171.54,0,0,1,0,0,0,0,0,0,1,0,0,0,1,0,1,0,0,0,1,0
1,0,1,0,0,1,1,61.11,5.83,0,0,0,1,1,0,1,0,1,0,1,0,1,0,1,0,0,0,1,0,0
1,0,0,0,46,0,0,72.76,3346.62,1,0,0,1,1,0,1,0,1,0,1,0,1,0,1,0,0,0,0,0,0
1,0,0,0,61,1,1,81.84,4984.26,0,0,1,0,0,0,0,0,0,0,0,0,0,0,0,1,0,0,1,0,0
1,0,1,0,28,1,0,113.82,3169.52,0,1,0,0,0,0,0,0,1,0,1,0,0,0,0,0,0,0,0,0,0
1,0,0,1,66,1,1,29.31,1938.34,0,1,0,0,0,1,0,0,0,0,0,0,0,0,0,0,0,0,0,0,1
0,1,0,0,25,1,0,47.57,1176.38,0,0,1,0,0,0,0,0,1,0,0,1,0,0,0,0,0,0,0,0,0
1,0,0,0,36,1,1,102.48,3673.07,0,1,0,0,0,0,0,1,0,1,0,0,0,0,0,1,0,0,1,0,0
1,0,0,1,20,0,1,108.11,2169.44,1,0,0,1,1,0,1,0,1,0,1,0,1,0,1,0,0,0,0,0,1
0,0,1,0,49,1,0,111.23,5443.78,0,1,0,0,0,1,0,0,0,0,0,1,0,1,0,0,0,1,0,0,1
1,0,1,1,16,1,1,48.77,778.73,0,0,1,0,1,0,0,0,0,0,0,0,0,0,0,0,0,0,0,0,0
1,0,1,0,40,1,0,89.4,3583.9,0,1,0,0,0,1,0,0,0,1,0,0,0,1,0,0,0,0,0,1,0
0,0,1,1,15,1,0,118.15,1787.14,0,0,1,0,0,0,0,1,0,1,0,0,0,0,1,0,0,0,0,0,1
1,0,0,1,14,1,1,20.97,291.14,0,0,0,0,0,1,1,0,0,1,0,1,0,0,0,0,0,0,0,1,0
0,0,1,1,51,1,1,62.43,3184.89,0,0,0,0,0,0,0,0,0,1,0,1,1,0,0,0,0,1,0,0,0
1,0,1,0,62,1,1,39.8,2457.42,0,0,1,0,0,0,0,0,1,0,0,1,0,0,0,1,1,0,0,0,1
0,0,1,1,21,1,1,80.73,1711.16,0,0,0,0,0,0,0,0,0,0,0,0,0,0,0,1,0,0,0,0,1
0,0,0,0,31,1,1,105.94,3282.65,0,1,1,0,0,0,0,0,0,0,0,0,1,0,0,0,0,1,0,0,0
1,0,1,0,25,1,1,75.31,1880.57,0,0,0,1,1,0,1,0,1,0,1,0,1,0,1,0,0,0,0,1,0
0,0,1,1,8,1,0,44.32,352.45,0,1,0,1,1,0,1,0,1,0,1,0,1,0,1,0,1,0,0,1,0
0,0,0,0,66,0,1,82.71,5469.94,1,0,1,0,0,0,0,0,0,0,0,1,0,0,0,0,0,0,1,0,0
1,1,1,1,42,1,1,24.21,1022.21,0,1,0,1,1,0,1,0,1,0,1,0,1,0,1,0,0,1,0,1,0
0,0,0,0,36,1,1,63.37,2274.62,0,0,0,1,1,0,1,0,1,0,1,0,1,0,1,0,0,0,0,0,1
1,0,1,0,68,1,1,91.32,6214.5,0,0,0,0,0,0,0,0,0,1,0,0,0,0,0,0,0,1,0,0,1
1,0,1,1,43,1,0,101.87,4379.67,0,1,0,0,0,0,0,0,0,0,0,0,1,0,0,0,0,0,0,0,1
1,0,0,1,11,1,1,72.64,772.7,0,0,0,1,1,0,1,0,1,0,1,0,1,0,1,0,0,1,0,1,0
0,0,0,0,52,1,1,68.05,3543.14,0,0,0,1,1,0,1,0,1,0,1,0,1,0,1,0,0,1,0,1,0
1,0,0,0,24,1,0,74.51,1792.2,0,1,0,0,0,0,0,0,0,0,0,1,0,0,0,0,1,0,1,0,0
0,0,0,0,23,1,1,97.43,2239.79,0,0,0,1,1,0,1,0,1,0,1,0,1,0,1,0,0,1,1,0,0
0,1,0,0,49,1,1,53.6,2630.52,0,0,0,1,1,0,1,0,1,0,1,0,1,0,1,0,0,1,0,0,1
0,0,1,0,38,1,0,49.99,1898.49,0,1,0,0,0,1,0,1,0,0,0,1,0,0,0,0,0,0,1,0,0
0,0,0,0,36,0,1,43.56,1565.64,1,0,1,0,0,0,0,1,1,0,0,0,0,0,1,0,0,0,0,1,0
0,0,1,1,45,1,1,41.52,1869.92,0,1,1,0,0,1,0,1,0,1,0,0,0,0,0,0,1,0,0,0,0
0,0,1,0,41,1,1,105.34,4312.19,0,0,0,0,0,0,0,0,0,0,0,0,0,0,0,0,0,1,0,0,0
0,0,0,0,17,1,0,108.41,1849.36,0,1,0,0,0,1,0,0,0,0,0,0,1,0,0,0,0,0,0,0,0
0,1,1,0,59,1,1,76.55,4521.81,0,0,0,0,0,1,0,0,0,0,0,1,0,1,1,0,0,1,0,0,1
1,0,0,0,27,1,0,117.53,3163.12,0,0,0,0,1,0,0,0,0,1,0,1,0,0,0,0,0,0,0,0,1
0,0,0,0,28,1,0,78.37,2182.91,0,1,0,0,0,1,0,0,0,0,0,1,0,0,0,0,1,0,1,0,0
1,0,1,0,14,1,1,35.57,498.11,0,1,0,0,0,0,0,0,0,0,0,0,0,0,0,0,0,0,1,0,0
1,1,1,0,6,0,0,74.05,442.27,1,0,0,0,0,0,0,0,0,0,0,1,0,1,1,0,0,0,0,0,0
1,0,1,0,19,1,0,102.02,1936.31,0,1,0,1,1,0,1,0,1,0,1,0,1,0,1,0,0,0,0,0,1
0,0,0,0,69,1,1,42.09,2903.82,0,0,1,0,0,0,0,0,0,0,1,0,0,0,0,1,0,0,1,0,0
0,1,1,0,12,1,0,51.79,606.83,0,0,1,0,0,0,0,0,0,1,1,0,0,0,0,1,0,0,0,0,0
1,0,0,1,28,0,1,116.08,3238.86,1,0,1,0,0,0,0,0,0,0,0,0,0,0,0,0,0,0,0,0,1
1,1,1,0,10,1,1,108.36,1091.92,0,0,0,0,0,0,1,0,0,0,0,1,0,0,0,0,0,0,0,1,0
0,0,1,1,46,0,1,75.73,3475.47,1,0,1,0,0,1,0,0,0,1,0,0,0,0,0,0,1,0,1,0,0
1,0,1,0,38,1,0,63.01,2400.84,0,1,0,0,0,0,0,1,0,0,0,0,0,1,0,0,0,1,1,0,0
0,0,0,0,66,1,0,98.97,6507.52,0,0,0,1,1,0,1,0,1,0,1,0,1,0,1,0,0,1,0,0,1
0,0,1,0,23,1,1,30.86,718.75,0,0,1,0,0,0,0,1,0,1,0,1,0,1,0,1,0,0,0,0,1
0,0,0,0,72,1,0,84.21,6059.53,0,0,0,1,1,0,1,0,1,0,1,0,1,0,1,0,1,0,0,0,0
0,0,0,0,3,1,1,34.55,81.85,0,0,0,0,0,0,0,0,0,0,0,1,0,1,0,0,0,1,0,1,0
1,0,1,1,36,1,0,103.12,3721.4,0,0,1,0,0,1,0,0,0,0,0,0,0,0,0,0,0,1,0,0,1
0,1,0,0,66,1,0,80.23,5305.61,0,0,0,1,1,0,1,0,1,0,1,0,1,0,1,0,0,1,1,0,0
1,1,0,0,66,1,0,24.65,1626.21,0,1,1,0,1,0,0,0,0,0,0,0,0,1,0,0,0,1,0,1,0
1,0,0,1,2,1,0,53.87,120.74,0,0,0,0,0,1,0,0,0,0,0,0,0,0,0,0,0,0,1,0,0
1,0,0,0,38,1,0,79.92,3014.17,0,0,1,0,0,1,0,1,0,0,0,1,0,1,0,0,0,0,0,1,0
0,0,0,0,37,0,0,23.91,885.72,1,0,1,0,0,0,0,1,0,0,0,1,0,1,0,0,0,0,1,0,0
0,0,0,1,25,1,0,59.21,1471.15,0,1,1,0,1,0,0,1,0,0,0,0,0,1,1,0,0,1,1,0,0
0,1,0,1,7,1,0,39.7,302.2,0,0,1,0,0,1,0,1,0,0,0,0,0,1,0,0,0,0,0,1,0
0,0,1,0,67,1,1,115.94,7760.49,1,0,0,0,0,0,0,0,0,0,0,0,0,0,0,0,0,0,0,0,0
0,0,0,0,3,0,0,20.35,48.47,1,0,1,0,0,0,0,1,0,0,0,0,0,0,0,0,0,0,0,0,0
1,1,1,0,41,0,0,28.59,1158.56,1,0,0,0,0,0,0,1,0,0,0,1,0,1,0,1,1,0,1,0,0
1,0,1,0,29,1,1,90.17,2612.66,0,0,0,1,1,0,1,0,1,0,1,0,1,0,1,0,1,0,0,0,0
0,0,0,0,42,1,0,31.59,1338.0,0,0,0,0,0,0,0,1,0,0,0,0,0,1,0,1,0,1,0,0,0
0,0,1,1,39,1,1,51.24,1993.77,1,0,0,0,0,0,0,0,0,1,1,0,0,0,0,0,0,1,0,0,1
1,0,0,0,37,1,1,95.89,3548.94,0,0,1,0,0,0,0,1,0,1,0,1,0,0,0,1,0,0,0,0,1
0,0,1,0,11,1,1,42.13,458.38,0,0,0,1,1,0,1,0,1,0,1,0,1,0,1,0,0,0,0,0,0
0,0,0,0,19,1,1,21.88,410.17,0,1,0,1,1,0,1,0,1,0,1,0,1,0,1,0,1,0,1,0,0
0,0,0,1,65,1,0,65.04,4228.16,0,0,1,0,0,0,0,1,0,0,0,1,1,0,0,0,0,0,1,0,0
1,0,0,0,58,1,1,60.1,3479.1,1,0,0,1,1,0,1,0,1,0,1,0,1,0,1,0,0,1,0,0,0
0,0,1,0,7,1,1,114.2,790.34,1,0,0,0,0,0,0,1,0,0,0,0,0,1,0,1,0,0,0,0,1
1,0,0,0,55,1,0,79.0,4331.57,0,1,1,0,0,0,0,1,0,0,0,1,0,1,0,1,0,0,1,0,0
0,1,0,0,65,1,0,86.8,5656.16,0,1,1,0,0,1,1,0,0,0,0,1,0,1,0,0,1,0,1,0,0
1,0,1,1,48,1,1,34.67,1656.35,0,1,1,0,0,0,0,1,0,0,0,0,1,0,0,1,0,0,0,0,0
0,1,0,1,5,1,0,47.75,234.85,0,0,1,0,0,0,0,0,0,0,0,0,0,0,0,1,0,0,0,0,0
1,0,1,0,18,1,0,72.62,1314.31,1,0,1,0,1,0,0,0,0,0,0,0,0,0,0,0,0,0,0,1,0
1,1,0,1,16,1,1,59.63,971.2,0,0,0,0,1,0,0,1,0,0,0,1,0,1,0,0,0,0,1,0,0
1,0,1,1,54,1,1,33.59,1809.15,1,0,0,0,0,0,0,1,0,0,0,0,0,1,0,1,0,0,0,0,0
0,0,1,1,61,1,1,78.66,4790.33,0,0,1,0,0,1,0,0,0,0,0,0,0,0,0,1,0,1,0,1,0
1,0,0,1,14,0,1,68.16,963.83,1,0,1,0,0,1,0,1,0,0,0,0,0,1,0,1,0,1,0,1,0
0,0,0,0,46,1,1,73.05,3370.36,0,0,0,0,1,0,0,0,0,1,0,1,0,1,0,0,0,0,1,0,0
1,0,0,1,37,0,1,42.67,1585.67,1,0,1,0,0,0,0,0,0,1,1,0,0,0,0,0,0,0,0,0,0
1,0,0,0,53,1,0,63.01,3341.38,0,1,1,0,0,1,0,1,0,1,1,0,0,0,0,0,0,1,0,0,0
1,0,0,1,26,1,1,21.16,555.0,0,0,1,0,0,1,1,0,0,0,1,0,0,0,0,0,0,1,0,1,0
0,0,1,0,34,1,1,102.01,3466.58,0,0,0,1,1,0,1,0,1,0,1,0,1,0,1,0,0,1,0,0,0
0,0,1,0,7,1,1,67.02,450.69,0,1,0,1,1,0,1,0,1,0,1,0,1,0,1,0,1,0,0,1,0
1,0,1,0,42,1,0,33.2,1384.9,0,0,0,1,1,0,1,0,1,0,1,0,1,0,1,0,0,0,0,0,0
1,0,0,0,12,1,0,114.23,1375.5,1,0,0,0,0,0,0,1,0,0,0,0,0,0,1,0,1,0,0,1,0
0,0,1,1,18,1,0,35.04,644.48,0,0,0,1,1,0,1,0,1,0,1,0,1,0,1,0,1,0,0,1,0
0,0,1,1,24,1,1,110.27,2644.62,0,0,0,0,0,1,0,1,0,0,0,0,0,0,0,0,0,0,0,1,0
1,0,1,0,37,1,1,109.31,4045.43,0,0,0,0,0,0,1,0,0,0,0,0,0,0,1,0,0,0,1,0,0
0,0,0,0,34,1,1,102.23,3465.26,0,0,0,1,1,0,1,0,1,0,1,0,1,0,1,0,1,0,0,1,0
0,1,1,0,66,1,1,34.77,2299.62,0,1,0,1,1,0,1,0,1,0,1,0,1,0,1,0,0,0,1,0,0
0,0,0,0,6,1,0,44.02,249.7,1,0,0,1,1,0,1,0,1,0,1,0,1,0,1,0,1,0,1,0,0
1,0,1,0,28,1,0,113.02,3155.76,0,0,1,0,0,1,0,1,1,0,0,1,0,0,0,0,0,0,0,0,0
1,0,0,0,4,1,1,67.99,273.83,0,1,0,0,0,1,0,1,0,1,0,0,0,0,0,1,0,0,1,0,0
1,1,1,1,19,1,0,79.63,1518.91,0,0,1,0,0,1,0,0,0,0,0,0,0,1,0,0,1,0,0,0,0
0,0,1,0,23,1,1,29.13,661.2,1,0,0,1,1,0,1,0,1,0,1,0,1,0,1,0,0,0,0,1,0
0,0,1,0,36,1,0,53.16,1925.15,0,0,0,1,1,0,1,0,1,0,1,0,1,0,1,0,0,0,0,0,1
0,0,1,0,16,1,1,37.2,617.08,0,0,0,1,1,0,1,0,1,0,1,0,1,0,1,0,0,0,0,0,0
1,1,1,0,56,1,0,68.29,3849.93,0,0,1,0,0,0,0,0,0,0,0,0,0,1,0,1,0,0,0,1,0
0,0,1,0,29,1,1,75.49,2185.82,1,0,0,1,1,0,1,0,1,0,1,0,1,0,1,0,0,1,0,1,0
1,0,1,0,6,1,0,45.86,278.0,0,1,1,0,0,0,0,0,0,1,0,0,0,0,1,0,0,0,1,0,0
1,0,0,1,36,1,0,101.65,3652.79,0,0,1,0,0,1,0,1,0,1,0,1,0,0,0,0,0,1,0,1,0
0,0,0,0,10,1,1,83.95,837.7,0,0,0,1,1,0,1,0,1,0,1,0,1,0,1,0,0,0,1,0,0
1,0,0,1,3,0,1,76.57,220.44,1,0,1,0,0,0,0,0,0,0,0,0,0,0,0,0,0,0,0,1,0
1,0,0,0,30,1,1,110.28,3328.5,0,1,1,0,0,1,0,1,0,1,0,0,0,0,0,0,0,0,1,0,0
0,0,1,1,6,1,1,47.15,283.97,0,0,0,1,1,0,1,0,1,0,1,0,1,0,1,0,0,1,0,1,0
1,0,1,0,36,1,0,118.4,4267.93,0,1,1,0,0,1,0,0,0,0,0,0,0,1,0,0,1,0,0,0,1
1,0,0,0,26,1,0,101.35,2619.91,0,0,1,0,0,0,0,0,0,1,0,0,0,0,0,0,0,1,0,1,0
1,0,1,0,43,0,0,62.56,2667.99,1,0,0,0,0,0,0,1,0,0,0,0,1,0,0,0,0,0,0,1,0
1,0,1,1,72,1,1,118.44,8518.6,0,1,1,0,0,0,0,0,0,0,0,1,0,1,0,0,1,0,1,0,0
1,0,0,0,62,1,0,102.21,6327.4,0,0,1,0,0,0,0,1,0,0,0,0,0,1,0,0,0,0,0,0,1
0,0,0,0,40,1,0,54.58,2175.45,0,1,1,0,0,1,0,1,0,0,1,0,0,1,0,1,0,0,1,0,0
0,0,0,0,5,1,0,117.57,602.56,0,1,0,0,0,0,1,0,0,0,0,1,0,0,0,0,0,0,1,0,0
0,1,1,0,19,1,1,85.22,1611.51,0,1,0,1,1,0,1,0,1,0,1,0,1,0,1,0,0,0,0,0,1
0,0,1,0,22,1,0,97.98,2136.43,0,0,0,0,1,0,0,0,1,0,0,0,0,0,0,0,1,0,0,0,0
1,0,0,0,8,1,0,28.62,225.54,0,0,0,0,0,1,1,0,0,1,0,1,0,0,1,0,0,0,0,0,0
1,0,1,0,72,1,0,95.81,6901.01,0,0,1,0,0,1,0,0,0,1,0,0,0,0,0,0,0,0,1,0,0
0,0,1,1,29,1,0,39.98,1153.22,0,1,0,0,0,0,0,1,1,0,0,0,0,1,0,0,0,0,0,1,0
0,0,1,1,42,1,0,39.38,1655.48,0,1,0,0,0,1,0,0,0,1,0,1,0,1,0,0,0,0,0,0,1
0,1,1,0,18,1,1,100.57,1797.89,0,0,0,0,0,0,0,1,0,0,0,0,1,0,0,0,0,0,0,0,0
1,0,1,0,31,1,1,93.61,2898.61,0,0,0,0,0,0,0,0,0,1,0,0,0,1,0,1,0,0,0,0,0
1,0,0,0,67,1,0,48.83,3268.14,0,0,1,0,0,1,0,1,1,0,0,1,0,1,0,0,0,0,0,1,0
0,0,1,0,41,0,0,113.84,4668.81,1,0,1,0,0,0,0,1,0,0,0,1,0,0,0,1,0,0,0,0,1
1,0,1,0,50,1,1,98.09,4915.59,0,0,0,0,0,1,0,0,0,0,0,0,0,0,0,0,0,0,0,1,0
0,0,1,0,19,1,0,101.94,1947.89,0,0,0,0,0,0,0,0,0,0,0,1,0,1,0,1,0,0,0,0,0
0,0,1,0,33,1,1,55.4,1832.23,0,0,1,0,0,0,0,1,0,1,0,0,0,1,0,0,0,0,1,0,0
1,0,1,0,39,1,1,54.64,2124.69,0,0,0,0,0,1,0,0,0,1,1,0,0,0,0,0,0,0,0,0,0
1,1,0,0,38,1,0,20.39,769.14,0,1,0,0,0,1,0,0,0,0,0,0,0,1,1,0,0,0,1,0,0
0,0,1,1,22,0,1,29.19,635.75,1,0,0,1,1,0,1,0,1,0,1,0,1,0,1,0,1,0,0,1,0
1,0,0,1,9,0,0,89.55,806.8,1,0,0,0,0,1,0,0,0,1,0,0,0,0,0,0,0,0,0,0,1
0,0,1,1,0,1,1,36.54,9.03,0,1,0,0,0,0,0,1,0,0,0,0,0,0,0,0,0,1,0,1,0
1,0,1,1,25,0,1,51.08,1269.4,1,0,0,1,1,0,1,0,1,0,1,0,1,0,1,0,0,0,0,1,0
0,1,1,0,61,1,0,77.81,4741.68,0,0,0,1,1,0,1,0,1,0,1,0,1,0,1,0,0,0,0,0,0
0,0,1,1,21,1,0,105.87,2223.64,0,1,0,0,0,0,0,0,0,1,0,1,0,0,0,1,1,0,0,1,0
0,0,1,0,63,1,0,116.34,7347.62,0,0,0,0,0,0,0,0,0,0,0,0,0,1,0,0,1,0,1,0,0
0,0,0,0,4,1,1,39.32,164.64,0,1,0,0,0,0,0,0,0,0,0,0,0,0,0,1,0,0,1,0,0
1,0,0,0,16,1,1,95.12,1519.12,0,0,1,0,1,0,0,0,0,1,1,0,0,0,0,1,1,0,0,0,0
0,0,0,0,58,1,1,67.02,3881.33,0,0,1,0,0,0,0,0,0,1,0,0,0,1,0,0,0,0,0,0,1
0,0,0,0,11,1,0,35.49,384.12,0,0,0,0,0,1,0,0,1,0,0,1,0,0,1,0,0,1,0,0,0
0,0,1,1,21,1,0,20.52,423.19,0,0,0,0,0,0,0,0,1,0,0,1,0,0,0,0,0,0,0,0,1
1,0,0,0,3,0,1,53.76,157.28,1,0,0,1,1,0,1,0,1,0,1,0,1,0,1,0,0,1,0,0,1
1,0,1,0,67,1,0,119.04,7973.24,0,0,1,0,0,0,1,0,1,0,0,0,0,0,0,0,1,0,0,1,0
1,0,0,1,13,1,1,85.69,1097.15,0,0,1,0,0,0,0,1,0,1,0,1,0,1,0,0,0,0,0,1,0
1,1,1,0,7,1,1,34.77,247.38,0,1,0,1,1,0,1,0,1,0,1,0,1,0,1,0,0,0,1,0,0
0,0,0,0,8,1,1,65.36,502.74,0,0,0,1,1,0,1,0,1,0,1,0,1,0,1,0,0,0,0,0,1
1,0,1,0,37,1,1,26.5,975.12,0,1,1,0,1,0,0,1,0,0,0,0,0,0,0,0,1,0,0,1,0
1,0,0,1,2,1,1,99.03,202.08,0,1,0,1,1,0,1,0,1,0,1,0,1,0,1,0,0,0,0,0,0
1,0,0,0,49,1,1,38.28,1869.22,0,0,1,0,0,1,0,0,0,0,0,0,0,0,0,0,0,0,1,0,0
1,0,0,0,45,1,0,42.17,1901.94,0,0,1,0,0,0,0,1,0,0,0,1,0,1,0,0,1,0,0,0,0
1,0,1,0,27,1,1,28.74,777.97,0,0,0,0,0,0,0,1,0,0,0,0,0,0,1,0,0,0,0,0,0
0,0,0,0,68,1,0,47.01,3207.83,0,1,0,1,1,0,1,0,1,0,1,0,1,0,1,0,1,0,1,0,0
1,0,1,1,36,1,1,100.93,3642.09,0,1,1,0,0,0,1,0,0,0,0,0,1,0,0,1,0,1,1,0,0
1,1,1,0,45,0,1,112.58,5047.87,1,0,0,0,1,0,0,0,0,0,0,1,0,1,0,1,0,0,0,1,0
1,1,0,0,25,1,1,63.5,1596.11,0,0,0,0,1,0,0,0,0,1,0,0,0,1,0,0,0,0,0,1,0
1,0,0,0,9,1,1,52.88,460.42,0,1,1,0,0,0,0,0,0,0,0,0,0,0,0,0,0,0,1,0,0
1,0,1,0,24,1,1,74.36,1788.18,0,1,1,0,0,0,0,0,0,0,0,1,0,1,0,0,0,0,1,0,0
1,0,0,0,28,1,0,61.19,1704.71,1,0,0,0,1,0,0,0,0,1,0,0,0,1,0,1,0,0,0,1,0
1,0,1,1,24,1,1,116.66,2799.41,0,1,1,0,0,1,1,0,0,0,0,0,0,0,0,0,0,0,0,0,1
0,1,0,1,8,1,1,99.07,787.98,0,0,1,0,0,0,0,1,0,0,0,1,0,0,0,1,0,1,0,1,0
0,1,1,0,3,1,1,102.57,314.95,0,0,0,0,0,0,0,0,0,0,0,0,0,1,0,0,0,0,0,0,0
0,0,0,0,43,1,0,60.41,2595.1,0,1,0,0,0,0,0,1,0,0,0,0,0,1,0,0,0,0,1,0,0
1,0,1,1,25,1,0,37.97,940.3,0,0,1,0,0,1,0,0,0,1,0,0,0,0,0,0,0,0,0,0,1
0,0,1,1,26,1,0,110.79,2881.53,0,0,1,0,0,0,1,0,0,0,0,0,0,1,0,0,0,0,1,0,0
1,0,1,1,27,1,1,108.13,2909.39,0,1,0,1,1,0,1,0,1,0,1,0,1,0,1,0,0,1,1,0,0
1,0,1,0,37,1,0,51.1,1893.12,0,1,1,0,0,0,0,1,0,0,0,0,0,1,0,1,0,0,0,0,1
0,0,1,0,21,1,0,73.14,1544.11,1,0,1,0,0,0,0,0,0,1,0,0,0,0,0,0,0,0,0,1,0
0,0,1,0,18,1,1,84.94,1516.27,0,1,0,0,0,0,0,1,0,0,1,0,0,1,0,0,0,1,0,0,1
0,0,1,1,49,1,1,117.58,5749.95,0,1,1,0,0,0,1,0,0,0,0,0,1,0,0,0,1,0,0,1,0
1,1,0,0,14,1,0,42.21,599.96,0,1,1,0,0,1,1,0,0,1,0,0,0,0,1,0,0,0,1,0,0
0,0,1,0,53,1,1,42.25,2243.2,0,0,0,1,1,0,1,0,1,0,1,0,1,0,1,0,0,0,0,1,0
0,0,0,0,15,1,0,74.55,1126.14,0,1,1,0,0,1,0,0,0,0,0,0,0,1,0,0,0,0,0,1,0
1,0,1,0,34,1,1,60.81,2052.27,0,0,1,0,0,0,0,1,0,0,0,1,0,0,0,0,0,0,0,0,0
0,0,0,0,31,1,1,45.56,1418.52,0,0,0,0,1,0,0,0,0,1,0,1,0,0,0,1,0,0,0,0,0
0,0,0,0,70,1,0,93.48,6543.37,0,0,0,0,1,0,0,0,0,1,0,0,0,1,0,1,1,0,0,0,1
0,0,1,0,37,1,1,46.88,1741.55,1,0,0,0,0,0,0,0,0,0,0,0,0,0,0,0,0,1,0,1,0
0,0,0,1,2,1,0,33.61,82.46,1,0,0,0,0,0,0,1,0,0,0,0,0,0,0,0,0,0,0,0,1
1,1,1,0,14,0,1,65.89,935.34,1,0,0,1,1,0,1,0,1,0,1,0,1,0,1,0,0,0,0,0,1
1,0,0,0,49,0,0,111.19,5469.88,1,0,0,0,0,0,0,0,0,0,0,0,0,1,0,0,0,1,1,0,0
1,0,1,0,7,1,0,112.36,795.73,0,0,0,0,0,0,0,0,0,1,0,0,0,1,0,0,0,0,1,0,0
1,0,1,0,61,1,0,118.35,7205.45,0,0,0,0,0,1,0,0,0,1,0,0,0,0,0,0,0,0,0,0,0
1,1,0,1,65,1,0,106.38,6908.04,0,0,0,1,1,0,1,0,1,0,1,0,1,0,1,0,1,0,0,0,1
1,0,1,1,50,1,1,107.17,5357.0,0,0,0,0,1,0,0,0,1,0,0,1,1,0,1,0,0,0,0,1,0
0,0,1,1,68,0,0,100.71,6830.45,1,0,1,0,0,0,0,0,0,1,0,1,0,1,0,0,0,1,0,0,0
1,0,1,0,56,1,1,104.6,5847.72,0,0,0,0,1,0,0,1,1,0,0,1,0,0,0,0,0,0,0,0,0
0,0,1,1,42,1,1,51.0,2138.28,0,0,1,0,0,0,0,0,0,0,0,1,0,1,0,1,0,0,0,0,0
1,0,1,1,4,1,1,76.57,306.9,0,0,0,0,0,0,0,1,0,1,0,0,0,0,0,1,0,0,1,0,0
0,0,0,1,54,1,1,20.59,1103.98,0,0,0,1,1,0,1,0,1,0,1,0,1,0,1,0,1,0,0,1,0
1,1,1,0,40,1,0,42.78,1700.62,0,1,1,0,0,0,0,0,0,0,0,1,0,0,0,0,0,0,1,0,0
0,0,1,1,60,1,1,119.59,7189.18,0,0,1,0,1,0,0,0,0,1,0,0,0,0,0,1,0,1,0,0,0
1,0,1,0,21,0,1,71.56,1499.43,1,0,0,1,1,0,1,0,1,0,1,0,1,0,1,0,0,0,0,1,0
1,0,0,0,16,1,1,117.53,1892.61,0,0,0,0,0,0,0,0,0,0,0,0,0,0,0,0,0,0,0,1,0
0,0,1,0,43,1,0,113.96,4901.97,0,1,1,0,0,1,0,1,0,0,0,0,1,0,0,1,0,0,0,1,0
0,0,1,0,35,0,0,26.29,924.23,1,0,0,0,0,1,0,1,0,1,0,0,0,0,0,0,0,1,0,0,0
1,0,0,0,8,1,1,88.41,706.04,0,1,0,0,0,1,0,0,0,0,0,1,0,0,0,0,1,0,0,1,0
0,0,0,0,60,1,0,37.08,2242.25,1,0,0,0,0,1,0,1,0,1,0,0,0,0,1,0,0,0,0,1,0
0,1,1,1,28,1,0,34.02,962.18,0,1,1,0,0,0,0,1,0,0,0,1,0,0,1,0,0,0,0,0,1
1,0,0,0,29,0,1,101.42,2963.44,1,0,1,0,0,0,0,1,0,0,1,0,0,1,0,0,0,0,0,1,0
0,0,0,0,37,1,1,45.66,1707.91,0,0,0,0,0,1,1,0,0,0,0,0,0,0,0,0,0,0,0,0,0
0,0,0,0,49,1,1,31.49,1546.72,0,1,1,0,0,1,1,0,0,0,0,0,0,1,1,0,0,1,0,0,1
0,0,1,0,8,1,0,27.09,224.36,0,0,0,0,0,0,0,1,0,0,0,0,0,0,0,0,0,1,0,0,0
1,0,1,1,39,1,1,64.89,2528.12,0,1,0,0,0,1,0,0,1,0,0,1,0,0,1,0,0,0,1,0,0
0,0,1,1,27,1,1,42.53,1133.77,1,0,0,1,1,0,1,0,1,0,1,0,1,0,1,0,0,0,0,0,1
0,0,0,1,30,1,1,38.53,1149.63,0,0,0,0,0,0,0,0,0,0,0,0,0,0,0,0,0,0,1,0,0
1,0,1,1,9,1,1,22.52,177.8,0,0,0,0,1,0,0,1,0,0,0,1,0,1,0,1,1,0,0,0,0
1,0,0,1,46,1,1,23.95,1111.77,1,0,1,0,1,0,0,0,0,1,0,1,0,0,0,0,0,0,0,0,1
1,0,0,0,6,1,0,103.86,632.46,1,0,1,0,0,0,0,1,0,0,0,0,0,1,0,0,0,1,0,0,1
1,0,0,0,12,1,0,81.82,976.92,0,0,0,1,1,0,1,0,1,0,1,0,1,0,1,0,0,0,1,0,0
1,0,0,1,20,1,1,49.43,1015.69,0,0,0,1,1,0,1,0,1,0,1,0,1,0,1,0,0,0,0,1,0
1,0,1,0,8,1,1,46.31,354.09,0,0,0,0,0,0,0,0,0,0,0,0,0,0,0,0,1,0,0,0,1
0,1,1,1,14,0,1,24.18,333.21,1,0,0,0,0,1,0,0,0,0,0,1,0,0,0,0,0,0,0,0,1
0,1,1,0,5,1,1,73.58,362.11,0,1,1,0,0,1,0,1,0,1,0,0,0,1,0,1,0,0,0,0,0
1,0,1,1,19,1,1,98.35,1873.74,0,0,0,0,0,0,0,1,0,1,0,0,0,0,0,0,0,0,0,1,0
1,0,0,1,36,1,1,94.87,3425.44,0,1,1,0,0,0,0,0,0,0,0,0,0,1,0,0,0,0,1,0,0
0,0,0,0,10,1,0,29.87,302.59,0,0,1,0,1,0,0,0,0,1,0,0,1,0,0,1,1,0,1,0,0
1,0,1,0,0,1,0,58.1,7.6,0,0,1,0,0,1,0,1,0,0,0,0,0,0,0,1,0,0,0,1,0
0,0,1,0,35,0,0,77.36,2714.37,1,0,0,0,0,0,0,0,0,0,0,0,1,0,0,0,0,0,0,0,1
0,0,1,0,41,1,1,52.11,2124.82,0,0,0,1,1,0,1,0,1,0,1,0,1,0,1,0,0,0,0,0,1
0,0,0,0,24,1,0,80.11,1921.8,0,1,0,1,1,0,1,0,1,0,1,0,1,0,1,0,0,0,1,0,0
1,0,1,0,56,1,1,118.73,6649.68,0,1,0,1,1,0,1,0,1,0,1,0,1,0,1,0,0,1,1,0,0
0,0,0,0,30,1,0,47.69,1433.61,0,1,0,0,0,0,0,1,0,1,0,0,0,0,0,1,0,0,0,1,0
0,0,0,0,61,1,1,90.17,5506.83,0,0,0,0,0,0,0,0,1,0,0,1,0,0,0,0,0,0,0,1,0
1,0,1,0,37,1,0,83.78,3067.97,0,0,1,0,0,0,0,0,0,1,0,0,0,0,1,0,0,0,0,0,1
1,0,0,1,55,1,1,42.58,2319.98,0,0,0,0,0,1,0,0,0,0,0,0,0,0,0,1,0,0,0,1,0
1,0,1,0,9,1,0,98.34,890.88,0,1,0,0,0,0,0,0,0,0,0,0,0,0,0,0,1,0,0,0,0
1,0,1,0,42,0,0,20.61,869.39,1,0,0,1,1,0,1,0,1,0,1,0,1,0,1,0,0,0,0,0,1
1,0,0,1,18,1,1,22.51,394.17,0,1,1,0,0,0,1,0,0,1,0,0,0,1,0,0,0,0,1,0,0
0,0,1,0,36,1,1,59.33,2145.86,0,0,0,0,0,1,0,1,0,0,0,0,0,1,0,0,0,1,0,1,0
1,1,0,0,55,1,0,106.78,5858.88,0,0,1,0,0,1,0,0,1,0,0,0,0,0,0,0,0,1,0,0,0
0,0,1,1,52,1,0,118.46,6164.9,0,0,1,0,0,0,1,0,0,1,0,1,0,0,0,1,1,0,0,0,0
1,0,0,1,30,1,1,106.64,3183.22,0,0,1,0,0,0,0,0,0,0,0,0,0,0,0,0,0,0,1,0,0
1,1,1,0,27,1,1,22.92,605.85,1,0,0,0,0,1,0,0,0,0,1,0,0,0,0,0,0,0,0,1,0
0,0,0,0,70,1,1,65.28,4575.7,0,0,1,0,0,0,0,1,0,0,0,1,0,1,0,0,0,0,1,0,0
0,0,1,0,32,1,0,75.93,2431.32,1,0,0,0,0,0,0,0,0,1,0,1,0,0,0,0,0,1,0,0,0
1,0,0,0,71,1,1,28.29,2015.09,0,1,0,1,1,0,1,0,1,0,1,0,1,0,1,0,0,0,1,0,0
1,0,0,0,53,1,0,83.52,4409.05,0,0,1,0,0,1,1,0,0,0,0,0,0,0,0,0,0,0,1,0,0
1,0,0,0,37,1,0,68.41,2540.87,0,0,1,0,0,0,0,0,0,0,0,1,0,1,0,0,0,0,1,0,0
1,0,0,0,70,1,0,36.75,2574.73,0,1,0,0,1,0,0,0,0,0,0,0,0,0,0,0,0,1,0,1,0
1,0,1,1,10,1,1,98.83,987.31,0,0,0,0,0,1,0,0,1,0,0,0,0,1,0,1,0,0,0,0,1
0,0,0,1,72,1,1,107.85,7780.78,0,0,0,0,0,0,1,0,0,1,0,0,1,0,0,0,0,0,0,0,1
1,0,0,0,71,1,1,102.41,7269.16,0,0,0,1,1,0,1,0,1,0,1,0,1,0,1,0,0,0,1,0,0
0,0,0,0,40,1,1,64.9,2618.81,0,0,0,0,0,0,1,0,0,0,0,0,0,0,0,0,0,0,0,0,0
0,0,1,0,28,1,1,40.37,1128.42,0,1,1,0,0,0,1,0,0,1,0,0,0,0,0,1,0,0,0,0,1
1,0,1,1,50,1,1,63.24,3158.31,0,0,0,0,0,0,0,0,0,1,0,1,0,1,0,0,1,0,0,0,1
0,0,0,1,37,1,0,72.35,2685.55,0,1,1,0,0,0,0,1,1,0,0,0,0,0,0,1,0,0,0,0,1
1,0,1,0,71,1,0,67.65,4795.56,0,1,0,0,0,0,0,0,0,0,1,0,0,0,0,0,0,0,0,0,1
1,1,0,0,30,1,0,68.78,2067.19,0,0,1,0,1,0,0,0,0,0,0,0,0,0,0,1,1,0,0,0,0
1,0,0,0,30,1,1,30.4,937.34,0,0,0,0,1,0,0,0,0,0,0,0,0,0,0,0,1,0,0,0,1
0,0,0,1,70,1,1,64.53,4515.38,0,1,1,0,0,1,0,0,0,0,1,0,1,0,0,0,0,0,0,1,0
0,0,1,0,68,1,0,25.79,1771.25,0,1,1,0,0,1,0,1,0,0,0,0,0,0,0,0,0,0,0,1,0
0,0,1,0,64,1,0,71.05,4556.74,0,0,0,0,0,1,0,0,0,0,0,0,0,0,1,0,1,0,1,0,0
1,0,1,0,49,1,1,63.73,3112.15,0,1,0,1,1,0,1,0,1,0,1,0,1,0,1,0,1,0,0,0,1
1,0,0,0,64,1,1,38.2,2442.31,0,1,0,0,0,1,0,0,0,0,0,0,0,0,0,0,0,1,0,1,0
0,0,0,0,27,1,0,67.25,1815.86,0,0,1,0,0,1,0,0,0,1,0,1,0,1,0,0,0,0,0,0,1
1,0,1,0,16,1,0,28.55,440.23,1,0,1,0,0,0,0,1,0,0,1,0,0,1,0,1,1,0,0,0,1
1,0,0,1,11,1,1,90.23,1017.14,0,1,1,0,0,1,0,0,0,0,0,0,0,0,0,0,0,0,1,0,0
1,0,1,0,15,1,0,118.05,1786.62,0,1,0,0,0,0,0,0,0,0,0,1,1,0,0,0,0,0,0,0,0
0,0,0,1,40,1,0,95.09,3790.3,0,0,1,0,0,0,0,1,0,0,0,1,0,0,1,0,0,0,1,0,0
0,0,0,0,48,1,0,51.07,2473.08,0,0,0,1,1,0,1,0,1,0,1,0,1,0,1,0,1,0,0,0,0
1,0,0,0,28,1,1,99.36,2769.98,0,0,1,0,0,0,0,0,0,1,0,1,0,0,0,1,0,0,0,0,0
0,0,0,0,1,1,0,71.18,65.38,0,0,0,0,0,0,0,1,0,0,0,0,0,0,0,0,0,1,0,0,1
1,0,0,0,32,1,1,68.2,2176.55,0,0,0,0,0,0,0,0,0,0,0,1,0,0,0,1,0,0,0,0,1
0,0,1,0,0,1,1,45.98,0.0,1,0,0,0,0,0,0,0,0,0,0,0,0,0,0,0,0,0,1,0,0
1,0,1,0,35,1,1,109.78,3843.09,0,0,1,0,0,0,0,0,0,1,0,1,0,0,0,1,0,0,0,1,0
0,0,1,0,28,1,0,86.23,2425.65,0,0,1,0,1,0,0,0,0,1,0,0,0,0,0,0,1,0,1,0,0
0,0,1,1,51,1,0,94.93,4840.04,0,1,0,0,0,0,1,0,0,0,0,0,0,0,0,0,1,0,1,0,0
0,0,1,1,2,1,1,95.91,183.33,0,0,1,0,0,0,0,0,0,1,0,0,0,0,0,0,1,0,0,0,1
0,0,0,0,22,1,1,20.56,466.9,0,1,0,1,1,0,1,0,1,0,1,0,1,0,1,0,0,0,0,1,0
0,0,0,1,23,1,1,100.5,2316.72,0,0,0,0,0,0,0,0,0,0,0,0,0,0,0,0,0,1,0,0,0
0,0,0,0,63,1,1,31.42,1959.56,0,1,0,0,0,0,0,0,0,0,0,0,0,0,0,0,0,0,1,0,0
0,0,0,1,25,1,1,85.71,2134.21,0,0,0,0,0,0,0,0,0,0,1,0,0,0,1,0,0,0,1,0,0
0,0,1,0,68,1,0,107.89,7343.25,0,0,1,0,0,0,0,0,0,1,0,0,0,1,0,0,0,0,0,0,0
1,0,0,1,40,1,0,103.57,4136.77,0,0,1,0,0,0,1,0,1,0,0,0,0,0,0,0,0,1,0,0,1
0,1,0,1,55,1,1,82.71,4540.5,1,0,0,1,1,0,1,0,1,0,1,0,1,0,1,0,0,0,1,0,0
1,0,1,1,3,0,1,113.56,349.53,1,0,1,0,0,0,0,1,0,0,0,0,0,1,0,0,0,0,0,1,0
1,0,1,0,66,1,1,57.77,3803.28,0,0,0,1,1,0,1,0,1,0,1,0,1,0,1,0,0,0,0,0,0
0,1,0,0,34,1,0,20.64,697.67,0,0,0,0,0,1,0,0,0,1,0,0,0,0,0,0,0,0,0,1,0
0,0,0,0,28,1,1,65.92,1844.72,0,1,0,0,0,0,0,0,0,1,0,0,0,0,0,1,1,0,0,0,0
0,0,1,0,57,1,1,96.25,5487.38,0,1,0,0,0,0,0,0,1,0,0,0,1,0,0,1,0,0,0,0,0
1,1,0,0,10,1,0,110.93,1099.92,0,1,1,0,0,0,0,1,0,0,0,0,0,0,0,0,0,0,0,1,0
0,0,1,0,41,1,1,32.18,1327.5,1,0,1,0,0,1,0,0,0,0,0,0,0,1,0,1,0,0,0,1,0
1,0,1,0,20,1,1,29.11,582.65,0,1,1,0,0,0,0,0,0,0,0,1,0,0,0,0,0,0,0,0,0
1,0,1,1,68,1,1,29.48,1999.97,1,0,0,0,0,0,0,0,0,1,0,0,0,0,0,0,0,0,0,1,0
1,1,1,0,34,0,0,28.32,974.95,1,0,0,1,1,0,1,0,1,0,1,0,1,0,1,0,0,0,0,0,0
1,1,0,1,37,1,1,59.06,2193.35,0,1,0,0,0,1,0,0,0,0,0,0,0,0,0,0,0,1,0,0,1
1,0,1,0,6,1,0,94.6,561.84,0,1,0,0,0,0,0,0,1,0,0,0,0,0,0,0,0,1,0,0,1
0,1,1,0,34,1,1,34.99,1182.22,0,0,0,1,1,0,1,0,1,0,1,0,1,0,1,0,0,0,0,0,0
1,0,0,0,33,0,1,25.36,840.07,1,0,0,0,0,1,0,1,0,0,0,1,0,0,1,0,0,0,0,0,0
1,0,0,0,63,1,1,49.94,3142.3,0,0,0,0,1,0,0,0,0,0,0,0,0,1,0,1,1,0,1,0,0
1,0,1,0,1,1,1,96.56,108.62,0,1,1,0,1,0,0,0,0,0,0,1,0,0,0,0,0,0,1,0,0
1,0,0,0,68,1,1,28.1,1917.12,0,1,1,0,0,0,0,0,0,0,0,0,0,0,0,1,0,0,0,1,0
0,0,0,1,66,1,1,69.83,4606.51,1,0,1,0,0,0,0,0,0,0,0,1,0,0,0,0,0,0,0,0,1
1,0,1,1,28,0,1,32.86,926.23,1,0,0,0,0,0,0,0,0,0,0,0,0,1,0,0,0,0,0,0,1
0,1,1,0,4,1,1,113.55,447.98,0,0,1,0,0,1,1,0,0,0,0,1,0,0,0,0,0,0,0,0,0
1,0,0,1,57,1,1,26.75,1532.19,0,0,0,0,0,0,0,0,0,0,0,0,0,1,0,0,0,0,1,0,0
1,0,1,0,25,1,1,80.77,2007.72,0,0,0,0,0,1,0,1,0,0,0,0,0,0,0,0,0,0,1,0,0
0,1,1,0,36,1,0,90.77,3256.73,0,0,1,0,0,0,0,0,0,1,0,0,0,0,0,1,1,0,0,0,0
1,0,0,1,17,0,1,55.99,952.92,1,0,1,0,0,0,0,0,0,1,0,0,1,0,0,1,0,1,1,0,0
0,0,0,0,36,1,1,26.79,951.69,0,0,1,0,1,0,0,0,0,1,0,0,0,0,0,0,0,0,0,0,0
1,0,0,1,22,1,1,96.02,2122.04,0,1,0,0,0,1,0,0,0,1,0,1,0,0,0,0,0,0,0,0,1
0,1,0,0,13,1,1,26.99,358.95,0,1,0,0,0,1,0,0,0,0,0,0,0,0,0,1,0,0,0,0,0
1,0,0,1,32,1,0,48.69,1556.85,0,1,0,0,0,0,0,0,0,1,0,0,0,0,0,0,1,0,0,1,0
0,0,1,0,22,1,1,93.48,2072.08,0,0,0,1,1,0,1,0,1,0,1,0,1,0,1,0,0,0,0,0,0
0,0,0,0,66,1,1,94.03,6210.09,1,0,1,0,0,1,0,0,0,0,0,0,0,1,0,1,0,0,0,1,0
1,0,0,0,24,1,1,83.91,2019.36,0,1,0,0,0,1,0,0,0,0,0,0,0,0,1,0,0,0,1,0,0
1,0,0,1,58,1,1,73.84,4282.18,0,1,1,0,0,1,0,0,0,1,1,0,0,0,0,1,0,0,0,0,1
1,0,0,0,37,1,1,87.21,3219.57,0,1,1,0,0,0,0,0,0,0,0,0,0,0,1,0,1,0,0,0,1
0,0,1,0,47,1,0,38.75,1811.02,0,0,1,0,0,1,0,0,0,0,0,0,0,0,0,1,0,0,0,0,0
0,0,0,0,59,1,1,53.94,3170.93,0,0,1,0,0,0,0,1,0,1,0,1,0,0,0,0,1,0,0,0,1
0,1,0,0,45,1,0,64.58,2903.71,1,0,1,0,0,0,0,1,0,0,0,0,0,0,0,1,0,0,1,0,0
0,1,0,0,7,1,1,31.31,222.74,1,0,0,0,0,1,0,1,0,0,0,0,0,0,0,1,0,0,0,0,1
1,0,0,0,8,1,0,23.81,205.12,0,1,0,0,0,0,0,0,0,0,0,1,0,0,0,0,0,0,0,0,1
0,0,1,0,11,1,1,95.8,1051.96,0,1,1,0,0,1,0,0,0,0,0,1,0,0,0,0,0,0,0,1,0
1,0,0,0,30,1,0,62.55,1876.71,0,1,0,1,1,0,1,0,1,0,1,0,1,0,1,0,1,0,0,0,0
0,0,1,0,18,0,1,72.29,1306.51,1,0,0,0,0,0,0,1,0,0,0,0,0,0,0,0,1,0,1,0,0
1,0,1,0,30,1,0,71.06,2127.93,0,1,1,0,0,0,0,0,0,0,0,0,0,0,0,0,0,0,0,1,0
1,0,0,0,43,1,1,108.51,4677.1,1,0,0,1,1,0,1,0,1,0,1,0,1,0,1,0,0,0,0,0,1
1,0,1,0,65,1,0,46.07,3006.38,0,1,0,0,0,0,0,0,0,0,1,0,0,1,0,0,0,0,0,0,0
1,0,1,0,46,1,1,23.16,1050.37,0,0,0,0,0,0,0,1,0,1,0,1,0,1,0,1,0,0,0,0,1
0,0,1,0,58,1,0,71.52,4149.3,0,0,0,0,0,0,0,0,0,0,1,0,0,0,0,1,0,0,0,1,0
1,1,1,0,64,1,1,101.46,6493.24,0,1,1,0,0,1,0,1,0,1,0,0,0,1,0,1,0,1,0,1,0
0,0,0,0,33,1,1,88.08,2901.36,0,0,0,1,1,0,1,0,1,0,1,0,1,0,1,0,0,1,1,0,0
0,0,1,1,52,1,1,84.14,4386.46,0,1,1,0,0,1,0,1,0,0,0,1,0,0,0,0,0,1,0,0,0
1,0,0,0,24,0,1,82.15,1960.04,1,0,0,0,0,1,0,0,0,0,1,0,1,0,0,0,0,1,0,0,0
1,0,0,0,36,1,1,107.6,3866.14,0,1,0,1,1,0,1,0,1,0,1,0,1,0,1,0,0,0,0,0,0
0,0,0,0,1,0,0,25.86,45.5,1,0,1,0,0,0,0,1,0,1,0,0,0,1,1,0,0,1,0,1,0
1,0,0,0,62,1,0,51.71,3208.88,0,0,1,0,0,0,0,0,1,0,1,0,0,0,0,1,0,0,0,0,1
1,1,0,0,48,1,1,20.81,1011.82,0,0,1,0,0,1,0,0,0,1,0,0,0,0,0,0,1,0,0,1,0
0,0,0,0,10,1,1,117.55,1172.97,1,0,0,1,1,0,1,0,1,0,1,0,1,0,1,0,0,0,0,0,1
1,0,0,0,14,1,0,119.79,1688.42,0,1,0,0,0,0,0,1,0,0,1,0,0,0,0,1,0,0,0,0,0
1,0,0,0,31,0,1,110.03,3392.76,1,0,1,0,0,1,0,0,0,1,0,0,1,0,0,0,1,0,0,0,1
1,0,0,0,3,0,1,48.06,130.34,1,0,0,1,1,0,1,0,1,0,1,0,1,0,1,0,0,0,0,0,0
1,0,1,0,70,1,1,107.11,7505.04,0,0,1,0,0,0,1,0,0,1,0,1,0,1,1,0,1,0,1,0,0
0,0,1,0,24,1,0,30.68,735.77,0,0,1,0,0,1,0,0,0,0,1,0,0,1,0,0,0,0,1,0,0
1,0,1,0,68,1,1,55.83,3807.71,0,1,1,0,1,0,0,1,0,1,0,0,0,0,0,0,0,1,0,0,1
1,1,0,0,35,1,1,36.28,1275.4,0,1,0,0,0,1,0,0,0,1,0,0,0,0,0,0,0,0,0,1,0
1,0,1,0,34,1,1,97.18,3297.41,0,1,0,0,0,0,0,0,0,0,0,0,0,0,0,1,1,0,0,0,0
0,0,0,1,57,1,1,52.04,2962.83,0,1,0,1,1,0,1,0,1,0,1,0,1,0,1,0,1,0,1,0,0
0,0,1,1,14,1,1,20.37,287.49,1,0,1,0,0,0,0,1,0,0,0,1,0,0,1,0,1,0,0,0,0
0,0,0,0,45,1,0,57.56,2582.55,0,0,1,0,0,1,0,0,0,0,0,0,0,1,0,0,1,0,0,0,0
1,0,1,0,22,1,1,93.37,2066.78,0,0,0,0,1,0,0,0,0,1,0,0,0,1,0,1,0,0,0,0,0
0,0,0,1,19,1,0,45.32,862.23,0,1,0,0,1,0,0,1,0,1,0,0,0,0,0,0,0,1,0,0,1
1,1,0,0,35,1,0,22.62,811.61,0,1,0,0,0,0,0,0,0,0,0,0,0,0,0,1,0,0,0,1,0
1,0,0,0,21,1,1,38.55,816.78,1,0,1,0,0,1,0,0,0,0,0,0,0,0,0,0,1,0,0,1,0
1,1,0,0,50,1,0,107.9,5382.16,0,1,0,1,1,0,1,0,1,0,1,0,1,0,1,0,0,0,0,0,1
1,1,1,0,23,1,0,97.84,2250.04,0,1,0,1,1,0,1,0,1,0,1,0,1,0,1,0,1,0,0,0,0
1,0,1,0,68,1,1,72.57,4934.76,0,0,0,1,1,0,1,0,1,0,1,0,1,0,1,0,0,0,0,0,0
1,0,0,0,28,1,1,87.34,2445.39,1,0,0,1,1,0,1,0,1,0,1,0,1,0,1,0,1,0,0,1,0
0,0,1,0,16,0,1,112.29,1793.91,1,0,0,0,0,1,0,0,0,1,1,0,0,0,0,0,0,1,0,0,0
1,1,0,1,0,1,1,75.07,0.0,1,0,0,0,0,0,0,1,0,0,0,1,0,0,0,1,0,1,0,1,0
1,0,0,1,56,1,1,45.57,2567.69,1,0,0,1,1,0,1,0,1,0,1,0,1,0,1,0,1,0,0,0,1
1,0,1,1,26,1,1,74.97,1964.78,0,1,1,0,0,0,0,0,0,1,0,1,0,0,0,0,0,0,0,0,0
1,0,1,1,38,1,0,53.24,2021.62,0,1,0,1,1,0,1,0,1,0,1,0,1,0,1,0,0,1,1,0,0
1,0,0,1,36,1,1,53.0,1890.75,0,1,0,0,0,0,0,1,0,0,0,1,0,1,0,1,1,0,1,0,0
1,0,1,0,31,0,0,74.13,2301.03,1,0,1,0,0,1,0,0,0,1,0,0,0,0,1,0,1,0,1,0,0
0,0,0,0,20,1,1,77.37,1541.93,0,1,0,1,1,0,1,0,1,0,1,0,1,0,1,0,0,0,0,1,0
1,0,1,0,37,0,0,70.94,2620.76,1,0,0,1,1,0,1,0,1,0,1,0,1,0,1,0,0,0,0,0,1
0,0,0,0,28,1,1,75.94,2122.94,0,0,0,1,1,0,1,0,1,0,1,0,1,0,1,0,0,1,0,1,0
0,0,1,0,10,1,1,87.0,874.65,0,0,1,0,0,0,1,0,0,0,0,0,0,0,0,0,1,0,0,0,1
1,0,1,0,27,1,1,78.33,2116.7,0,1,1,0,0,0,0,0,0,0,0,0,0,0,0,0,0,0,1,0,0
0,0,1,0,43,1,1,47.23,2036.97,0,0,1,0,0,1,0,0,0,0,0,1,0,0,1,0,0,0,0,0,1
0,0,1,0,42,1,0,42.43,1792.42,0,0,0,1,1,0,1,0,1,0,1,0,1,0,1,0,0,1,0,0,0
0,0,1,0,48,1,0,20.68,996.69,1,0,0,0,0,0,0,1,1,0,0,1,0,0,0,1,0,0,0,1,0
0,0,0,0,34,1,1,90.56,3088.28,0,0,0,1,1,0,1,0,1,0,1,0,1,0,1,0,0,0,1,0,0
0,1,0,1,62,1,0,97.52,6043.22,0,1,0,0,0,0,0,0,0,0,0,0,0,0,0,1,1,0,0,0,1
0,0,0,1,65,1,1,85.01,5528.74,0,1,0,1,1,0,1,0,1,0,1,0,1,0,1,0,0,0,1,0,0
1,0,1,1,65,1,0,26.62,1723.04,0,0,1,0,0,1,0,1,0,0,0,1,0,1,0,0,0,0,0,1,0
1,0,1,0,70,1,0,116.37,8127.48,0,0,1,0,0,0,0,1,0,0,0,1,0,0,0,0,0,0,0,1,0
0,0,0,0,27,1,1,88.35,2385.44,0,1,0,0,0,0,0,0,0,1,0,1,0,0,0,1,0,0,0,0,0
0,1,0,1,47,0,0,33.88,1572.88,1,0,0,1,1,0,1,0,1,0,1,0,1,0,1,0,1,0,0,0,0
1,0,1,1,9,1,1,77.92,698.98,0,1,0,1,1,0,1,0,1,0,1,0,1,0,1,0,0,1,1,0,0
0,0,0,1,15,0,0,109.13,1639.38,1,0,0,1,1,0,1,0,1,0,1,0,1,0,1,0,0,1,0,0,0
0,0,0,1,26,1,0,24.15,632.13,0,1,1,0,0,0,0,0,0,0,0,0,0,1,0,0,0,0,0,0,1
1,0,0,0,8,0,1,30.78,246.87,1,0,1,0,0,0,0,0,1,0,0,1,0,0,0,0,0,0,1,0,0
1,0,0,1,44,1,0,106.16,4678.92,0,0,0,0,0,0,0,0,0,0,1,0,1,0,0,0,1,0,0,0,0
0,0,1,0,69,1,0,67.12,4631.02,0,0,1,0,0,1,0,0,0,1,0,0,1,0,1,0,0,0,0,1,0
1,0,0,1,53,0,0,30.1,1585.77,1,0,0,0,0,1,0,1,0,1,0,1,0,0,0,0,0,0,0,1,0
0,0,0,1,38,1,0,112.92,4283.23,0,0,0,0,0,0,0,0,0,1,0,0,0,0,0,1,0,0,1,0,0
1,0,1,0,31,1,1,70.8,2183.5,1,0,0,1,1,0,1,0,1,0,1,0,1,0,1,0,0,0,0,0,0
1,0,0,1,65,1,0,70.92,4587.84,0,0,1,0,0,1,1,0,0,0,0,0,0,1,0,0,0,1,0,1,0
0,0,0,0,57,1,1,50.78,2897.75,0,1,0,0,0,0,0,0,0,0,0,1,0,0,0,1,0,0,0,1,0
0,0,1,0,24,1,1,81.6,1967.59,0,0,0,0,0,0,0,1,0,0,0,0,0,0,0,0,1,0,0,1,0
0,0,0,0,26,1,0,52.09,1343.18,0,0,0,0,0,0,0,0,0,0,0,0,1,0,0,0,1,0,0,0,1
1,0,1,0,45,1,0,117.38,5271.78,0,0,0,0,0,1,0,0,0,0,0,0,0,0,0,0,0,0,0,1,0
0,0,0,0,65,1,0,67.58,4380.51,0,1,1,0,0,0,0,1,0,1,0,1,0,1,0,0,0,1,0,1,0
0,1,1,0,34,1,1,32.35,1113.28,0,0,0,1,1,0,1,0,1,0,1,0,1,0,1,0,0,1,0,0,1
1,0,0,0,46,1,0,66.35,3052.24,0,0,1,0,0,1,0,1,0,1,0,1,0,1,1,0,0,1,0,0,1
1,0,0,0,28,1,1,93.26,2620.27,0,0,0,0,0,0,0,0,0,0,1,0,0,0,0,0,0,1,0,0,0
1,1,1,1,59,1,0,46.62,2753.76,0,1,1,0,1,0,0,1,0,0,0,0,0,1,0,1,0,1,1,0,0
1,0,1,0,31,1,1,27.8,854.92,0,1,0,0,0,1,0,1,0,1,0,0,0,0,0,1,0,0,1,0,0
0,0,0,0,27,1,1,69.07,1878.48,0,0,0,0,0,0,1,0,0,0,0,0,0,0,0,0,0,0,0,0,1
0,0,1,0,23,1,0,87.35,2012.38,0,1,0,0,0,1,0,0,1,0,0,0,0,1,0,1,0,0,0,1,0
0,0,1,1,11,1,1,28.56,304.11,0,0,0,0,0,1,0,0,0,0,0,0,0,0,1,0,0,0,0,1,0
0,0,1,0,28,1,0,46.76,1309.93,0,1,1,0,0,0,0,0,0,0,0,1,0,0,0,1,0,0,1,0,0
1,0,0,0,60,1,1,52.07,3124.71,0,0,1,0,1,0,0,1,1,0,0,1,0,1,0,0,0,0,0,1,0
1,0,0,0,28,1,1,56.71,1595.46,0,0,0,0,0,0,0,1,0,0,0,0,0,0,0,0,0,0,0,0,0
0,0,1,1,56,1,1,34.12,1905.9,0,0,0,0,0,0,1,0,1,0,0,0,0,1,0,1,0,1,0,0,0
1,0,0,0,4,1,1,48.64,185.33,0,0,1,0,0,1,0,1,0,0,0,0,0,0,1,0,0,0,0,0,1
1,0,0,0,29,0,1,103.04,2978.25,1,0,1,0,1,0,0,0,0,0,0,0,0,0,1,0,0,1,0,0,0
0,0,1,0,15,1,0,49.25,745.38,0,1,0,0,0,0,0,0,0,0,0,0,0,0,0,0,0,1,1,0,0
0,0,1,1,35,1,0,96.82,3374.71,0,0,0,0,0,0,0,0,0,0,0,0,0,0,0,0,0,1,0,1,0
1,1,1,0,46,0,0,70.31,3242.42,1,0,1,0,0,1,1,0,0,0,0,0,0,0,0,0,0,0,1,0,0
1,0,0,0,16,1,0,82.38,1327.84,1,0,0,0,1,0,0,0,0,1,0,0,0,0,0,0,1,0,0,0,1
1,0,1,0,43,1,1,86.0,3703.56,0,0,0,0,1,0,0,1,1,0,0,0,0,0,0,0,0,0,0,0,0
1,0,1,0,70,1,1,26.21,1845.6,1,0,0,0,0,1,1,0,0,0,1,0,0,0,0,0,1,0,0,0,1
0,0,0,0,46,1,0,63.13,2908.52,0,0,0,0,0,0,0,0,0,0,0,0,0,1,0,1,0,1,0,0,1
0,0,0,0,26,1,0,24.36,638.34,0,0,0,0,0,0,0,1,0,1,0,0,0,1,0,0,0,1,0,1,0
1,0,1,0,55,1,1,83.67,4599.75,0,0,0,0,0,0,0,1,0,0,0,1,0,1,0,0,0,0,0,1,0
0,0,0,0,35,1,1,50.83,1771.43,0,0,0,0,0,0,0,0,0,0,0,1,0,0,0,0,0,0,1,0,0
1,0,0,0,52,1,1,115.77,6019.84,0,0,1,0,0,1,0,1,0,1,0,1,0,1,0,0,0,0,0,0,0
1,0,0,1,54,1,1,36.36,1966.51,0,1,0,0,1,0,0,0,0,0,0,1,0,1,0,0,0,1,0,1,0
0,0,0,0,3,1,0,99.74,294.43,0,1,1,0,0,0,0,1,0,0,0,1,0,1,0,0,1,0,0,1,0
1,0,1,0,43,1,0,34.19,1465.51,0,0,1,0,0,0,0,1,0,0,0,1,0,0,0,1,1,0,0,1,0
1,0,0,0,54,0,1,85.16,4596.98,1,0,1,0,0,0,0,1,0,0,0,1,1,0,0,1,1,0,0,0,0
0,0,0,1,21,1,1,28.83,604.48,0,0,1,0,0,1,1,0,0,1,0,0,0,0,0,0,1,0,0,0,1
0,0,0,0,63,1,1,70.55,4434.93,0,1,0,0,0,0,0,1,0,0,0,1,0,0,0,0,1,0,0,0,0
0,0,0,0,69,1,1,69.71,4815.13,0,0,0,1,1,0,1,0,1,0,1,0,1,0,1,0,0,0,0,0,0
0,0,1,1,26,1,0,103.45,2693.99,0,0,1,0,0,0,0,1,0,0,0,0,0,0,0,0,1,0,0,1,0
0,0,1,1,5,1,0,55.26,265.62,0,1,0,1,1,0,1,0,1,0,1,0,1,0,1,0,0,0,0,0,1
1,1,1,0,1,1,1,111.02,106.69,0,1,1,0,0,0,0,0,0,1,0,0,0,0,0,0,1,0,1,0,0
0,1,1,0,30,1,1,39.88,1203.67,0,1,0,0,0,0,0,1,0,1,0,1,0,0,0,0,0,0,0,0,1
1,0,0,1,46,1,1,74.88,3443.73,0,1,0,0,0,1,0,0,0,0,1,0,0,0,0,1,0,1,1,0,0
0,0,0,1,48,1,1,113.96,5443.87,0,0,0,1,1,0,1,0,1,0,1,0,1,0,1,0,0,0,0,0,0
1,0,0,0,27,1,1,45.07,1223.55,1,0,0,0,0,0,0,0,0,1,0,0,1,0,0,1,0,0,0,0,1
1,0,0,0,36,1,1,93.09,3361.73,0,1,1,0,0,0,1,0,0,0,0,0,1,0,0,0,0,0,1,0,0
1,0,0,0,7,1,0,91.83,631.78,0,0,0,0,0,0,0,1,1,0,0,0,0,1,0,0,0,0,0,0,0
0,1,1,0,5,1,1,111.24,553.11,1,0,1,0,0,1,0,0,0,0,0,1,0,0,1,0,0,1,1,0,0
0,0,0,0,61,1,1,38.61,2357.46,0,1,1,0,0,0,0,1,0,0,0,0,0,0,0,0,0,0,1,0,0
1,0,1,1,70,1,0,29.06,2024.36,1,0,1,0,0,0,0,0,0,0,0,1,0,0,0,0,1,0,1,0,0
0,0,0,0,7,1,1,84.79,581.12,0,0,0,0,0,0,1,0,0,0,0,0,0,0,0,1,0,0,0,0,1
1,0,0,1,15,1,1,100.57,1502.63,0,0,0,1,1,0,1,0,1,0,1,0,1,0,1,0,0,1,1,0,0
1,1,0,0,9,1,0,65.54,593.47,0,1,1,0,0,0,0,0,1,0,0,0,0,1,0,1,0,0,0,0,0
0,0,0,0,25,1,1,69.63,1752.25,0,0,0,0,0,1,0,1,1,0,0,0,0,1,0,0,0,0,0,0,0
0,0,1,0,44,1,0,95.08,4191.88,0,0,0,1,1,0,1,0,1,0,1,0,1,0,1,0,0,0,0,0,1
1,0,0,0,44,1,0,75.66,3335.34,0,0,0,1,1,0,1,0,1,0,1,0,1,0,1,0,0,0,0,1,0
1,0,1,0,65,1,1,80.67,5231.1,0,1,1,0,0,0,0,0,0,1,0,0,1,0,0,0,0,1,1,0,0
1,0,0,1,5,1,1,59.19,302.08,1,0,1,0,0,0,0,0,1,0,0,0,0,0,0,0,0,0,0,0,1
0,0,1,0,72,1,1,59.06,4243.57,0,0,0,0,0,1,0,0,0,0,0,0,0,0,0,0,0,0,0,0,0
0,0,0,0,55,1,1,116.82,6441.51,1,0,0,1,1,0,1,0,1,0,1,0,1,0,1,0,0,0,0,0,0
1,0,1,0,50,1,1,97.41,4867.33,0,1,1,0,0,0,0,1,0,0,0,0,0,1,0,0,0,0,0,0,1
0,0,1,1,19,0,1,58.46,1102.16,1,0,0,0,0,0,0,1,0,0,0,0,0,0,0,0,0,0,0,0,1
1,0,0,1,63,1,1,100.98,6345.48,0,0,1,0,0,0,0,1,0,0,0,0,0,1,0,0,0,0,0,0,1
0,0,1,0,58,1,1,92.05,5338.39,0,1,1,0,0,1,0,0,0,0,0,1,0,1,0,0,1,0,0,0,1
1,0,1,1,31,1,1,24.14,743.44,0,0,0,1,1,0,1,0,1,0,1,0,1,0,1,0,0,0,0,0,0
1,0,1,0,40,1,1,57.85,2303.91,0,1,1,0,0,0,0,0,1,0,0,1,0,0,0,0,0,1,1,0,0
0,0,0,0,63,1,0,96.43,6076.95,0,1,0,0,0,0,0,0,0,0,0,0,1,0,0,1,0,1,0,0,0
1,0,0,0,8,1,1,76.4,608.9,0,0,0,0,0,0,0,0,0,0,0,0,0,1,0,0,0,0,0,1,0
0,1,0,0,69,1,0,100.88,6954.73,1,0,1,0,0,1,0,0,1,0,0,0,0,0,0,0,0,0,0,0,1
1,0,0,0,49,1,0,117.82,5769.16,0,0,0,1,1,0,1,0,1,0,1,0,1,0,1,0,0,0,0,0,1
0,0,0,0,34,1,1,103.36,3513.33,0,1,1,0,0,0,0,0,0,1,0,0,0,1,0,1,0,0,1,0,0
0,0,0,1,9,1,1,56.41,511.83,0,0,0,0,0,1,0,0,0,0,0,0,0,1,0,1,0,1,1,0,0
0,0,1,0,22,1,1,119.19,2635.19,0,1,1,0,0,1,0,0,0,0,0,0,0,1,0,0,0,0,1,0,0
0,0,1,0,29,1,1,63.71,1844.74,0,1,1,0,0,0,0,0,1,0,1,0,0,0,0,0,1,0,0,1,0
1,0,0,0,39,1,0,105.81,4126.46,0,0,1,0,0,1,0,0,0,0,0,0,0,0,0,1,0,1,1,0,0
0,0,0,0,13,0,1,65.5,860.58,1,0,1,0,0,0,0,1,0,1,0,0,0,1,1,0,0,0,1,0,0
1,0,0,0,60,1,1,52.62,3152.55,0,0,0,0,0,0,0,0,0,0,0,1,1,0,0,0,0,0,0,0,0
0,0,1,0,47,1,1,68.58,3218.65,0,0,0,0,0,0,0,0,0,0,0,0,0,1,0,0,0,1,0,1,0
1,1,0,0,72,1,1,110.12,7918.44,0,0,0,0,0,1,0,0,0,0,0,1,0,1,0,1,0,1,0,1,0
1,0,0,0,22,1,1,81.51,1792.97,0,0,0,0,0,0,1,0,0,0,0,1,1,0,0,0,0,0,0,1,0
0,0,0,0,40,0,0,47.96,1920.54,1,0,0,0,1,0,0,0,0,1,0,0,0,0,0,0,1,0,0,0,0
0,0,1,1,11,1,1,90.5,1006.26,0,1,0,0,0,0,0,0,0,0,0,1,0,1,0,1,0,0,1,0,0
0,0,1,0,23,1,1,42.52,984.85,0,0,0,0,0,1,0,1,0,0,0,0,0,0,0,0,1,0,0,1,0
1,0,0,0,19,1,0,27.0,510.07,0,0,1,0,0,0,1,0,0,0,0,0,0,1,0,0,0,1,1,0,0
1,0,1,0,46,1,1,102.84,4740.34,0,1,0,1,1,0,1,0,1,0,1,0,1,0,1,0,0,1,0,0,0
0,0,1,0,27,1,1,72.25,1962.85,0,0,0,1,1,0,1,0,1,0,1,0,1,0,1,0,0,0,0,0,1
1,0,0,0,43,1,1,23.05,991.89,0,0,0,0,0,1,0,0,0,0,0,1,0,1,0,0,0,0,0,1,0
1,0,0,0,46,1,1,67.88,3121.51,0,0,0,0,0,1,0,0,0,1,0,0,0,1,0,0,0,0,0,0,0
1,0,0,1,53,1,1,47.07,2492.25,0,1,1,0,0,1,0,0,0,0,0,0,0,0,0,1,0,0,0,0,0
0,0,1,0,21,1,1,44.48,927.02,0,1,0,1,1,0,1,0,1,0,1,0,1,0,1,0,0,0,0,1,0
0,0,1,0,12,1,1,32.55,385.4,0,0,0,0,0,0,0,1,0,1,0,0,0,0,0,1,0,0,0,1,0
0,0,0,0,47,0,0,119.6,5620.92,1,0,1,0,0,0,1,0,1,0,0,0,0,0,1,0,0,0,0,1,0
1,0,0,0,38,1,1,48.42,1837.14,0,1,1,0,0,0,0,0,0,0,1,0,0,1,0,0,0,0,0,0,1
1,0,0,0,14,1,1,30.76,419.05,0,0,0,0,0,0,0,0,0,1,0,0,1,0,0,0,0,0,0,0,0
0,0,0,0,47,1,0,32.1,1503.36,0,0,0,0,0,0,0,0,0,1,0,1,0,0,0,1,0,0,0,0,1
0,0,0,0,57,1,1,21.07,1219.14,0,1,0,0,0,1,0,0,1,0,1,0,0,1,0,1,0,0,0,1,0
1,0,1,0,25,1,1,39.51,964.27,0,0,0,0,0,0,0,0,0,0,0,0,0,1,0,0,1,0,0,1,0
0,0,0,0,8,1,1,108.59,865.09,0,0,0,0,0,0,0,1,0,0,0,0,1,0,0,1,0,0,1,0,0
0,0,1,0,56,1,0,58.36,3277.68,0,1,0,0,0,0,0,1,0,1,0,0,0,0,0,1,0,1,0,1,0
0,0,0,0,3,1,0,91.28,280.67,0,0,1,0,0,0,0,1,0,0,0,1,0,0,1,0,0,0,0,0,0
1,0,0,0,1,1,1,116.02,93.15,0,0,0,0,1,0,0,1,0,0,0,1,0,0,1,0,0,1,0,0,1
1,0,1,1,57,1,1,79.78,4541.36,0,0,0,1,1,0,1,0,1,0,1,0,1,0,1,0,0,0,0,1,0
1,0,0,1,13,1,1,38.28,499.14,0,0,0,0,0,0,0,0,0,0,0,0,0,0,0,1,1,0,1,0,0
0,0,1,0,48,1,0,63.24,3051.69,0,1,1,0,0,0,0,1,0,1,0,1,0,0,1,0,0,0,0,0,1
0,0,0,0,40,1,1,68.48,2743.92,0,0,0,1,1,0,1,0,1,0,1,0,1,0,1,0,0,0,0,0,0
0,0,1,0,37,1,0,31.96,1189.68,0,1,1,0,0,0,0,0,0,1,0,1,0,0,0,0,0,0,0,0,0
1,0,1,1,23,1,1,51.09,1185.22,0,1,1,0,0,1,0,0,1,0,0,0,0,1,0,0,1,0,0,1,0
0,0,1,0,69,1,1,63.88,4395.86,0,1,1,0,0,0,0,0,0,1,0,0,0,0,0,0,1,0,0,1,0
0,1,0,0,58,1,1,73.17,4229.71,0,0,0,0,0,1,0,0,0,0,0,0,0,0,0,1,0,0,0,0,1
1,1,0,0,33,1,0,108.12,3576.99,0,0,0,0,0,1,0,1,0,0,0,0,0,0,0,1,1,0,0,0,1
1,0,0,0,45,1,0,35.45,1611.98,0,1,0,0,0,0,0,1,0,0,0,1,0,0,0,0,1,0,1,0,0
0,0,0,0,11,1,1,59.14,635.19,0,1,1,0,0,0,0,1,1,0,0,1,0,1,0,0,0,0,0,0,1
0,0,0,1,14,0,1,115.79,1612.08,1,0,0,0,0,1,0,0,0,0,0,1,0,0,0,0,0,0,0,0,1
0,0,1,0,20,1,0,53.46,1080.05,0,1,0,1,1,0,1,0,1,0,1,0,1,0,1,0,0,1,1,0,0
1,0,0,0,29,1,1,81.82,2356.95,0,1,0,1,1,0,1,0,1,0,1,0,1,0,1,0,1,0,0,0,1
1,0,1,1,68,0,0,28.41,1935.56,1,0,0,0,0,1,0,0,0,0,0,1,0,0,0,1,0,0,0,0,1
0,0,0,0,16,1,1,23.04,352.68,0,0,1,0,0,0,0,0,0,1,0,0,0,0,0,1,0,1,0,0,1
1,0,0,1,53,1,0,52.14,2759.22,0,1,0,0,0,0,0,0,0,0,0,1,0,0,0,0,0,0,0,1,0
0,1,1,0,8,1,1,45.73,368.21,0,0,0,0,0,0,1,0,0,0,0,0,0,1,0,0,0,0,0,0,0
1,0,0,0,26,1,0,69.14,1808.34,0,1,1,0,0,0,0,0,0,0,0,1,0,1,0,0,0,0,0,0,0
1,1,1,1,72,1,0,44.77,3207.41,0,1,1,0,0,0,0,0,1,0,0,0,0,1,0,1,0,0,0,1,0
1,0,1,1,61,1,1,101.51,6175.3,0,1,1,0,0,0,0,0,1,0,0,0,0,1,0,0,0,0,0,0,0
0,0,0,1,63,1,0,101.48,6396.69,0,1,0,0,0,1,1,0,0,1,0,0,0,0,0,0,0,1,0,1,0
0,0,1,0,20,1,0,95.78,1918.79,0,1,1,0,0,1,0,0,0,0,0,0,0,0,0,0,1,0,0,0,1
1,0,1,0,57,1,0,76.82,4386.27,0,1,1,0,0,0,0,0,0,0,0,0,0,1,0,1,1,0,0,1,0
1,0,0,0,66,1,0,71.1,4693.5,0,1,0,0,0,1,0,0,0,0,0,1,0,0,0,0,1,0,1,0,0
1,0,1,0,56,1,1,62.55,3513.98,0,1,1,0,0,1,0,0,0,0,1,0,0,0,0,0,0,0,0,0,1
1,0,1,0,57,1,1,95.97,5471.1,0,1,1,0,0,0,0,1,0,0,0,0,0,0,0,1,0,1,0,0,0
1,0,1,1,12,1,1,97.41,1161.45,0,1,0,1,1,0,1,0,1,0,1,0,1,0,1,0,0,1,0,1,0
1,0,1,0,29,1,1,36.65,1071.99,0,1,1,0,0,1,0,0,0,1,0,1,0,0,1,0,0,1,0,0,1
1,0,0,1,11,1,0,80.99,886.56,0,1,1,0,0,0,0,1,0,0,0,1,0,0,0,0,0,1,0,0,0
1,0,1,0,42,1,0,44.79,1873.56,0,1,0,0,0,1,0,0,1,0,0,1,0,0,0,0,1,0,0,0,0
1,0,0,1,18,1,1,53.02,961.53,0,0,1,0,0,0,0,0,0,1,0,0,0,0,0,0,0,0,0,0,0
1,0,0,0,5,1,1,76.25,380.54,1,0,0,1,1,0,1,0,1,0,1,0,1,0,1,0,0,0,0,0,1
1,0,0,0,65,1,1,98.98,6423.71,0,0,0,1,1,0,1,0,1,0,1,0,1,0,1,0,0,0,1,0,0
0,0,0,0,10,1,0,92.7,923.09,0,0,0,0,0,0,0,0,0,0,0,0,0,0,0,0,0,1,0,1,0
1,0,0,1,49,1,0,33.94,1654.01,0,1,0,1,1,0,1,0,1,0,1,0,1,0,1,0,0,1,1,0,0
0,0,0,0,26,1,1,26.7,690.41,0,1,1,0,0,0,0,0,0,0,0,0,0,1,0,0,0,0,0,1,0
0,0,0,0,62,1,0,89.88,5570.22,0,1,0,1,1,0,1,0,1,0,1,0,1,0,1,0,0,0,0,0,0
0,0,1,0,11,1,1,47.3,513.8,0,0,1,0,0,0,1,0,0,1,0,0,0,0,0,0,0,0,0,0,1
1,0,1,0,43,1,1,106.04,4553.92,0,0,0,0,0,0,0,0,0,0,0,0,1,0,0,0,1,0,0,1,0
0,0,0,0,56,1,1,83.08,4661.85,0,0,1,0,0,0,0,0,1,0,0,1,0,0,0,0,0,0,0,0,0
0,1,0,1,45,1,0,24.43,1095.25,0,1,1,0,0,0,0,0,0,0,0,1,0,0,0,0,1,0,1,0,0
1,0,0,0,66,1,1,109.56,7233.41,0,0,1,0,0,0,0,0,0,1,0,0,0,0,0,1,0,0,1,0,0
1,0,0,0,38,1,0,43.16,1629.18,0,0,0,1,1,0,1,0,1,0,1,0,1,0,1,0,0,1,0,0,1
0,0,1,0,46,1,0,38.57,1774.02,0,1,1,0,1,0,0,0,0,0,0,0,0,1,0,0,0,0,0,0,1
0,0,0,0,32,1,1,98.68,3163.68,0,1,0,0,0,0,0,0,0,0,0,0,0,0,0,1,1,0,0,1,0
1,0,0,1,65,1,1,23.12,1500.88,0,1,0,0,0,0,0,0,0,0,1,0,0,0,0,0,0,0,0,1,0
0,0,0,1,42,1,1,115.2,4837.26,0,0,0,1,1,0,1,0,1,0,1,0,1,0,1,0,0,0,0,1,0
1,1,0,0,30,1,0,82.5,2453.15,0,1,0,0,0,1,0,0,0,1,1,0,0,0,0,1,0,0,1,0,0
0,0,1,1,53,1,1,39.87,2108.17,0,0,0,0,0,0,0,0,0,1,0,1,0,0,0,0,0,0,0,1,0
0,0,0,0,60,1,1,107.85,6464.63,0,1,0,0,0,0,0,0,0,1,0,0,0,0,0,1,0,0,0,0,0
0,0,0,1,67,1,0,23.53,1576.59,0,0,0,0,1,0,0,1,0,0,0,1,0,0,0,0,0,0,0,0,0
0,0,1,0,57,1,0,26.29,1497.65,0,0,0,0,0,1,0,0,1,0,0,1,0,0,0,0,0,0,0,0,0
1,1,1,0,71,1,0,68.53,4858.05,0,0,0,0,0,0,0,0,0,0,0,1,0,0,0,1,0,0,1,0,0
0,0,1,1,33,1,1,49.32,1610.17,0,0,0,0,0,0,1,0,0,0,1,0,1,0,0,0,0,0,0,1,0
1,0,1,0,26,1,1,20.59,543.88,0,1,1,0,0,1,0,0,0,0,0,1,0,1,0,0,1,0,0,0,1
1,0,0,0,56,1,0,28.0,1570.3,0,1,1,0,0,0,0,0,0,0,0,0,0,0,0,0,1,0,1,0,0
0,0,1,0,28,1,0,36.32,1006.7,0,0,0,1,1,0,1,0,1,0,1,0,1,0,1,0,1,0,0,0,0
1,0,0,0,59,1,1,95.25,5629.19,0,1,1,0,0,0,0,0,0,0,1,0,0,0,0,0,0,0,0,1,0
1,0,0,0,47,0,1,27.44,1296.75,1,0,0,0,0,1,0,0,0,0,0,0,0,0,0,0,1,0,0,0,0
0,0,0,0,15,1,0,67.94,1024.66,0,1,0,1,1,0,1,0,1,0,1,0,1,0,1,0,0,1,0,1,0
1,0,1,0,3,1,1,40.6,123.86,0,1,0,0,0,0,0,0,0,0,0,1,0,1,0,0,1,0,0,0,0
1,0,1,1,57,0,1,45.83,2592.75,1,0,0,0,0,0,0,1,0,1,0,0,0,0,0,0,0,1,0,0,1
1,0,1,0,5,1,1,88.79,437.6,0,0,1,0,0,1,0,1,0,0,0,0,0,0,0,0,1,0,0,1,0
1,0,0,0,52,0,1,40.75,2112.91,1,0,0,0,0,1,0,0,0,0,0,0,0,0,1,0,0,1,1,0,0
1,0,0,1,70,1,0,58.94,4124.61,0,0,0,0,0,0,0,0,0,0,1,0,0,1,0,1,0,0,0,0,0
0,0,0,0,47,1,1,79.79,3760.94,0,0,1,0,0,0,1,0,0,0,0,1,0,0,0,0,0,0,0,0,1
0,0,1,0,52,1,0,24.4,1258.64,0,0,0,0,0,1,0,1,0,1,0,1,0,1,0,1,0,0,0,0,0
1,1,0,0,40,1,0,42.09,1683.89,0,0,0,0,0,1,0,0,0,0,0,1,0,0,0,1,0,0,0,0,1
1,0,0,0,13,1,1,41.41,529.81,0,1,0,1,1,0,1,0,1,0,1,0,1,0,1,0,0,1,0,0,0
1,1,1,0,14,1,1,31.02,442.2,0,0,1,0,0,0,0,1,0,0,0,1,0,0,0,0,0,0,0,1,0
1,0,0,1,58,1,1,79.34,4596.15,0,0,1,0,0,1,0,0,0,0,0,0,0,0,1,0,0,0,1,0,0
1,0,0,0,43,0,1,69.45,2983.94,1,0,0,0,0,0,1,0,0,1,0,0,0,0,1,0,1,0,1,0,0
1,1,1,0,49,0,0,77.55,3806.05,1,0,0,0,0,0,0,0,0,0,0,0,0,0,0,0,0,0,0,0,0
1,0,1,1,30,1,1,76.7,2283.51,0,0,0,1,1,0,1,0,1,0,1,0,1,0,1,0,0,1,0,0,1
0,1,0,1,9,0,0,81.37,730.13,1,0,0,0,0,0,0,0,0,0,0,0,0,0,1,0,1,0,0,1,0
0,0,0,1,51,1,1,73.15,3737.49,0,1,0,0,0,0,0,1,0,0,0,1,0,0,0,0,0,0,0,0,0
1,0,0,1,65,1,1,54.19,3517.74,0,1,0,1,1,0,1,0,1,0,1,0,1,0,1,0,0,0,0,0,1
0,0,0,0,32,1,0,43.38,1367.09,1,0,1,0,1,0,0,0,0,0,0,1,0,0,0,0,0,0,1,0,0
1,0,1,1,8,1,1,57.4,466.49,1,0,1,0,1,0,1,0,0,0,0,0,0,0,1,0,1,0,0,0,1
1,0,1,1,16,1,1,57.62,890.5,0,1,0,1,1,0,1,0,1,0,1,0,1,0,1,0,0,0,0,0,0
0,0,1,0,27,1,1,91.26,2464.46,0,0,1,0,0,1,0,1,1,0,0,0,1,0,0,0,0,0,0,0,1
0,0,0,1,30,1,1,115.03,3463.14,0,0,1,0,0,0,1,0,0,1,0,1,0,1,0,0,0,0,1,0,0
1,0,1,0,62,1,0,119.82,7420.8,0,0,1,0,0,0,0,0,0,1,0,0,0,0,0,1,1,0,0,0,0
1,0,1,0,37,1,1,48.95,1803.24,1,0,1,0,0,1,0,0,0,0,0,1,0,0,1,0,0,1,1,0,0
0,1,0,0,17,1,1,60.11,1027.29,0,1,0,0,0,0,0,0,0,1,0,1,0,0,0,1,0,1,0,1,0
1,0,1,0,30,1,1,87.77,2655.82,0,0,0,0,0,1,0,0,0,0,0,0,0,0,0,0,0,0,1,0,0
0,0,0,0,52,1,0,116.98,6083.26,0,0,0,0,0,0,0,0,0,0,0,0,0,0,1,0,0,0,0,0,1
1,0,1,1,49,0,0,83.28,4084.23,1,0,1,0,0,0,0,1,0,0,0,1,0,0,0,1,1,0,0,1,0
1,0,0,0,1,1,0,59.95,91.28,0,0,0,0,0,0,0,0,0,0,0,1,0,0,1,0,0,0,0,0,0
0,0,0,1,50,1,1,94.14,4705.7,0,0,1,0,0,1,0,1,1,0,0,1,0,0,0,0,0,1,0,0,1
0,0,0,0,23,0,0,22.12,521.33,1,0,0,1,1,0,1,0,1,0,1,0,1,0,1,0,0,1,0,1,0
1,0,0,0,1,1,0,31.25,20.64,0,0,0,0,0,0,0,0,0,0,0,1,0,0,0,0,0,1,0,1,0
1,0,0,0,7,1,0,60.01,417.08,0,0,1,0,0,1,0,1,0,0,0,0,0,1,0,0,0,0,0,0,0
0,0,0,0,3,1,1,44.37,130.71,1,0,0,0,0,0,0,1,0,0,0,0,0,0,0,0,0,0,1,0,0
1,0,0,0,6,1,1,61.93,373.17,1,0,1,0,0,0,0,0,0,0,0,0,0,1,0,0,0,0,0,1,0
1,0,0,0,43,1,0,51.38,2214.64,0,1,0,1,1,0,1,0,1,0,1,0,1,0,1,0,0,0,0,1,0
1,0,1,1,51,1,1,35.52,1811.5,0,0,0,0,0,0,0,0,0,0,0,0,0,0,0,0,0,0,0,0,1
1,0,0,1,58,1,1,53.68,3130.54,0,1,1,0,0,1,0,1,0,0,0,1,0,0,0,0,0,0,0,1,0
1,0,0,0,29,1,0,67.68,1959.1,0,1,0,0,0,0,0,0,0,1,0,1,0,0,0,0,0,1,0,0,1
0,0,0,0,10,1,1,96.24,949.58,0,0,0,1,1,0,1,0,1,0,1,0,1,0,1,0,0,0,0,0,0
1,0,0,0,43,1,1,110.8,4761.29,0,0,0,0,0,1,0,0,0,1,0,0,0,0,0,0,0,0,1,0,0
0,0,1,1,35,1,1,48.48,1703.05,0,1,0,0,0,1,0,1,0,1,0,1,0,0,1,0,0,0,0,0,0
1,0,1,0,64,1,1,26.87,1721.4,0,1,1,0,0,1,0,0,0,0,0,0,0,0,0,0,0,1,1,0,0
0,0,0,0,30,1,1,46.8,1411.19,0,0,0,1,1,0,1,0,1,0,1,0,1,0,1,0,0,0,0,0,1
0,0,1,1,71,1,0,102.26,7262.49,0,1,0,0,0,0,0,0,0,0,0,0,0,0,0,0,0,1,0,0,0
0,0,0,1,70,1,1,53.25,3729.95,0,0,0,0,0,1,0,1,0,0,0,0,0,0,0,1,0,0,0,0,0
1,0,1,0,0,1,1,108.66,0.0,0,1,0,0,0,0,1,0,0,0,0,0,1,0,0,0,0,0,0,1,0
1,0,0,0,62,1,1,85.41,5284.72,0,0,0,0,0,1,0,0,0,0,0,1,0,0,0,0,0,0,1,0,0
0,0,1,0,40,1,1,74.03,2959.8,0,0,0,0,0,0,0,0,0,1,0,1,0,0,0,1,0,0,0,1,0
0,1,1,0,2,1,1,32.08,60.06,0,0,1,0,0,1,0,1,1,0,0,1,0,0,0,0,0,1,0,1,0
1,0,0,0,59,1,1,20.37,1226.52,0,0,0,1,1,0,1,0,1,0,1,0,1,0,1,0,0,1,1,0,0
1,0,0,0,34,1,1,93.23,3173.72,0,1,0,0,0,1,1,0,0,0,0,0,0,0,0,0,0,0,1,0,0
0,0,1,0,23,1,1,49.02,1122.89,0,0,0,1,1,0,1,0,1,0,1,0,1,0,1,0,1,0,0,0,1
0,0,0,0,52,1,1,74.96,3909.05,0,0,1,0,1,0,0,0,0,0,1,0,1,0,0,1,0,0,0,1,0
0,0,1,0,53,1,0,76.55,4046.08,0,0,0,1,1,0,1,0,1,0,1,0,1,0,1,0,0,0,0,0,1
1,0,0,1,5,1,1,59.59,291.35,0,1,1,0,0,0,0,0,0,0,0,0,0,0,1,0,1,0,1,0,0
1,0,0,0,5,1,1,51.14,255.95,0,1,0,0,0,1,0,0,0,1,0,0,0,1,0,0,0,0,0,1,0
0,1,1,0,67,1,1,118.46,7944.75,0,1,0,0,0,1,0,0,0,1,0,0,0,0,0,0,1,0,0,1,0
0,1,0,0,42,1,1,79.17,3330.62,0,1,1,0,0,0,1,0,0,0,0,0,0,0,0,1,0,0,1,0,0
1,0,1,0,13,1,1,117.36,1517.14,1,0,0,0,1,0,0,0,0,1,0,0,0,1,0,0,0,0,1,0,0
0,0,1,1,66,1,1,108.66,7174.29,1,0,1,0,0,0,0,0,0,1,0,0,0,0,0,1,0,0,0,0,1
1,0,1,1,8,1,1,98.41,790.57,0,1,1,0,0,0,0,0,0,1,0,0,0,0,1,0,0,1,0,0,1
1,0,1,0,20,0,0,34.98,693.9,1,0,0,0,0,0,1,0,0,0,0,0,0,0,0,0,0,1,0,0,1
1,0,1,1,21,1,1,116.29,2444.35,0,1,0,0,0,0,0,1,0,0,1,0,0,0,0,0,0,0,0,0,0
0,0,0,0,72,0,1,50.54,3639.67,1,0,0,0,1,0,0,0,0,0,0,1,1,0,0,0,0,0,0,0,0
0,0,1,0,48,1,1,31.94,1533.53,0,1,0,0,0,0,1,0,0,0,0,0,0,0,0,0,0,0,0,1,0
1,0,0,0,51,1,1,38.65,1978.25,0,0,0,1,1,0,1,0,1,0,1,0,1,0,1,0,0,0,1,0,0
0,0,1,1,50,1,1,29.22,1475.01,0,1,0,0,0,0,0,0,1,0,0,1,0,0,0,0,0,1,0,0,0
0,0,0,0,62,0,0,53.1,3278.35,1,0,1,0,0,0,1,0,0,0,0,0,0,1,0,1,0,0,1,0,0
1,0,1,0,5,1,0,79.68,393.22,0,0,0,0,0,0,0,1,0,0,0,0,1,0,0,0,0,0,0,0,0
1,0,1,0,16,1,0,54.3,865.59,0,0,0,0,0,0,0,0,0,0,0,0,0,0,0,0,0,1,0,0,1
0,0,1,0,50,0,1,23.66,1190.31,1,0,1,0,0,0,0,1,1,0,0,1,0,1,1,0,0,0,0,0,0
0,0,0,0,69,1,0,110.32,7633.91,0,1,1,0,0,0,0,0,0,1,0,0,0,0,0,0,0,1,1,0,0
0,0,1,1,51,1,0,106.01,5410.77,0,0,1,0,0,1,0,0,0,1,0,0,0,0,0,0,0,0,0,0,1
0,0,1,1,39,0,1,57.19,2234.65,1,0,0,0,0,1,0,0,0,1,0,0,0,0,0,1,0,0,1,0,0
0,0,0,0,62,0,1,115.41,7158.66,1,0,1,0,0,0,0,1,0,0,0,0,0,0,1,0,1,0,0,0,0
0,0,1,0,53,1,0,80.01,4221.12,0,1,0,0,0,0,0,1,0,0,0,1,0,1,0,0,0,0,1,0,0
0,0,0,0,43,1,0,74.21,3176.37,0,0,0,1,1,0,1,0,1,0,1,0,1,0,1,0,0,0,0,0,1
0,0,1,0,8,1,1,26.86,225.17,0,1,0,0,0,0,0,1,0,1,0,0,0,1,0,0,0,0,0,0,1
1,0,0,0,13,1,1,113.1,1487.53,1,0,1,0,0,0,0,0,0,0,0,0,0,0,0,1,1,0,0,0,1
0,0,1,0,23,0,1,31.41,739.86,1,0,1,0,0,1,0,1,0,0,0,0,1,0,0,1,1,0,1,0,0
1,0,1,0,6,1,0,77.57,452.18,0,0,1,0,0,0,0,0,0,1,0,0,0,1,1,0,0,0,0,0,1
0,0,1,1,66,1,0,97.97,6480.81,1,0,1,0,1,0,0,0,0,0,0,0,1,0,0,0,0,0,1,0,0
0,1,0,0,25,1,1,80.05,1994.86,0,1,1,0,0,0,1,0,0,0,0,0,0,0,0,0,0,0,0,1,0
1,0,1,0,48,1,1,21.98,1063.79,0,0,0,1,1,0,1,0,1,0,1,0,1,0,1,0,0,0,0,0,1
0,0,1,0,38,0,1,91.83,3494.67,1,0,0,0,0,1,0,0,0,0,0,1,0,0,0,0,0,0,0,1,0
0,0,1,1,39,1,1,91.05,3552.12,0,1,0,0,0,0,0,1,0,1,0,0,0,0,0,0,1,0,1,0,0
0,0,0,0,14,1,1,106.84,1485.15,1,0,1,0,0,0,0,1,0,0,0,0,0,1,1,0,0,0,0,0,0
0,0,0,0,37,1,1,90.33,3347.7,0,1,1,0,0,0,0,1,1,0,0,0,0,1,0,1,0,0,0,0,1
0,0,0,1,52,1,1,69.57,3625.76,0,0,1,0,0,0,0,0,0,1,0,0,0,0,0,0,0,0,0,1,0
1,0,1,1,23,1,1,83.44,1927.07,0,1,0,0,0,0,0,1,0,0,0,0,0,0,0,1,0,0,0,0,1
0,1,1,0,5,1,0,92.94,463.02,0,1,1,0,0,1,0,1,0,1,0,0,1,0,1,0,0,0,1,0,0
1,0,0,0,25,1,0,81.66,2043.55,0,0,0,0,0,1,0,0,0,0,0,1,0,0,0,0,0,0,0,0,1
0,0,0,0,50,1,1,116.15,5825.04,0,0,1,0,0,0,0,0,0,0,0,0,0,0,0,1,0,0,0,1,0
1,1,1,1,17,0,1,68.74,1163.6,1,0,0,1,1,0,1,0,1,0,1,0,1,0,1,0,1,0,0,1,0
0,1,1,0,29,1,1,58.66,1693.48,0,1,0,0,0,0,0,0,0,0,0,1,0,0,0,1,1,0,1,0,0
1,0,1,0,37,1,0,35.14,1295.14,0,0,1,0,0,0,0,0,0,1,0,0,0,1,0,0,1,0,1,0,0
1,0,0,0,6,1,1,110.0,643.37,0,0,1,0,0,1,0,1,0,1,0,0,0,0,0,0,0,1,1,0,0
0,0,1,0,3,1,1,97.89,284.62,0,1,1,0,0,0,0,0,0,1,0,0,0,0,0,0,0,0,0,0,0
0,0,0,0,12,1,1,91.25,1091.32,0,1,1,0,1,0,0,0,0,0,0,1,0,0,0,0,0,0,1,0,0
1,0,1,1,39,1,1,25.75,1013.44,0,1,0,0,0,0,0,0,0,0,0,0,0,1,0,0,0,0,0,0,1
0,0,0,1,64,1,1,73.56,4690.62,1,0,1,0,0,0,0,0,0,0,1,0,0,0,0,0,1,0,0,0,0
0,0,1,0,23,1,1,22.67,514.66,0,1,1,0,0,0,0,0,1,0,0,0,0,1,0,1,1,0,1,0,0
0,0,1,0,62,1,1,104.05,6469.56,0,1,0,1,1,0,1,0,1,0,1,0,1,0,1,0,0,1,1,0,0
0,0,1,0,13,1,1,20.48,279.18,0,1,0,1,1,0,1,0,1,0,1,0,1,0,1,0,0,0,0,0,0
1,0,1,0,51,1,1,83.82,4280.51,0,1,0,0,0,0,0,0,1,0,0,0,0,0,0,0,0,1,0,0,0
0,0,0,1,11,1,1,100.57,1120.24,0,0,1,0,0,0,0,0,0,0,0,0,0,1,0,1,0,1,1,0,0
1,0,0,0,25,1,1,80.2,2015.98,0,0,1,0,0,1,0,0,0,0,0,1,0,0,0,1,1,0,0,0,0
0,0,0,1,17,1,1,54.37,935.27,0,1,0,0,1,0,0,0,0,0,0,1,0,0,0,1,0,1,0,1,0
0,1,1,0,26,1,0,112.2,2901.56,0,1,0,0,0,0,0,0,0,0,0,0,0,0,0,0,0,0,0,0,0
1,0,0,0,62,1,1,109.97,6814.69,0,1,0,0,0,0,0,0,1,0,0,1,0,0,0,1,1,0,1,0,0
1,0,1,0,11,1,1,45.99,480.92,0,1,1,0,0,1,0,0,0,0,0,0,0,0,0,1,0,1,0,0,1
1,0,1,0,49,1,1,22.14,1095.58,0,1,0,0,0,0,0,0,0,0,0,1,0,0,0,1,0,0,0,0,1
0,0,1,0,24,1,1,70.69,1690.6,0,0,0,0,0,0,0,0,0,1,0,0,0,0,0,1,0,1,1,0,0
0,0,0,0,20,1,1,27.81,566.46,0,0,0,1,1,0,1,0,1,0,1,0,1,0,1,0,0,0,1,0,0
1,0,1,0,25,1,0,40.03,984.72,0,0,0,0,0,0,0,1,0,0,0,1,0,1,0,1,1,0,0,0,1
1,0,1,0,28,1,0,70.75,1969.91,0,0,1,0,0,0,0,1,0,0,0,0,0,0,0,1,0,0,0,0,0
0,0,1,0,56,1,0,60.96,3432.63,1,0,1,0,0,0,0,0,0,0,0,0,0,1,0,1,0,0,1,0,0
0,0,1,0,31,1,1,74.15,2299.49,0,0,1,0,1,0,0,1,0,0,0,0,0,0,0,0,0,0,0,0,1
0,0,0,0,24,1,0,89.8,2159.43,0,0,0,0,1,0,0,0,0,0,0,0,0,0,0,0,0,0,1,0,0
1,0,0,0,46,1,1,79.58,3663.5,0,1,0,0,0,1,0,0,0,0,1,0,0,0,1,0,1,0,0,0,1
0,0,1,0,27,1,0,97.99,2658.37,0,1,1,0,0,1,0,1,0,0,0,0,0,0,0,0,1,0,0,1,0
1,0,0,0,67,1,1,109.5,7323.86,1,0,1,0,0,0,0,0,0,0,0,1,0,1,0,0,0,1,0,0,1
0,0,1,0,42,1,1,68.27,2875.24,0,0,1,0,0,1,0,0,0,0,0,0,0,1,0,0,1,0,0,0,1
1,1,1,0,3,1,1,46.96,137.58,1,0,0,1,1,0,1,0,1,0,1,0,1,0,1,0,1,0,0,0,1
1,0,0,0,5,1,1,51.58,241.62,0,1,1,0,0,0,0,1,0,0,0,1,0,1,0,0,0,0,1,0,0
0,0,0,0,63,1,1,111.03,6990.38,0,0,1,0,0,0,0,1,0,0,0,0,0,0,0,0,0,0,0,0,1
1,0,0,1,23,1,1,37.28,844.16,0,1,0,1,1,0,1,0,1,0,1,0,1,0,1,0,0,0,0,0,1
1,0,1,0,11,1,1,112.96,1255.05,1,0,0,1,1,0,1,0,1,0,1,0,1,0,1,0,0,0,0,1,0
0,0,1,0,58,1,1,49.53,2876.86,0,0,0,0,0,0,0,0,1,0,0,0,1,0,1,0,0,0,0,0,1
1,0,1,0,23,1,0,21.53,489.87,0,1,0,0,0,0,0,0,0,0,1,0,1,0,0,1,0,1,0,0,1
0,0,0,0,28,0,1,40.12,1122.21,1,0,1,0,0,1,0,1,0,1,0,1,0,1,0,0,1,0,0,0,1
0,0,0,1,45,1,0,99.2,4471.62,0,1,1,0,0,0,0,0,0,0,0,1,0,1,0,0,0,0,1,0,0
1,0,0,1,21,1,0,89.0,1869.16,0,1,0,0,0,0,0,0,0,1,0,0,0,0,0,0,1,0,1,0,0
1,0,1,1,6,1,1,22.87,131.92,0,1,0,0,0,0,0,0,1,0,0,0,0,0,0,1,0,0,0,0,0
1,0,0,1,51,1,0,91.23,4655.65,0,1,1,0,0,1,1,0,0,0,0,0,0,0,0,1,0,0,0,0,0
1,0,1,0,43,1,1,29.4,1287.65,0,0,0,1,1,0,1,0,1,0,1,0,1,0,1,0,0,1,0,0,1
0,0,1,1,62,1,1,65.92,4077.8,0,1,0,0,0,0,0,0,0,0,0,0,0,0,0,1,1,0,0,0,1
1,0,0,1,41,1,0,104.2,4283.35,0,1,0,0,0,0,0,0,0,0,0,0,0,1,0,0,0,1,0,1,0
0,0,1,1,72,1,1,111.48,8020.34,0,1,0,1,1,0,1,0,1,0,1,0,1,0,1,0,0,0,0,0,0
1,0,1,0,12,1,1,102.87,1236.89,0,1,1,0,0,0,1,0,0,0,0,1,0,0,0,0,0,0,0,0,0
1,0,0,0,63,1,1,61.41,3872.18,0,1,0,1,1,0,1,0,1,0,1,0,1,0,1,0,0,0,0,0,0
0,0,1,0,31,1,0,75.55,2351.81,0,1,1,0,0,0,0,0,0,0,1,0,0,0,0,0,1,0,0,0,1
0,0,1,0,41,1,0,24.37,999.12,0,1,0,0,1,0,0,0,0,0,0,0,0,1,0,0,0,0,0,1,0
1,0,0,1,0,1,0,103.3,3.96,0,0,1,0,0,1,0,1,0,0,0,1,0,0,0,1,0,0,0,0,1
1,0,1,1,50,1,1,29.04,1462.65,0,0,1,0,1,0,0,0,0,0,0,0,0,1,0,0,0,0,0,0,1
0,0,1,0,18,1,0,108.07,1941.48,0,0,0,0,0,1,0,0,0,1,1,0,0,0,0,0,0,0,1,0,0
1,0,0,0,11,1,1,53.4,570.98,0,1,0,1,1,0,1,0,1,0,1,0,1,0,1,0,0,0,0,1,0
1,1,1,0,60,1,0,62.39,3744.67,0,0,1,0,0,0,0,0,0,0,0,0,0,0,0,0,0,0,0,1,0
0,0,1,0,70,1,1,49.5,3467.77,0,1,1,0,0,0,0,0,0,0,0,0,0,1,0,1,1,0,0,1,0
0,0,1,1,0,1,1,115.06,0.0,0,1,1,0,0,0,0,0,0,0,0,0,0,1,0,1,0,0,1,0,0
1,0,0,1,48,1,0,112.36,5397.04,0,0,0,0,0,0,0,0,0,1,0,1,0,0,0,0,0,0,0,0,0
1,0,0,0,0,1,0,40.25,17.1,0,1,1,0,0,0,0,0,0,0,0,0,0,0,0,0,1,0,0,0,1
1,0,0,0,43,1,0,57.46,2456.64,1,0,1,0,0,0,0,1,0,1,0,0,0,0,0,0,1,0,0,0,0
1,0,0,0,29,1,1,73.2,2138.02,0,0,0,1,1,0,1,0,1,0,1,0,1,0,1,0,0,1,0,0,0
1,0,0,1,27,1,1,101.95,2762.11,0,1,0,1,1,0,1,0,1,0,1,0,1,0,1,0,1,0,0,0,1
0,0,0,0,60,1,1,71.17,4280.99,0,0,0,0,0,0,0,0,0,0,0,0,0,0,0,0,0,0,1,0,0
1,1,0,0,29,1,0,112.93,3280.66,0,1,0,1,1,0,1,0,1,0,1,0,1,0,1,0,0,1,0,0,0
1,0,1,0,20,1,1,30.82,612.43,0,0,1,0,0,0,0,0,1,0,1,0,0,1,0,1,1,0,0,1,0
0,0,0,1,3,1,1,51.62,168.32,0,0,0,0,1,0,1,0,0,0,0,0,1,0,0,0,0,1,0,0,1
0,0,0,1,34,1,1,101.99,3477.81,0,1,1,0,0,1,1,0,0,0,0,0,0,0,0,0,0,0,1,0,0
0,0,1,1,52,1,1,112.97,5856.34,0,1,0,0,0,0,0,0,0,0,0,0,0,1,0,0,0,0,0,0,0
1,0,0,0,10,1,1,75.28,753.42,0,0,0,1,1,0,1,0,1,0,1,0,1,0,1,0,0,1,0,1,0
1,0,1,1,15,1,0,101.95,1545.23,0,0,0,0,0,1,0,1,0,0,0,1,0,0,0,1,0,0,0,0,0
0,1,0,0,47,1,1,73.38,3450.84,1,0,0,0,0,0,0,0,0,0,0,1,0,1,0,0,0,0,0,0,1
0,0,0,1,61,1,1,86.7,5281.2,0,0,0,0,0,0,0,0,0,1,0,0,0,1,0,0,0,0,0,0,0
0,0,0,0,48,1,1,64.08,3064.85,0,1,0,0,0,0,0,1,0,0,0,1,0,0,0,1,0,1,0,1,0
1,0,0,0,21,1,0,35.51,740.65,0,0,0,0,0,1,0,0,0,0,0,0,0,0,0,0,0,0,1,0,0
0,0,0,1,54,1,0,44.19,2395.4,0,0,1,0,1,0,0,1,0,0,1,0,0,1,0,0,0,0,0,0,0
1,0,1,0,43,1,0,81.15,3488.77,0,0,0,0,0,0,0,0,0,0,0,1,0,0,0,0,1,0,1,0,0
1,0,1,0,53,1,0,117.67,6240.68,0,1,0,1,1,0,1,0,1,0,1,0,1,0,1,0,0,0,1,0,0
1,1,1,0,14,1,0,103.75,1450.94,0,0,0,1,1,0,1,0,1,0,1,0,1,0,1,0,0,0,1,0,0
1,0,0,0,58,1,1,80.77,4709.9,0,1,1,0,0,0,0,0,0,1,0,1,0,0,0,0,1,0,1,0,0
0,0,0,0,18,1,0,48.02,860.8,0,0,0,0,0,0,0,0,0,1,0,0,0,0,0,0,1,0,0,0,0
0,0,0,0,5,1,1,94.19,462.84,0,1,0,0,0,0,0,0,0,0,0,1,0,1,0,0,1,0,0,1,0
0,0,1,0,64,1,0,38.19,2429.95,0,0,0,0,0,0,0,0,0,0,0,1,0,0,0,0,0,1,0,0,1
0,0,1,0,71,1,1,97.77,6944.15,1,0,0,0,0,0,0,1,0,0,0,0,0,0,0,0,0,1,1,0,0
1,0,1,0,31,0,1,89.58,2788.94,1,0,1,0,0,0,0,0,0,0,0,1,0,1,0,0,0,0,1,0,0
1,1,0,0,42,0,0,26.17,1099.05,1,0,0,0,0,1,0,1,0,1,0,1,0,1,0,0,0,0,1,0,0
1,1,1,1,43,1,0,96.96,4173.93,0,1,0,0,1,0,0,0,0,0,0,1,0,1,0,0,0,1,0,0,0
0,0,1,1,14,1,0,33.54,459.92,1,0,1,0,0,0,0,0,0,1,0,1,0,0,0,0,0,0,0,1,0
1,0,0,0,70,1,1,82.6,5788.11,0,0,1,0,0,1,0,0,0,0,0,0,0,0,0,0,0,1,0,1,0
1,0,0,0,11,1,0,24.65,253.11,0,1,0,0,0,1,0,1,0,0,0,1,0,1,1,0,1,0,0,0,1
1,0,0,0,53,1,0,106.25,5627.14,0,1,0,0,0,0,0,0,0,1,0,1,0,0,0,0,0,0,0,0,0
0,0,0,0,50,1,0,64.43,3201.89,1,0,0,0,1,0,1,0,0,1,0,0,1,0,1,0,0,1,0,0,0
0,0,0,0,44,1,0,31.03,1370.58,1,0,1,0,0,0,0,0,0,1,0,0,0,0,0,0,0,0,0,0,0
1,0,0,1,16,1,0,76.34,1244.51,0,0,0,0,0,1,0,0,0,0,0,0,0,0,0,0,0,0,0,0,1
1,0,1,0,71,1,1,72.9,5184.01,0,0,0,0,0,0,0,0,0,0,0,0,0,0,0,0,1,0,0,1,0
0,0,0,0,29,1,0,58.42,1701.26,0,0,0,0,0,0,0,0,0,1,0,0,0,1,0,0,0,0,0,0,1
1,0,0,1,19,1,1,28.44,540.81,0,0,0,0,0,0,0,0,0,1,1,0,1,0,0,0,0,0,0,1,0
0,0,0,1,52,1,1,100.91,5268.16,0,0,0,0,0,0,0,0,0,0,0,0,0,1,1,0,0,0,1,0,0
0,0,1,1,53,1,0,99.25,5253.63,0,0,0,1,1,0,1,0,1,0,1,0,1,0,1,0,0,1,1,0,0
1,0,1,0,3,0,1,90.44,287.54,1,0,0,0,0,0,0,1,0,0,0,1,0,1,0,0,0,0,0,1,0
0,0,1,0,62,1,0,111.03,6883.7,0,1,0,0,0,0,0,1,0,0,1,0,0,0,0,1,0,0,0,0,1
0,1,0,0,29,1,1,85.89,2506.65,0,1,1,0,0,0,0,0,0,0,0,1,0,1,0,0,0,0,0,1,0
1,0,0,1,31,1,1,116.69,3632.87,0,0,0,1,1,0,1,0,1,0,1,0,1,0,1,0,0,0,1,0,0
0,0,0,1,29,1,1,108.51,3142.48,0,0,0,1,1,0,1,0,1,0,1,0,1,0,1,0,0,0,0,1,0
0,0,1,1,18,1,0,95.67,1717.64,0,0,1,0,0,0,0,0,1,0,0,1,0,1,0,0,1,0,0,0,0
1,0,0,1,14,1,0,23.98,327.98,0,0,1,0,0,0,0,0,0,0,0,1,0,0,0,0,1,0,0,0,1
1,1,1,0,26,1,1,116.51,3028.2,0,0,0,0,0,0,0,0,1,0,0,0,1,0,0,0,1,0,0,1,0
1,0,0,0,32,1,1,45.11,1453.78,0,0,0,0,0,0,0,1,0,1,0,0,0,1,0,0,0,0,0,1,0
1,0,0,0,72,1,1,51.74,3735.07,0,0,1,0,0,1,0,1,0,0,0,0,0,0,0,1,0,1,1,0,0
0,0,1,0,24,1,1,28.53,678.93,0,0,0,0,0,1,0,0,0,0,0,0,0,0,0,0,0,0,0,1,0
1,0,1,1,67,0,1,114.75,7699.98,1,0,0,0,0,0,0,0,0,0,1,0,0,0,0,1,0,1,0,0,1
1,0,1,0,31,1,1,54.96,1709.22,1,0,0,1,1,0,1,0,1,0,1,0,1,0,1,0,0,0,0,0,1
1,0,1,0,34,1,0,39.78,1343.54,0,1,0,0,0,0,0,0,0,0,0,0,0,0,0,1,0,1,0,0,1
1,0,0,0,41,1,1,70.37,2884.52,0,0,1,0,0,1,0,0,0,0,0,0,1,0,0,1,0,0,0,1,0
0,0,0,0,47,1,0,31.55,1507.59,0,1,1,0,0,0,0,0,0,1,0,1,0,1,0,0,1,0,0,1,0
1,0,0,1,67,1,0,38.67,2596.19,0,1,0,0,0,1,0,0,0,0,0,0,0,0,0,0,0,1,0,0,1
1,1,1,1,47,1,1,110.5,5192.12,0,0,0,0,0,1,0,0,0,1,0,0,1,0,0,0,0,0,0,0,1
1,0,0,0,28,1,0,22.51,639.59,0,0,0,0,1,0,0,1,0,0,0,0,0,1,0,0,0,1,1,0,0
1,0,0,0,32,1,1,119.44,3808.12,0,1,1,0,0,0,0,0,0,0,0,0,0,0,0,1,0,0,0,0,1
0,0,0,0,0,1,0,36.25,0.0,0,1,0,0,0,1,0,0,0,0,0,0,0,1,0,0,0,0,0,1,0
1,0,1,1,65,1,1,84.18,5492.36,0,0,0,0,0,0,1,0,0,0,0,0,0,0,0,1,0,0,0,1,0
0,0,1,1,71,1,0,95.42,6761.36,1,0,1,0,0,1,0,0,0,0,0,1,0,0,0,1,0,0,0,1,0
1,0,1,0,67,1,0,119.1,7989.87,0,1,0,1,1,0,1,0,1,0,1,0,1,0,1,0,0,0,0,1,0
0,1,1,0,70,1,0,110.04,7700.35,0,1,0,0,0,0,0,0,0,0,1,0,1,0,0,0,0,0,1,0,0
0,1,1,0,32,1,0,76.55,2454.13,1,0,0,1,1,0,1,0,1,0,1,0,1,0,1,0,0,0,1,0,0
0,0,1,0,28,1,1,37.77,1055.42,0,1,0,1,1,0,1,0,1,0,1,0,1,0,1,0,0,0,0,0,1
1,0,1,0,57,1,0,73.18,4165.87,0,0,0,1,1,0,1,0,1,0,1,0,1,0,1,0,0,0,0,0,0
0,0,1,0,14,1,0,87.41,1233.32,0,1,0,1,1,0,1,0,1,0,1,0,1,0,1,0,0,0,0,0,1
1,0,1,0,56,1,1,89.95,5039.98,0,1,0,0,0,1,1,0,0,1,0,1,0,1,0,0,0,0,1,0,0
1,0,1,0,35,1,1,85.96,2986.38,0,1,0,1,1,0,1,0,1,0,1,0,1,0,1,0,0,0,0,0,1
1,0,1,0,71,1,1,42.61,3013.51,0,0,0,1,1,0,1,0,1,0,1,0,1,0,1,0,0,0,0,1,0
0,0,1,0,1,1,1,59.04,51.34,1,0,0,0,0,0,0,0,0,1,0,0,0,1,0,0,0,0,1,0,0
1,1,0,0,26,1,1,50.04,1282.61,0,0,1,0,0,0,1,0,0,1,0,0,0,1,0,1,0,0,0,1,0
0,0,0,0,48,1,0,112.91,5448.5,0,0,1,0,0,0,0,0,0,0,0,0,0,0,0,0,1,0,0,1,0
0,1,1,0,63,1,1,117.28,7398.55,0,1,1,0,0,0,0,0,0,0,0,0,0,0,0,0,0,1,0,0,1
1,0,0,1,53,1,0,41.22,2171.83,0,0,1,0,0,0,1,0,0,0,0,1,0,0,0,0,0,0,0,0,0
0,1,1,0,37,1,1,59.61,2214.34,0,1,0,0,0,0,0,0,0,0,0,1,0,1,0,0,0,1,0,0,0
1,0,0,1,5,1,1,70.77,366.0,0,1,0,1,1,0,1,0,1,0,1,0,1,0,1,0,1,0,1,0,0
0,0,1,1,32,0,0,55.22,1770.36,1,0,0,1,1,0,1,0,1,0,1,0,1,0,1,0,0,0,1,0,0
1,0,0,0,35,1,1,49.51,1739.2,0,0,1,0,0,0,0,0,0,1,0,0,0,1,1,0,1,0,1,0,0
1,0,0,0,71,1,0,25.51,1804.42,0,0,0,0,0,1,0,0,0,0,0,1,0,0,0,0,0,0,0,0,0
0,0,1,0,8,1,1,20.42,155.67,0,0,1,0,0,0,0,0,0,1,0,0,0,0,0,0,0,0,1,0,0
1,0,0,0,20,1,1,118.51,2361.39,0,0,1,0,1,0,0,0,0,0,1,0,0,1,0,0,0,0,0,1,0
0,0,0,0,55,1,1,88.24,4846.47,0,1,1,0,0,0,0,0,0,1,0,0,0,0,1,0,1,0,0,0,1
1,0,0,1,41,1,0,36.81,1508.72,0,0,0,0,0,0,0,1,0,0,0,0,0,0,0,0,0,0,0,0,1
0,1,0,0,71,0,1,73.68,5207.22,1,0,0,0,0,0,0,1,0,0,0,0,0,0,0,0,0,0,1,0,0
0,0,1,0,40,1,1,23.91,957.82,0,0,0,0,0,0,0,1,0,0,0,0,0,1,0,0,0,0,0,0,1
1,0,0,0,68,1,1,110.71,7534.43,0,0,0,1,1,0,1,0,1,0,1,0,1,0,1,0,0,0,0,1,0
0,0,0,1,21,1,1,35.35,739.79,0,0,0,0,0,0,0,1,0,0,0,0,0,1,0,1,0,0,1,0,0
1,0,0,1,63,1,0,27.21,1706.05,0,0,0,1,1,0,1,0,1,0,1,0,1,0,1,0,1,0,0,1,0
0,0,0,0,7,1,0,93.26,666.48,0,0,0,0,0,0,0,0,0,0,0,0,0,0,0,0,0,0,0,1,0
1,0,1,0,43,1,1,93.37,4012.11,0,0,0,1,1,0,1,0,1,0,1,0,1,0,1,0,0,0,0,0,1
1,0,0,0,63,1,1,49.95,3146.53,0,0,1,0,0,1,0,0,0,1,0,0,1,0,0,0,0,0,1,0,0
0,0,1,0,63,1,1,81.02,5095.93,0,0,1,0,0,0,0,1,0,0,0,0,0,0,0,1,0,0,0,1,0
1,1,0,0,47,1,0,102.66,4811.33,0,1,1,0,0,0,0,1,0,0,0,0,0,1,0,0,1,0,0,1,0
1,1,0,0,4,1,1,50.14,189.72,0,1,0,0,0,0,0,0,0,0,0,1,0,0,0,1,0,1,0,1,0
0,0,1,0,41,1,0,35.05,1411.23,0,1,0,0,0,0,0,1,1,0,0,1,0,1,0,0,0,0,0,0,0
0,0,0,0,37,0,0,91.86,3381.09,1,0,0,1,1,0,1,0,1,0,1,0,1,0,1,0,0,0,0,1,0
1,0,0,0,44,1,1,35.66,1564.44,0,1,1,0,0,1,0,1,0,0,0,0,0,1,1,0,1,0,0,0,1
1,0,0,1,37,1,0,35.49,1332.5,0,0,1,0,0,0,0,0,0,0,0,0,0,0,0,1,0,0,0,0,1
1,0,0,0,59,1,1,78.3,4620.06,0,0,0,1,1,0,1,0,1,0,1,0,1,0,1,0,0,0,0,0,1
1,0,1,0,45,1,1,68.77,3099.96,0,1,0,0,0,0,0,0,0,0,0,0,0,1,0,1,0,0,0,0,0
0,0,1,0,33,1,1,109.95,3632.08,0,1,1,0,0,0,0,1,0,0,1,0,0,0,0,0,0,0,0,0,0
0,0,1,0,55,1,1,106.15,5842.59,0,1,1,0,0,0,0,1,1,0,0,0,0,0,0,0,0,0,0,0,1
1,0,1,0,35,1,1,26.1,924.64,0,0,1,0,0,1,0,0,0,0,0,1,0,0,0,0,1,0,1,0,0
1,0,1,0,72,1,1,119.03,8571.25,0,0,0,0,1,0,0,0,0,0,0,1,0,0,0,1,0,1,0,1,0
1,0,1,0,67,1,0,31.73,2143.54,1,0,1,0,0,1,0,0,0,0,0,0,0,0,0,1,0,0,0,0,0
1,0,1,0,30,1,1,37.64,1128.98,0,1,0,1,1,0,1,0,1,0,1,0,1,0,1,0,0,0,0,1,0
1,0,1,0,8,1,0,45.83,367.71,0,1,0,0,1,0,0,1,0,0,0,0,0,0,0,0,0,1,1,0,0
0,0,0,0,37,1,1,56.28,2087.15,0,0,1,0,0,0,0,0,0,0,1,0,0,1,0,0,0,0,0,0,0
0,1,1,0,28,1,1,38.62,1093.75,0,1,0,0,1,0,0,0,0,0,0,0,0,0,1,0,0,0,1,0,0
0,0,1,1,64,1,1,89.95,5741.28,0,0,0,0,0,0,0,1,0,1,1,0,0,0,0,1,1,0,0,0,1
1,1,0,0,12,1,1,36.12,428.19,0,1,1,0,0,0,0,0,0,0,0,0,0,0,0,0,0,0,1,0,0
0,0,1,0,12,1,0,116.64,1396.59,0,1,1,0,0,0,0,0,0,1,0,0,0,0,0,0,0,1,0,0,0
0,0,0,0,4,1,0,110.48,426.08,0,0,1,0,0,0,0,1,0,0,0,0,0,1,0,0,0,0,0,1,0
1,0,0,0,36,1,0,106.98,3840.47,0,0,0,1,1,0,1,0,1,0,1,0,1,0,1,0,0,0,0,0,0
1,0,0,1,50,1,0,26.97,1342.28,0,0,0,0,0,0,0,0,0,0,1,0,1,0,0,1,1,0,0,0,1
1,0,0,0,35,1,1,94.03,3280.5,0,1,1,0,0,0,1,0,0,0,0,0,0,1,0,1,1,0,0,0,0
0,0,1,1,50,1,1,78.42,3915.57,0,0,0,0,0,1,0,0,0,1,0,0,0,1,0,0,0,0,1,0,0
0,1,0,1,36,0,1,110.09,3958.65,1,0,1,0,0,1,0,0,1,0,0,1,0,0,0,0,1,0,1,0,0
0,0,0,0,30,1,1,90.51,2718.51,0,0,1,0,0,0,0,0,0,0,0,1,0,0,0,0,0,1,1,0,0
0,0,0,0,26,1,1,107.13,2787.04,0,1,0,0,0,0,0,1,0,0,0,0,0,0,0,0,0,0,0,0,0
1,1,1,0,21,1,1,72.09,1514.37,0,1,1,0,0,1,1,0,0,1,0,0,0,1,0,0,0,0,0,0,0
0,0,1,0,72,0,1,32.39,2309.92,1,0,0,1,1,0,1,0,1,0,1,0,1,0,1,0,0,0,0,0,0
1,0,1,0,0,1,1,88.6,0.0,0,1,0,0,1,0,0,0,0,1,0,0,1,0,0,0,1,0,0,1,0
0,0,1,0,7,1,1,104.11,720.07,0,1,0,1,1,0,1,0,1,0,1,0,1,0,1,0,0,0,0,0,1
1,0,0,1,31,1,1,103.5,3197.52,0,0,1,0,0,0,1,0,0,0,1,0,1,0,0,1,0,0,0,0,1
0,0,0,0,35,0,0,50.45,1767.92,1,0,1,0,0,1,1,0,0,0,0,0,0,0,0,0,0,0,1,0,0
0,0,0,0,6,1,1,116.04,690.54,0,1,1,0,0,0,0,0,0,0,0,0,0,1,0,1,0,0,0,0,1
1,0,0,0,52,0,1,115.84,6025.98,1,0,0,0,0,0,0,1,0,0,0,1,0,0,0,1,0,1,1,0,0
1,0,0,0,72,1,1,110.74,7971.04,1,0,1,0,0,1,0,0,0,1,0,0,0,0,0,0,0,0,1,0,0
1,0,1,0,15,1,1,91.11,1367.93,0,0,1,0,0,0,0,0,0,0,0,0,0,0,0,0,0,0,0,0,0
0,0,1,0,59,1,1,70.59,4160.76,0,1,0,0,0,1,0,0,0,0,0,0,0,0,0,0,0,0,0,0,1
1,0,0,0,25,1,1,21.4,551.09,1,0,0,1,1,0,1,0,1,0,1,0,1,0,1,0,0,0,0,0,1
0,0,0,0,66,1,0,60.53,3984.15,0,1,0,0,1,0,0,1,0,0,0,0,1,0,0,1,0,1,1,0,0
0,0,0,0,8,1,1,53.42,412.6,0,1,0,0,0,0,0,1,0,1,0,1,0,0,0,0,0,0,1,0,0
0,0,1,0,59,1,1,53.73,3181.38,0,0,0,0,0,1,1,0,0,1,0,1,0,0,0,0,0,1,0,1,0
1,0,0,0,68,0,1,65.32,4431.61,1,0,0,1,1,0,1,0,1,0,1,0,1,0,1,0,0,1,0,1,0
1,0,1,0,72,1,0,111.89,8063.7,0,0,0,0,0,0,0,0,0,1,0,0,1,0,1,0,0,0,0,0,1
1,0,1,0,3,1,0,99.43,302.57,0,1,0,0,0,0,0,0,0,0,0,1,0,0,0,1,0,0,0,0,0
0,0,0,0,40,1,1,85.33,3421.97,0,0,0,0,0,0,0,0,0,1,0,0,0,1,0,0,0,0,0,0,0
1,0,1,0,21,1,1,55.65,1180.79,0,1,0,0,0,0,0,0,0,0,0,0,0,1,0,1,1,0,0,0,1
1,0,1,0,48,1,1,39.63,1896.42,0,1,0,0,0,1,0,0,0,0,0,1,0,0,0,0,0,0,1,0,0
0,0,0,1,35,1,1,85.05,2968.04,0,1,1,0,0,0,0,0,0,0,0,0,0,0,0,0,0,0,0,0,1
0,0,0,0,63,0,1,83.7,5266.04,1,0,0,0,0,0,0,1,0,1,0,0,0,0,0,1,0,1,0,0,1
1,0,1,1,21,1,1,95.24,2008.96,0,0,0,1,1,0,1,0,1,0,1,0,1,0,1,0,1,0,0,0,0
1,0,1,1,34,1,1,109.19,3705.53,0,1,0,1,1,0,1,0,1,0,1,0,1,0,1,0,1,0,0,1,0
0,0,1,1,33,1,1,80.53,2647.46,0,0,0,1,1,0,1,0,1,0,1,0,1,0,1,0,0,0,0,1,0
1,0,0,1,66,1,0,24.29,1631.13,0,0,1,0,0,0,1,0,0,1,0,1,1,0,0,1,0,0,0,1,0
0,1,1,0,26,0,0,87.7,2259.17,1,0,1,0,0,0,0,1,0,0,0,1,0,1,0,0,1,0,1,0,0
1,0,1,0,29,1,0,36.27,1036.6,0,1,0,0,0,0,0,0,0,0,1,0,0,1,0,1,0,0,0,0,0
0,1,1,1,70,1,0,85.48,5973.67,0,1,0,0,0,1,0,1,0,0,0,0,0,0,0,1,0,0,0,0,0
1,0,1,0,9,1,0,21.64,210.95,0,1,1,0,0,0,0,1,0,0,0,1,0,0,1,0,0,0,1,0,0
1,1,0,1,46,1,0,110.27,5086.34,0,0,0,0,0,1,1,0,0,1,0,0,0,1,0,0,0,0,0,1,0
0,0,1,0,25,1,1,41.08,1024.74,0,0,1,0,0,0,0,0,1,0,0,1,0,0,0,1,1,0,0,0,0
1,1,1,0,6,0,1,75.19,464.21,1,0,0,0,0,1,0,0,0,0,0,0,1,0,0,1,0,0,0,0,1
0,0,0,0,50,1,1,72.79,3641.28,0,0,0,1,1,0,1,0,1,0,1,0,1,0,1,0,0,0,0,1,0
0,0,1,1,30,1,1,104.25,3149.95,0,0,0,0,0,0,0,0,0,1,0,0,0,0,0,0,1,0,1,0,0
1,0,1,0,13,0,1,74.71,971.22,1,0,1,0,0,0,0,0,0,1,1,0,1,0,0,0,0,0,0,1,0
1,0,0,1,19,1,0,102.66,1946.73,0,0,0,1,1,0,1,0,1,0,1,0,1,0,1,0,1,0,1,0,0
1,0,1,1,35,1,1,63.7,2215.1,0,0,0,1,1,0,1,0,1,0,1,0,1,0,1,0,1,0,0,1,0
0,0,0,0,24,1,1,105.97,2553.75,0,1,0,1,1,0,1,0,1,0,1,0,1,0,1,0,0,0,0,0,1
0,1,1,1,24,1,0,29.32,691.25,1,0,1,0,0,0,0,1,0,0,0,0,0,1,1,0,0,0,0,1,0
0,1,0,0,34,1,1,99.57,3387.95,0,1,1,0,1,0,0,1,0,0,0,1,1,0,0,0,1,0,1,0,0
0,0,0,0,64,1,1,21.05,1356.74,0,1,1,0,0,0,0,1,0,1,0,0,0,1,0,1,0,0,1,0,0
1,1,0,0,72,1,1,41.66,2986.28,0,0,0,0,0,0,0,1,0,1,0,1,0,0,0,0,0,1,1,0,0
0,0,0,0,68,0,1,103.99,7085.1,1,0,0,1,1,0,1,0,1,0,1,0,1,0,1,0,0,0,0,1,0
1,0,1,0,67,1,0,87.79,5888.39,0,0,0,0,0,1,0,0,0,0,0,1,1,0,0,1,1,0,0,1,0
0,0,0,1,51,1,1,60.03,3066.18,0,1,0,0,0,1,0,0,0,0,0,0,0,1,0,1,0,0,0,0,1
1,1,1,0,5,1,0,111.24,548.25,0,1,1,0,0,0,0,1,0,1,0,0,0,1,0,1,0,0,0,0,0
1,0,1,0,10,1,1,80.18,810.88,0,0,1,0,0,1,0,0,0,0,0,0,0,1,0,0,0,0,0,0,0
0,0,1,1,36,1,1,71.56,2580.59,0,0,0,0,0,1,0,0,0,0,0,0,0,0,0,1,0,0,0,1,0
1,0,1,0,5,1,1,53.97,260.51,0,1,1,0,0,0,0,1,0,0,1,0,0,0,0,0,0,0,0,0,0
0,0,0,1,47,1,0,74.34,3489.59,0,0,1,0,0,0,0,0,0,0,1,0,0,1,0,0,0,1,0,0,1
0,0,0,1,58,1,0,113.5,6580.49,0,0,0,0,0,0,1,0,0,1,0,0,1,0,0,1,0,0,1,0,0
1,0,0,0,31,1,0,79.1,2467.75,0,0,0,1,1,0,1,0,1,0,1,0,1,0,1,0,1,0,0,0,1
1,0,0,1,60,1,0,35.77,2149.93,0,1,1,0,0,0,1,0,0,1,0,0,0,0,0,1,0,0,0,0,1
1,1,0,1,58,1,0,92.04,5345.57,1,0,1,0,0,0,0,0,0,1,1,0,0,0,0,1,0,0,0,0,0
0,1,1,1,4,1,0,48.61,201.19,0,1,1,0,0,0,0,1,0,1,0,0,0,1,0,1,1,0,0,1,0
1,0,0,1,14,1,0,104.27,1448.96,0,1,0,0,0,0,0,1,0,0,0,0,0,0,0,0,0,1,0,1,0
1,0,1,0,28,1,1,21.32,596.02,1,0,1,0,0,1,0,0,0,1,0,0,0,1,0,1,0,0,0,0,1
1,0,0,0,28,1,0,34.68,979.86,0,0,1,0,0,0,0,1,1,0,0,0,0,1,0,1,0,1,0,0,0
0,0,0,1,7,1,1,74.55,526.83,0,1,0,0,0,0,0,0,0,0,0,0,0,0,0,1,0,0,0,0,0
1,0,1,1,44,1,1,31.58,1371.19,0,1,0,0,1,0,0,0,0,0,1,0,0,0,0,1,0,0,1,0,0
0,0,0,0,45,1,1,27.26,1217.38,0,1,0,0,0,0,0,0,0,0,0,1,0,0,0,0,0,0,1,0,0
0,0,1,0,3,1,1,89.13,255.38,1,0,1,0,0,0,1,0,0,1,0,1,0,1,0,1,0,0,0,0,0
1,1,1,1,30,1,1,87.0,2626.41,0,0,0,1,1,0,1,0,1,0,1,0,1,0,1,0,0,0,1,0,0
0,0,1,0,29,1,0,57.75,1668.54,0,0,0,1,1,0,1,0,1,0,1,0,1,0,1,0,0,0,0,0,0
1,0,0,1,37,1,0,100.76,3733.44,0,0,0,0,0,0,0,1,0,0,0,1,0,0,0,1,0,1,0,0,1
1,0,1,0,11,1,1,67.76,718.55,0,1,0,0,1,0,0,1,0,0,0,0,0,1,0,0,0,0,0,0,1
0,0,0,0,64,1,0,28.06,1793.6,0,0,0,0,0,1,0,1,0,0,0,0,0,0,0,0,0,0,0,1,0
0,0,0,0,3,0,1,75.88,209.0,1,0,0,0,0,0,0,1,0,0,0,0,0,0,0,1,0,0,1,0,0
1,0,0,1,51,1,1,39.93,2051.61,0,1,1,0,0,0,0,0,0,0,0,0,1,0,0,0,0,0,0,0,1
1,0,1,0,70,1,0,119.01,8335.02,0,0,0,0,0,1,0,1,0,0,0,0,0,0,0,0,0,1,0,0,0
1,0,1,0,57,1,0,90.46,5157.07,0,0,0,1,1,0,1,0,1,0,1,0,1,0,1,0,0,0,0,1,0
0,0,1,0,22,1,0,105.26,2312.85,0,1,0,0,0,0,0,1,0,0,0,0,0,0,0,1,0,0,0,0,0
1,0,1,0,6,1,1,62.72,374.84,0,1,1,0,0,1,0,0,0,0,0,0,0,0,0,0,0,0,0,0,1
0,0,0,1,27,1,1,109.54,2956.55,0,0,0,1,1,0,1,0,1,0,1,0,1,0,1,0,0,1,0,0,0
1,1,1,0,19,0,0,74.29,1424.14,1,0,1,0,0,0,0,1,0,0,0,0,1,0,0,0,0,0,1,0,0
0,0,1,0,25,1,1,87.66,2166.32,0,1,0,1,1,0,1,0,1,0,1,0,1,0,1,0,0,0,1,0,0
0,0,0,0,11,1,1,99.46,1089.91,0,0,1,0,0,0,0,0,0,0,0,0,1,0,0,0,0,0,0,1,0
0,0,1,0,24,1,0,34.41,841.88,0,0,0,1,1,0,1,0,1,0,1,0,1,0,1,0,0,0,0,0,0
1,0,1,0,64,1,1,102.56,6564.75,0,0,0,0,0,1,0,0,0,1,0,0,0,1,0,1,0,0,0,0,0
0,0,0,0,14,1,1,100.36,1408.03,0,1,0,0,1,0,0,0,0,0,0,0,0,0,0,1,0,0,0,1,0
1,0,0,0,61,1,0,33.56,2046.56,0,1,0,0,0,0,0,0,0,1,1,0,0,0,0,1,0,0,0,0,1
0,0,0,1,40,1,1,67.41,2714.12,0,0,1,0,0,1,0,1,0,0,0,0,0,0,0,0,1,0,1,0,0
1,0,1,0,42,1,0,69.15,2908.22,0,1,1,0,0,0,0,0,0,1,0,0,0,1,0,0,0,0,0,1,0
1,0,1,1,29,1,1,84.78,2457.94,0,1,0,0,1,0,0,0,0,0,0,0,0,0,0,1,0,1,0,1,0
1,0,0,0,6,1,1,43.23,281.15,0,0,0,1,1,0,1,0,1,0,1,0,1,0,1,0,0,1,0,0,1
0,0,1,0,29,1,0,99.37,2889.38,0,1,1,0,0,0,0,0,0,1,0,1,1,0,0,0,0,1,0,1,0
0,1,1,0,42,1,1,77.59,3269.08,0,0,0,1,1,0,1,0,1,0,1,0,1,0,1,0,1,0,1,0,0
1,0,1,1,43,1,1,103.24,4434.69,1,0,0,1,1,0,1,0,1,0,1,0,1,0,1,0,0,1,0,0,0
1,0,0,0,2,1,1,94.79,190.77,0,0,0,0,0,0,0,1,1,0,0,0,0,0,0,1,0,0,0,1,0
1,0,0,0,16,1,1,34.66,562.75,0,1,0,0,0,0,0,0,0,0,0,0,0,0,0,0,0,1,1,0,0
1,0,1,1,12,1,0,50.48,602.37,0,1,1,0,1,0,0,0,0,0,0,0,0,1,0,0,0,0,1,0,0
0,0,1,1,47,1,0,80.94,3803.86,0,1,1,0,0,1,0,1,1,0,0,0,0,0,0,1,0,0,1,0,0
0,0,0,0,15,1,0,68.73,1005.05,0,0,1,0,0,0,0,0,0,0,0,0,0,0,0,0,0,1,0,1,0
0,0,1,0,71,1,0,80.42,5712.31,0,1,0,0,0,1,0,1,0,0,0,1,1,0,0,0,1,0,0,0,0
1,0,0,0,38,1,0,68.22,2597.07,0,0,1,0,0,0,0,0,1,0,0,0,0,1,0,1,1,0,0,0,1
0,0,1,0,65,1,0,50.62,3294.24,0,1,1,0,0,0,0,0,0,1,0,1,0,1,0,1,0,0,0,0,1
0,1,1,0,67,1,0,36.96,2480.07,0,1,1,0,0,0,0,0,0,1,0,0,0,1,0,0,1,0,0,0,0
0,0,0,0,28,1,0,66.62,1882.18,0,0,1,0,0,1,0,0,0,0,0,1,1,0,1,0,1,0,1,0,0
0,0,0,0,51,0,0,41.25,2088.12,1,0,1,0,0,0,0,0,0,0,0,0,0,0,0,0,0,0,1,0,0
0,0,1,0,42,1,0,81.32,3436.42,0,1,0,0,1,0,0,0,0,1,0,1,1,0,0,1,0,0,0,0,0
0,0,0,1,66,1,1,83.0,5460.7,0,1,0,0,0,1,0,1,1,0,1,0,1,0,0,0,0,0,1,0,0
0,0,1,0,29,1,1,84.04,2428.02,0,0,1,0,0,1,0,0,0,0,0,1,0,0,0,0,0,0,1,0,0
0,0,1,0,60,1,1,79.15,4748.67,0,0,0,0,0,1,0,0,0,0,0,1,0,0,1,0,0,0,0,1,0
1,0,1,0,1,1,0,60.03,65.28,0,0,1,0,0,0,0,1,0,1,0,0,0,0,0,0,1,0,0,0,0
1,0,1,1,39,1,1,90.2,3531.82,0,1,1,0,0,0,0,0,1,0,0,0,0,0,0,0,0,1,1,0,0
1,0,0,0,40,1,0,70.33,2805.11,1,0,0,1,1,0,1,0,1,0,1,0,1,0,1,0,0,0,0,0,1
1,0,1,0,49,1,0,76.83,3737.18,0,0,0,0,0,1,0,0,1,0,0,0,0,0,0,0,0,0,1,0,0
0,0,1,0,45,1,1,93.47,4191.59,0,0,0,1,1,0,1,0,1,0,1,0,1,0,1,0,0,0,0,0,0
0,0,0,0,49,1,0,118.06,5784.77,0,0,0,0,0,0,0,0,0,0,0,1,0,0,0,0,0,1,0,0,1
0,0,0,1,40,1,1,62.77,2521.85,0,1,1,0,0,1,0,0,0,0,0,0,0,0,0,1,0,0,1,0,0
0,0,0,0,60,1,1,76.96,4604.51,0,0,0,0,0,1,0,0,0,1,0,0,1,0,0,0,0,0,0,0,1
1,1,1,0,26,0,1,67.73,1757.22,1,0,0,0,0,1,0,1,0,0,0,1,0,0,0,1,0,0,0,0,1
1,0,1,1,45,1,1,31.55,1420.35,0,1,0,1,1,0,1,0,1,0,1,0,1,0,1,0,0,0,0,0,1
1,0,0,0,39,1,0,90.61,3552.67,0,0,0,0,0,0,0,0,0,0,0,0,0,0,0,0,0,0,1,0,0
0,0,1,1,36,1,0,48.57,1748.98,0,0,0,0,0,0,0,0,0,0,0,0,0,1,0,0,0,1,0,0,0
1,0,1,1,47,1,1,89.56,4200.51,0,0,0,0,0,0,0,0,1,0,0,0,0,1,0,1,0,0,1,0,0
0,0,1,0,26,1,0,92.43,2406.29,0,1,1,0,1,0,0,1,0,0,0,1,0,0,0,0,0,0,0,0,1
1,0,0,0,56,1,0,62.27,3489.76,0,0,0,1,1,0,1,0,1,0,1,0,1,0,1,0,0,0,0,0,0
0,0,0,0,26,1,1,106.59,2751.35,0,1,0,1,1,0,1,0,1,0,1,0,1,0,1,0,0,0,0,1,0
0,0,0,0,25,1,0,35.3,874.59,1,0,1,0,0,0,0,0,0,0,0,0,0,0,0,0,1,0,0,0,0
1,0,0,1,51,1,1,93.15,4769.99,0,0,1,0,0,0,0,0,0,0,0,0,0,0,0,0,1,0,0,1,0
0,1,0,0,3,1,1,30.7,78.39,0,0,1,0,0,0,0,0,1,0,1,0,0,0,1,0,0,0,0,0,1
1,1,1,0,24,1,1,108.17,2601.42,0,1,1,0,0,0,0,1,0,1,0,0,0,1,0,0,0,0,0,0,1
1,0,1,1,51,1,0,109.88,5606.27,0,0,0,0,0,0,0,0,0,0,0,0,0,1,0,1,1,0,1,0,0
0,1,0,1,29,1,1,111.07,3204.24,1,0,1,0,0,0,0,0,0,1,0,0,0,0,0,0,0,0,0,0,1
0,0,0,0,62,1,1,53.76,3329.2,0,1,0,0,0,0,0,0,0,0,0,0,0,1,0,1,0,1,0,0,1
1,0,1,1,69,1,1,93.41,6426.32,0,0,0,0,0,0,0,0,0,1,1,0,0,1,0,0,0,0,0,0,1
1,0,0,0,11,1,0,74.53,803.12,0,0,1,0,0,0,0,1,1,0,1,0,1,0,0,0,0,0,0,1,0
1,1,1,0,27,1,1,86.44,2336.57,0,1,0,0,0,1,0,0,1,0,0,1,0,1,0,0,1,0,0,0,1
0,0,0,0,3,1,1,55.49,154.54,0,0,0,0,0,0,0,1,0,0,0,0,0,1,0,0,0,1,0,0,1
1,0,0,0,38,1,1,39.61,1516.94,0,0,0,1,1,0,1,0,1,0,1,0,1,0,1,0,0,0,1,0,0
1,0,1,1,61,1,1,79.37,4851.03,0,1,0,0,0,1,0,1,1,0,0,0,0,0,0,0,0,0,0,0,0
1,0,1,1,70,1,1,108.53,7599.4,0,1,1,0,0,1,0,1,0,1,0,0,0,0,0,0,1,0,0,1,0
0,0,1,0,58,1,1,65.89,3806.64,0,1,0,0,1,0,0,0,0,1,0,1,0,0,1,0,0,0,0,1,0
1,0,0,0,10,1,1,37.73,378.35,0,1,1,0,0,0,0,1,0,0,0,1,0,1,0,0,0,0,0,0,1
1,0,0,0,55,1,1,54.71,2983.08,0,0,0,1,1,0,1,0,1,0,1,0,1,0,1,0,0,0,0,0,1
0,0,0,0,16,1,1,57.64,920.57,0,1,0,0,0,0,0,1,0,0,0,0,0,0,0,0,1,0,0,0,1
0,0,0,0,51,1,0,99.9,5098.75,0,0,1,0,0,0,0,1,0,0,0,0,0,0,1,0,1,0,1,0,0
1,1,0,0,26,1,1,95.19,2465.1,0,0,1,0,0,0,0,0,0,1,0,0,0,1,0,0,0,0,0,0,0
1,0,0,0,6,1,0,103.08,622.58,1,0,0,0,0,0,0,0,0,0,0,0,0,0,0,0,0,0,0,0,0
0,0,0,0,16,1,1,80.82,1295.11,0,1,0,0,0,1,0,0,0,0,0,0,0,1,0,1,1,0,0,1,0
0,0,0,0,23,1,1,49.35,1123.09,0,0,0,0,0,0,0,1,0,0,0,0,0,0,0,0,1,0,0,1,0
1,0,1,0,21,1,1,91.62,1917.14,0,1,0,0,0,0,0,0,0,1,0,0,0,0,0,0,0,1,1,0,0
0,0,1,1,43,1,1,79.33,3422.9,0,1,0,1,1,0,1,0,1,0,1,0,1,0,1,0,0,0,0,0,0
1,0,0,0,14,1,1,47.49,687.94,0,1,0,0,0,0,0,0,0,1,0,0,0,1,0,0,0,0,0,0,0
1,0,0,1,57,1,0,24.85,1432.16,0,0,0,0,0,0,0,0,1,0,0,1,0,0,0,0,0,0,0,0,0
1,0,0,0,0,1,1,64.03,0.0,0,1,1,0,0,0,0,1,0,0,0,0,0,0,0,0,0,0,0,1,0
0,0,1,0,43,1,0,116.07,4999.66,1,0,1,0,0,0,0,1,0,1,0,0,0,1,0,0,0,0,1,0,0
0,0,1,0,13,1,1,83.36,1081.19,0,1,1,0,0,1,0,0,0,1,0,0,0,0,0,1,1,0,0,0,1
1,1,0,0,59,1,0,59.7,3530.21,0,0,1,0,0,1,0,0,0,0,1,0,0,0,1,0,0,0,0,0,1
1,0,1,0,30,1,0,72.25,2184.15,0,1,0,1,1,0,1,0,1,0,1,0,1,0,1,0,1,0,0,0,0
0,0,0,0,36,1,1,110.91,3983.94,0,0,1,0,0,0,0,0,0,1,0,1,0,1,0,0,0,1,0,0,0
1,0,0,0,46,1,0,33.37,1539.98,0,0,0,0,0,0,0,1,0,0,0,0,0,1,0,0,0,0,0,0,1
1,0,1,0,54,1,0,67.01,3631.17,0,0,1,0,1,0,0,0,0,0,1,0,0,1,0,0,0,0,0,1,0
0,0,1,1,29,1,1,112.31,3267.28,0,0,0,0,0,0,0,0,0,0,0,0,0,0,0,1,0,0,1,0,0
0,0,1,0,8,1,0,30.42,233.84,1,0,0,0,1,0,0,0,0,0,0,0,0,1,0,0,1,0,1,0,0
0,0,0,0,46,1,1,24.56,1141.77,0,1,1,0,0,0,0,0,0,0,0,0,0,0,0,0,0,1,0,0,1
0,0,1,0,41,1,1,23.12,975.17,0,1,0,0,0,1,0,0,0,0,0,1,0,0,0,0,0,0,0,0,1
1,1,1,0,63,1,1,72.09,4554.26,0,0,0,1,1,0,1,0,1,0,1,0,1,0,1,0,0,0,1,0,0
1,0,1,0,23,1,0,92.76,2141.76,0,0,0,0,0,1,0,0,0,0,0,0,0,0,0,0,1,0,0,0,1
1,0,1,0,49,1,1,110.5,5407.15,0,0,1,0,0,0,0,0,0,1,0,0,0,0,0,0,1,0,1,0,0
0,0,0,0,40,1,1,49.67,1994.55,0,0,0,1,1,0,1,0,1,0,1,0,1,0,1,0,0,1,0,0,0
0,0,1,1,53,1,0,21.16,1109.28,0,0,1,0,0,0,0,0,1,0,0,1,0,1,1,0,0,1,0,0,1
1,0,1,0,46,1,1,110.3,5061.81,0,1,0,0,0,1,0,0,0,1,0,1,0,1,0,1,0,0,0,0,1
1,0,0,0,19,1,0,94.05,1801.43,0,1,1,0,0,1,0,0,0,1,0,0,0,0,0,1,0,0,0,0,0
1,0,0,0,49,1,0,104.65,5124.01,0,1,0,1,1,0,1,0,1,0,1,0,1,0,1,0,0,0,0,1,0
1,0,1,0,57,1,1,43.32,2468.03,0,1,1,0,0,0,0,0,1,0,0,0,0,0,0,1,0,0,0,0,1
0,0,0,0,42,1,1,97.48,4100.96,0,0,1,0,0,1,0,1,0,0,0,0,0,0,0,0,0,0,1,0,0
0,0,0,0,55,1,1,49.15,2719.22,0,0,1,0,0,0,0,0,1,0,0,1,0,0,0,0,0,0,0,0,1
1,0,1,0,34,1,0,48.6,1653.68,0,0,1,0,0,0,0,0,0,0,0,0,0,0,0,1,0,0,0,1,0
1,1,1,0,27,0,1,81.32,2184.27,1,0,1,0,0,1,0,1,0,1,0,0,0,0,0,1,1,0,1,0,0
0,0,0,0,0,1,0,21.2,0.0,0,0,0,0,0,0,0,0,0,0,0,0,0,1,0,0,0,0,0,0,1
1,0,1,0,66,1,1,41.5,2724.84,0,1,0,1,1,0,1,0,1,0,1,0,1,0,1,0,0,1,1,0,0
0,0,0,0,40,1,0,100.01,4011.99,0,1,1,0,0,1,0,0,0,0,0,0,0,0,0,0,0,0,0,0,0
1,0,0,0,66,1,1,49.29,3250.6,0,0,0,0,0,1,0,0,0,0,0,0,0,1,0,0,0,0,0,1,0
1,0,1,0,34,1,1,50.31,1711.45,0,1,0,0,0,1,0,0,1,0,0,0,0,0,0,0,1,0,1,0,0
1,0,0,1,19,0,1,86.66,1634.69,1,0,1,0,0,0,0,0,0,1,0,1,0,0,0,1,0,1,0,0,0
1,1,1,1,67,1,1,22.14,1493.61,0,1,1,0,0,1,0,1,1,0,0,0,0,0,0,0,0,0,0,0,0
1,0,0,1,62,1,0,83.88,5203.51,0,1,0,1,1,0,1,0,1,0,1,0,1,0,1,0,0,1,0,0,1
1,1,1,0,11,1,1,61.02,677.29,0,1,0,0,0,0,1,0,0,0,0,1,0,0,0,1,0,0,0,1,0
1,0,1,0,65,1,1,103.03,6705.22,0,0,0,0,0,0,0,0,0,1,0,0,0,0,0,0,0,0,0,0,0
1,0,0,0,65,1,1,21.37,1395.26,0,0,1,0,0,1,0,1,0,1,0,0,0,1,0,1,0,1,0,0,1
0,0,1,0,41,1,1,108.16,4436.39,0,0,1,0,1,0,0,0,0,0,0,0,0,0,0,1,0,0,1,0,0
0,0,0,0,58,1,1,74.24,4330.33,0,0,0,1,1,0,1,0,1,0,1,0,1,0,1,0,0,0,0,1,0
1,0,0,1,35,1,1,40.02,1399.46,1,0,1,0,0,0,0,0,0,1,0,0,0,0,0,0,0,0,1,0,0
1,0,1,0,31,1,0,27.4,841.03,0,0,0,0,0,1,0,0,0,0,0,0,0,1,0,1,1,0,0,0,0
0,0,0,0,10,1,1,85.92,860.83,0,0,1,0,0,0,1,0,0,0,0,0,0,1,0,0,1,0,0,0,0
1,0,0,0,0,1,1,54.99,0.68,0,1,1,0,0,0,0,0,1,0,0,0,0,0,0,0,0,1,0,0,1
1,0,1,0,47,1,1,68.12,3179.29,0,0,0,0,0,0,0,0,0,0,0,1,0,0,0,0,1,0,0,0,1
0,1,1,1,68,1,1,67.05,4541.12,0,1,0,1,1,0,1,0,1,0,1,0,1,0,1,0,0,0,0,0,1
0,0,1,0,9,1,0,113.06,1018.09,0,1,0,1,1,0,1,0,1,0,1,0,1,0,1,0,0,0,0,0,1
0,0,1,1,36,1,1,80.31,2907.24,0,0,1,0,0,0,0,0,1,0,0,0,0,1,0,1,1,0,0,0,1
0,0,1,0,67,1,1,97.4,6520.84,0,0,0,1,1,0,1,0,1,0,1,0,1,0,1,0,0,0,0,0,1
0,1,0,1,36,1,1,48.42,1741.29,0,0,0,0,0,0,0,0,0,0,0,0,0,0,0,0,0,0,1,0,0
1,0,1,0,70,1,0,110.91,7775.4,0,0,0,1,1,0,1,0,1,0,1,0,1,0,1,0,1,0,0,0,0
0,0,0,0,54,0,1,71.34,3835.73,1,0,1,0,0,0,1,0,0,1,0,0,0,1,0,0,0,0,0,0,1
0,0,1,0,16,1,0,42.54,692.9,0,1,0,0,0,0,0,0,0,0,0,1,0,1,0,0,1,0,0,0,0
1,0,1,1,34,1,1,50.42,1711.75,0,0,0,1,1,0,1,0,1,0,1,0,1,0,1,0,0,0,0,1,0
0,0,1,0,68,1,0,80.32,5450.22,0,1,0,1,1,0,1,0,1,0,1,0,1,0,1,0,0,0,1,0,0
1,0,1,1,27,1,1,41.42,1104.28,0,0,1,0,0,0,0,0,0,1,0,1,0,0,0,0,0,1,0,1,0
1,0,0,1,48,1,1,60.26,2886.02,1,0,1,0,1,0,0,0,0,0,0,0,0,1,0,0,0,0,1,0,0
0,0,0,0,22,1,0,22.89,493.95,0,1,1,0,1,0,0,0,0,0,0,1,0,0,0,0,0,0,0,1,0
0,1,0,0,24,1,0,88.07,2107.18,0,1,0,0,1,0,1,0,0,0,0,0,0,1,0,0,0,0,0,0,1
1,0,1,0,17,1,1,78.92,1345.82,1,0,0,0,0,0,0,1,0,0,0,0,0,0,0,1,0,0,0,0,1
0,0,1,1,72,1,0,91.75,6605.04,0,1,0,0,1,0,0,1,0,1,0,0,1,0,0,0,0,0,0,0,1
1,1,0,0,44,1,1,68.44,3015.68,0,0,1,0,0,0,0,0,0,0,0,0,0,0,0,1,0,0,0,0,1
0,0,0,0,0,1,0,64.95,0.0,0,0,1,0,0,1,0,0,0,0,0,1,0,0,0,1,1,0,0,0,1
1,0,1,0,10,0,0,46.41,468.58,1,0,1,0,0,0,0,0,0,0,1,0,0,0,0,1,1,0,0,0,0
1,0,0,0,49,1,1,109.46,5349.75,1,0,1,0,0,0,0,0,0,0,0,0,0,1,0,0,1,0,0,1,0
1,0,1,0,9,1,0,91.71,832.08,0,0,0,0,0,0,0,0,0,1,0,1,0,0,0,0,1,0,1,0,0
0,0,1,0,1,0,1,73.72,75.94,1,0,0,1,1,0,1,0,1,0,1,0,1,0,1,0,0,1,1,0,0
0,0,0,1,32,1,0,105.49,3364.72,0,0,0,1,1,0,1,0,1,0,1,0,1,0,1,0,0,0,1,0,0
0,0,0,1,29,1,1,118.41,3429.84,0,0,1,0,0,0,0,1,0,0,0,0,1,0,0,0,0,0,0,0,1
1,0,1,0,65,1,1,54.94,3572.03,0,0,0,0,1,0,0,0,1,0,0,1,0,1,0,1,0,0,0,0,0
0,0,0,0,31,1,0,62.88,1940.38,0,1,1,0,1,0,0,0,0,0,0,0,0,0,0,1,1,0,0,0,0
0,0,0,0,22,1,0,91.29,2004.75,0,1,0,0,0,0,0,1,0,0,0,1,0,0,0,0,0,0,0,0,0
1,0,1,0,39,1,0,101.46,3973.8,0,1,0,1,1,0,1,0,1,0,1,0,1,0,1,0,0,1,0,1,0
0,0,1,1,68,1,1,83.89,5700.67,0,0,0,0,0,1,0,1,0,0,0,1,0,1,0,0,0,0,0,1,0
0,1,1,1,13,1,0,102.88,1340.66,0,0,0,1,1,0,1,0,1,0,1,0,1,0,1,0,0,0,1,0,0
0,0,0,1,61,0,0,93.43,5696.46,1,0,1,0,0,0,0,0,0,0,0,0,0,0,0,0,1,0,0,0,1
0,0,1,0,27,1,0,111.57,2998.02,0,1,0,0,0,0,1,0,0,1,0,1,0,0,0,0,0,0,0,0,0
1,0,1,0,65,1,1,106.61,6925.96,0,0,1,0,0,1,0,1,0,1,0,0,0,0,1,0,0,0,0,0,1
1,0,1,0,15,0,1,32.9,490.64,1,0,1,0,0,0,0,0,0,0,0,1,0,0,0,1,1,0,1,0,0
0,0,1,1,46,1,0,86.89,3997.64,0,1,0,0,0,0,0,0,0,0,0,1,0,0,0,1,0,0,0,0,0
1,0,1,0,19,1,1,43.27,832.3,1,0,1,0,0,1,0,0,0,0,0,0,0,1,0,0,0,1,0,1,0
0,0,1,1,17,1,0,97.26,1671.96,0,0,1,0,0,1,0,1,0,1,0,0,0,1,0,0,0,0,0,0,1
0,0,1,0,21,1,0,51.01,1077.18,1,0,0,0,0,0,0,0,0,0,0,1,1,0,0,0,1,0,0,0,0
1,1,1,0,34,1,1,29.49,1009.89,0,1,1,0,0,0,0,0,0,0,0,1,0,0,0,0,1,0,0,1,0
0,0,1,1,55,1,1,114.37,6294.78,0,1,0,0,0,0,0,0,0,0,0,0,0,0,0,1,0,0,0,0,1
0,0,1,1,59,0,1,44.12,2611.05,1,0,1,0,0,0,0,0,0,0,0,1,0,0,0,1,0,0,0,1,0
0,0,1,0,8,1,0,77.68,620.82,1,0,0,1,1,0,1,0,1,0,1,0,1,0,1,0,1,0,1,0,0
0,0,1,1,67,1,1,91.63,6138.1,0,0,0,0,0,0,0,0,0,0,0,1,0,0,1,0,0,0,0,1,0
1,0,1,0,31,1,1,48.5,1514.08,1,0,0,0,0,1,1,0,0,0,0,0,0,0,1,0,0,0,0,0,1
1,0,0,0,72,0,1,63.31,4559.0,1,0,0,0,0,0,0,0,0,0,0,1,1,0,0,0,1,0,0,0,0
1,0,1,1,12,1,1,59.83,724.16,0,0,0,0,0,0,0,0,0,0,0,0,0,0,0,1,1,0,0,0,0
1,0,0,0,43,0,0,25.01,1066.14,1,0,1,0,0,0,0,0,0,1,0,1,0,0,0,0,0,1,0,1,0
1,0,0,0,17,1,0,21.87,380.62,0,0,0,1,1,0,1,0,1,0,1,0,1,0,1,0,0,1,0,0,1
0,0,1,0,56,0,1,51.62,2912.9,1,0,1,0,0,1,0,0,0,1,0,0,1,0,0,0,1,0,0,1,0
1,0,0,0,1,1,1,118.84,116.94,0,1,0,0,0,0,0,0,0,0,0,1,1,0,0,0,0,0,0,0,0
1,0,1,1,18,1,0,114.39,2060.6,1,0,0,1,1,0,1,0,1,0,1,0,1,0,1,0,1,0,0,0,1
0,0,0,0,53,1,1,51.8,2741.59,0,0,0,1,1,0,1,0,1,0,1,0,1,0,1,0,0,0,0,0,0
0,0,1,0,21,1,1,61.78,1312.53,1,0,0,0,1,0,0,0,0,0,0,0,0,1,0,0,0,1,0,0,1
1,0,1,0,70,1,1,67.41,4724.56,0,0,0,0,0,0,0,0,1,0,0,0,0,0,0,1,0,0,0,0,1
0,0,1,0,57,1,1,101.64,5790.37,0,1,0,0,0,0,0,1,0,0,0,1,0,0,0,1,0,1,0,0,0
1,0,0,1,7,1,0,103.83,733.6,0,1,1,0,0,0,0,0,0,1,0,1,0,0,0,0,0,0,0,0,1
1,0,1,1,69,1,0,58.93,4049.5,0,1,1,0,0,1,0,1,0,1,0,1,0,1,0,0,1,0,1,0,0
0,0,1,0,48,1,1,44.25,2129.64,1,0,1,0,0,0,0,0,0,1,0,1,0,0,0,0,0,0,0,1,0
0,0,0,0,36,1,0,61.07,2201.92,0,0,0,0,0,0,0,1,0,1,0,0,0,0,0,0,0,1,0,0,0
1,0,0,0,59,1,1,27.71,1637.3,0,0,0,0,1,0,1,0,0,1,0,0,0,0,0,0,0,0,0,0,1
0,0,1,1,39,1,0,53.17,2075.67,0,0,1,0,0,0,0,0,1,0,0,0,0,0,0,1,1,0,0,0,1
0,0,0,0,56,1,1,76.35,4277.48,1,0,0,0,0,0,0,0,0,0,0,0,0,0,0,0,0,0,0,0,1
1,0,1,1,26,1,0,119.26,3103.9,0,0,0,0,1,0,0,0,0,0,0,0,0,0,0,0,0,1,0,1,0
0,1,0,0,66,1,1,30.33,2018.03,0,1,0,1,1,0,1,0,1,0,1,0,1,0,1,0,0,0,1,0,0
0,0,1,0,41,1,1,37.33,1519.55,0,1,0,0,0,1,0,0,0,0,0,1,0,1,0,1,0,0,0,0,1
0,0,1,1,14,1,0,118.05,1648.28,0,1,0,0,0,0,0,0,0,0,0,0,0,0,0,0,0,0,0,0,0
1,0,1,0,26,1,0,92.69,2399.52,0,0,1,0,0,0,0,1,0,0,0,1,0,0,0,1,0,1,1,0,0
1,0,1,1,50,0,0,110.06,5517.79,1,0,1,0,0,0,0,0,0,0,0,0,0,1,0,1,0,0,1,0,0
0,0,1,1,10,1,1,112.91,1119.78,0,0,0,0,0,1,0,1,0,0,0,0,0,0,0,1,0,0,0,1,0
1,0,1,1,69,1,1,37.31,2578.48,0,0,0,0,0,0,0,1,0,1,0,0,0,0,0,0,0,1,0,0,1
1,0,1,0,29,1,1,38.46,1110.93,0,1,1,0,0,0,0,0,1,0,0,0,0,0,1,0,1,0,0,0,1
1,1,1,0,32,1,1,41.58,1327.23,1,0,0,1,1,0,1,0,1,0,1,0,1,0,1,0,0,0,1,0,0
0,0,1,0,68,1,1,108.36,7361.66,0,1,0,0,0,1,0,1,0,1,0,0,0,1,0,0,0,1,0,1,0
0,0,0,0,50,1,1,34.09,1696.77,0,0,0,0,0,0,0,1,0,0,0,1,0,0,0,1,0,1,0,1,0
0,0,1,0,26,1,1,51.47,1326.71,0,0,0,0,0,1,0,0,0,0,0,1,0,0,0,0,0,1,1,0,0
0,0,0,0,39,1,1,81.28,3173.3,1,0,0,1,1,0,1,0,1,0,1,0,1,0,1,0,1,0,0,0,0
1,0,0,1,56,1,1,44.2,2468.84,0,1,1,0,1,0,0,0,0,0,0,0,0,1,0,0,0,0,0,1,0
1,0,0,0,44,1,0,80.25,3552.18,0,0,0,0,0,0,0,0,0,0,0,0,0,0,0,1,0,0,1,0,0
0,0,1,0,17,1,1,34.35,571.6,0,0,0,0,0,1,0,0,0,0,0,1,0,1,0,1,0,0,0,1,0
1,0,1,0,17,1,1,52.52,905.77,0,0,0,0,1,0,1,0,0,1,0,1,0,0,0,0,0,0,0,1,0
0,0,0,0,72,1,0,63.97,4608.14,0,0,1,0,0,1,0,0,0,0,0,1,0,1,0,0,1,0,0,0,0
0,0,1,0,57,0,0,71.64,4081.14,1,0,0,0,0,0,0,0,0,1,0,1,0,1,0,0,0,0,0,0,1
0,0,1,0,18,1,0,66.37,1208.97,0,1,0,1,1,0,1,0,1,0,1,0,1,0,1,0,0,0,0,0,1
1,0,0,0,62,1,1,64.21,3999.74,0,1,1,0,1,0,0,1,0,0,0,0,0,0,0,1,0,1,1,0,0
1,0,0,0,25,1,0,36.71,941.78,0,1,0,1,1,0,1,0,1,0,1,0,1,0,1,0,0,0,0,0,1
1,0,0,0,20,1,1,40.32,792.46,0,0,0,1,1,0,1,0,1,0,1,0,1,0,1,0,1,0,0,1,0
1,0,0,1,71,1,1,20.83,1500.02,0,1,0,0,0,0,0,1,0,0,0,0,0,1,0,0,0,0,0,1,0
1,1,0,0,17,1,0,81.51,1372.02,0,1,0,1,1,0,1,0,1,0,1,0,1,0,1,0,0,1,1,0,0
0,1,1,1,66,1,1,83.07,5480.28,0,1,0,1,1,0,1,0,1,0,1,0,1,0,1,0,0,0,0,0,0
1,0,1,0,40,1,1,41.02,1630.7,1,0,1,0,0,0,0,0,0,1,0,0,0,0,0,1,0,0,1,0,0
0,0,0,1,29,1,0,44.26,1295.03,0,0,0,0,0,0,0,1,0,1,0,1,0,1,0,1,0,1,0,1,0
1,0,0,0,22,0,0,47.85,1050.21,1,0,0,1,1,0,1,0,1,0,1,0,1,0,1,0,0,1,0,1,0
0,0,0,0,59,1,1,79.58,4703.62,0,0,1,0,0,0,0,1,0,1,0,0,0,0,0,0,1,0,0,1,0
1,0,1,1,31,1,1,72.46,2240.87,1,0,0,0,0,0,0,1,0,0,0,0,0,1,0,0,0,0,1,0,0
1,1,0,1,23,1,0,103.71,2384.53,0,0,1,0,0,0,0,1,0,1,0,1,0,0,0,1,0,0,1,0,0
1,0,1,1,39,1,1,47.35,1851.51,0,0,1,0,0,1,0,0,1,0,0,0,0,0,0,0,0,0,1,0,0
0,0,1,0,25,1,1,71.75,1796.62,0,1,0,0,0,1,0,0,0,1,0,0,0,1,0,0,0,1,0,0,0
1,0,0,0,23,1,1,58.81,1374.27,0,0,0,0,0,0,0,0,0,1,0,0,0,1,0,0,0,1,0,0,0
0,0,0,1,31,1,1,96.22,2970.76,0,1,0,0,0,0,1,0,0,0,0,1,0,0,0,0,0,0,0,0,1
0,1,1,1,40,1,1,61.79,2464.53,0,1,1,0,1,0,0,0,0,0,0,0,1,0,1,0,0,0,0,0,0
1,0,0,1,23,1,1,30.85,695.74,0,0,0,0,0,1,0,0,0,0,1,0,0,1,0,0,0,0,0,0,0
0,0,0,0,11,1,1,92.06,1009.24,0,1,0,1,1,0,1,0,1,0,1,0,1,0,1,0,1,0,0,1,0
1,0,1,0,15,0,1,69.48,1033.52,1,0,1,0,0,0,0,0,0,1,0,0,0,0,0,0,1,0,1,0,0
0,0,1,0,47,1,0,89.55,4198.07,0,1,1,0,0,1,0,0,0,0,0,0,0,1,1,0,0,0,0,0,0
1,1,1,0,27,1,0,104.92,2831.09,0,1,1,0,0,0,0,1,0,0,1,0,0,0,0,0,0,0,0,0,1
1,0,0,0,45,1,0,90.83,4092.59,0,0,1,0,0,0,0,0,1,0,0,0,0,0,0,0,0,0,0,1,0
0,0,0,0,20,1,1,79.62,1593.4,0,1,1,0,0,1,0,0,0,1,0,1,0,0,0,0,0,1,0,1,0
1,0,1,0,62,1,0,99.11,6144.37,1,0,1,0,0,0,0,0,0,0,0,0,0,0,0,0,0,0,0,1,0
1,0,1,0,72,1,0,39.51,2837.06,1,0,0,0,0,0,0,0,0,1,0,1,1,0,0,1,1,0,0,1,0
0,0,1,0,22,1,1,29.08,628.25,0,1,0,1,1,0,1,0,1,0,1,0,1,0,1,0,0,0,1,0,0
1,0,1,0,29,1,1,94.6,2743.54,0,0,1,0,0,0,0,0,0,0,0,1,0,0,0,0,0,0,1,0,0
0,0,0,1,45,1,1,46.61,2089.38,0,0,0,0,0,0,0,1,0,1,0,1,0,0,0,0,0,0,0,0,0
0,0,1,0,63,1,0,99.35,6253.83,0,0,0,0,0,0,0,0,1,0,0,1,0,1,1,0,0,0,0,0,0
0,0,1,0,43,1,1,28.9,1252.22,0,0,0,0,0,0,0,0,0,0,0,1,0,0,0,0,0,0,0,0,0
1,0,1,0,35,0,0,116.24,4075.77,1,0,0,0,0,1,0,1,0,0,0,0,0,0,0,0,0,0,0,0,1
0,0,0,0,57,1,1,23.69,1337.36,0,0,0,0,1,0,1,0,0,0,0,0,0,1,0,1,1,0,0,1,0
1,0,0,1,71,1,0,38.03,2707.85,0,1,0,0,0,0,1,0,0,1,0,1,0,0,0,0,0,0,0,0,0
1,0,1,0,30,1,0,71.35,2125.97,0,0,1,0,0,0,1,0,1,0,0,0,0,1,1,0,1,0,0,1,0
1,0,0,0,59,1,0,28.24,1667.97,0,0,0,0,1,0,0,0,0,0,0,0,0,0,0,0,0,1,0,0,1
1,0,0,1,53,0,1,94.99,5036.39,1,0,0,1,1,0,1,0,1,0,1,0,1,0,1,0,0,0,0,0,1
0,1,1,1,41,1,1,117.32,4808.51,0,0,1,0,0,1,0,0,0,0,0,0,0,0,0,1,0,0,0,0,1
0,0,1,0,26,1,0,116.23,3044.87,0,1,0,1,1,0,1,0,1,0,1,0,1,0,1,0,0,0,0,1,0
0,0,1,0,53,1,0,42.11,2230.53,0,0,1,0,0,1,1,0,0,0,0,1,0,1,0,0,0,0,0,0,1
0,1,1,0,10,1,1,62.2,612.86,0,0,0,0,0,0,0,0,0,0,0,0,0,0,0,0,0,0,0,0,1
1,0,1,0,58,0,1,118.06,6851.38,1,0,1,0,0,0,0,1,0,0,0,0,1,0,0,0,1,0,0,1,0
1,0,0,0,33,1,0,37.22,1224.77,0,0,1,0,0,0,0,0,0,0,0,0,0,0,0,0,0,0,1,0,0
1,0,0,0,52,1,1,72.62,3759.1,0,1,1,0,0,1,0,1,0,0,0,1,0,0,0,0,0,0,0,0,0
0,0,1,0,19,1,1,109.99,2097.47,0,1,0,0,0,0,0,0,0,1,0,0,0,0,0,0,0,0,0,1,0
1,0,1,0,60,1,1,110.08,6605.16,0,1,1,0,0,0,0,0,0,1,0,1,0,0,0,0,0,0,1,0,0
1,0,1,0,0,1,1,88.24,0.0,0,0,1,0,0,0,0,0,0,0,0,1,0,1,0,1,0,1,0,1,0
0,0,1,0,6,1,1,42.03,256.25,0,1,1,0,0,0,0,1,0,0,1,0,0,1,1,0,0,0,1,0,0
1,1,1,0,17,1,0,63.48,1090.9,0,0,0,0,0,0,0,0,0,0,0,0,0,0,0,0,0,0,0,1,0
1,0,0,0,26,1,1,113.25,2947.01,0,0,1,0,0,0,0,0,0,1,0,0,0,0,0,1,0,0,0,0,0
1,0,0,1,0,1,0,62.85,1.71,0,1,0,0,0,0,0,1,0,0,0,0,0,1,0,1,1,0,0,0,0
0,0,1,0,50,0,0,67.1,3341.1,1,0,1,0,0,0,0,0,0,0,0,0,1,0,1,0,1,0,1,0,0
0,0,1,0,55,0,0,79.6,4376.92,1,0,1,0,0,0,0,1,0,0,0,1,0,1,0,0,1,0,0,1,0
0,0,0,1,14,1,0,25.16,346.59,0,0,0,0,0,0,0,1,0,1,0,0,1,0,0,1,0,0,0,1,0
1,0,0,0,56,1,0,86.32,4830.33,0,0,1,0,1,0,0,1,0,0,0,0,0,1,0,1,0,0,0,0,1
1,0,1,1,9,1,0,34.68,313.29,0,0,1,0,0,0,0,0,0,0,0,0,0,0,0,1,0,0,1,0,0
0,0,1,1,23,1,1,65.12,1509.04,0,1,1,0,0,0,0,0,0,1,0,0,0,1,0,0,0,1,0,0,0
1,0,0,1,47,1,1,117.86,5541.77,0,1,1,0,0,0,0,1,0,0,1,0,0,0,0,1,0,0,1,0,0
0,1,1,0,42,1,0,32.14,1353.05,0,1,0,1,1,0,1,0,1,0,1,0,1,0,1,0,0,0,0,1,0
0,0,0,0,8,1,0,83.39,659.81,0,1,1,0,0,0,0,0,0,0,0,0,0,0,0,0,0,1,1,0,0
0,0,0,0,44,1,1,86.06,3784.32,0,0,1,0,1,0,0,1,0,1,0,1,0,0,0,1,1,0,0,0,1
1,0,0,0,47,1,0,53.78,2528.79,0,0,1,0,0,0,0,1,0,0,0,1,0,0,0,1,1,0,0,0,0
1,0,1,1,41,1,1,102.2,4196.58,0,1,0,1,1,0,1,0,1,0,1,0,1,0,1,0,0,0,1,0,0
0,0,1,1,9,1,0,21.32,191.99,0,1,1,0,0,1,0,0,0,0,0,0,0,0,0,0,0,1,0,1,0
1,0,0,0,13,1,1,55.87,740.13,0,1,1,0,0,0,0,0,0,0,0,0,0,0,0,1,0,0,0,0,1
0,0,1,0,13,1,0,77.59,1030.43,0,0,0,0,0,0,0,0,0,1,0,0,0,0,0,0,0,0,0,0,1
0,1,0,0,50,1,0,66.32,3321.39,0,1,1,0,0,0,0,0,0,1,0,0,0,0,0,1,1,0,0,1,0
1,1,1,1,72,1,1,80.46,5780.82,0,1,1,0,0,1,0,1,0,1,1,0,0,1,0,1,0,1,0,0,0
0,0,1,1,37,1,1,106.94,3974.96,0,0,0,0,0,1,1,0,0,0,1,0,0,1,1,0,0,0,1,0,0
1,0,0,0,65,1,1,31.77,2075.02,0,1,1,0,0,1,0,0,0,0,0,1,1,0,0,0,0,0,0,0,0
0,0,1,0,9,1,0,32.15,294.14,0,0,1,0,0,0,0,0,0,0,1,0,0,1,0,0,0,0,0,0,0
0,0,1,0,26,1,0,32.72,878.5,1,0,1,0,0,0,0,0,0,1,0,0,1,0,0,0,0,1,0,0,0
0,0,0,0,54,1,0,38.45,2094.68,0,1,1,0,0,0,0,0,0,1,0,0,0,0,0,0,0,1,0,0,0
0,0,1,0,29,1,0,75.46,2203.54,0,0,1,0,1,0,0,1,0,0,0,0,0,0,0,0,0,0,0,0,0
0,1,0,1,67,1,0,85.02,5693.63,0,1,1,0,0,1,0,0,0,0,0,1,0,0,0,0,0,0,0,1,0
0,0,1,0,44,1,0,101.52,4449.45,0,0,0,0,0,1,0,1,0,1,0,1,0,0,0,0,0,1,0,0,1
1,0,1,0,65,1,1,88.93,5795.12,0,1,1,0,0,1,0,1,0,0,0,0,0,1,0,0,0,0,0,0,0
0,0,1,0,33,1,1,49.23,1618.72,0,0,0,0,0,1,0,0,0,1,0,0,0,0,0,1,0,0,0,1,0
0,0,0,1,48,0,1,97.83,4713.97,1,0,1,0,0,1,0,0,0,0,0,1,0,1,0,0,0,0,1,0,0
0,0,1,0,64,1,1,96.81,6187.14,1,0,1,0,0,0,0,0,0,1,0,0,0,0,0,0,1,0,1,0,0
1,0,1,0,26,1,0,33.87,895.2,0,0,1,0,0,0,1,0,0,1,0,1,0,0,0,0,0,0,0,1,0
0,0,1,1,5,1,1,57.02,288.03,0,0,0,0,0,0,0,1,0,0,0,0,0,0,1,0,1,0,0,0,0
0,0,0,0,63,1,1,105.13,6643.42,0,1,1,0,0,1,0,0,1,0,0,1,0,0,0,0,1,0,0,0,1
1,0,1,0,67,1,0,44.53,3005.83,0,1,1,0,0,1,0,0,0,1,0,1,0,0,0,1,0,1,1,0,0
0,0,0,0,24,1,0,86.59,2075.2,0,1,1,0,0,0,0,1,0,0,0,1,1,0,1,0,0,0,0,0,0
1,0,1,0,20,0,1,63.65,1279.37,1,0,0,0,0,1,0,0,0,0,0,0,1,0,0,0,0,0,0,0,1
1,0,1,0,15,1,0,71.06,1076.21,0,1,0,1,1,0,1,0,1,0,1,0,1,0,1,0,0,0,1,0,0
1,0,0,0,66,1,1,39.49,2602.48,0,0,0,1,1,0,1,0,1,0,1,0,1,0,1,0,0,0,1,0,0
1,0,0,0,48,1,0,66.54,3189.27,0,0,1,0,0,0,0,0,0,1,0,1,0,0,0,0,0,1,0,0,0
0,0,0,1,72,0,1,63.86,4598.86,1,0,0,0,0,0,0,1,0,0,0,0,0,0,0,1,0,0,0,0,1
1,0,1,1,10,1,0,107.6,1072.1,1,0,1,0,0,0,0,0,0,1,0,0,0,0,0,0,0,0,0,0,0
0,0,1,0,33,1,0,41.1,1359.33,0,1,1,0,0,1,0,0,0,0,0,0,0,1,0,0,0,0,1,0,0
1,0,0,0,12,1,0,25.82,313.29,0,1,1,0,0,0,0,0,0,0,0,1,0,0,0,0,0,0,0,0,1
0,0,1,0,37,1,1,57.67,2132.46,0,1,1,0,0,0,0,1,0,1,0,0,1,0,0,0,0,0,0,1,0
0,0,0,1,54,1,1,76.83,4151.76,0,0,0,0,0,0,0,0,0,0,0,1,0,0,0,0,0,0,0,0,0
0,0,0,0,26,1,0,75.28,1968.69,1,0,0,0,0,0,0,0,1,0,0,1,0,0,0,1,0,0,1,0,0
1,1,0,0,31,1,1,78.21,2424.32,1,0,0,0,0,0,1,0,0,0,0,0,0,0,0,0,1,0,0,1,0
0,0,0,0,2,1,1,86.61,162.0,0,0,0,0,0,1,0,0,1,0,0,1,0,1,0,0,0,0,0,1,0
0,0,1,0,41,1,1,111.26,4567.93,0,0,0,1,1,0,1,0,1,0,1,0,1,0,1,0,1,0,0,0,0
0,0,0,0,20,1,0,60.5,1187.07,0,1,0,1,1,0,1,0,1,0,1,0,1,0,1,0,0,0,0,0,1
1,0,1,0,47,1,0,82.4,3884.03,0,0,0,0,0,0,0,1,0,0,0,0,0,0,0,1,0,0,1,0,0
1,0,1,0,3,1,1,91.21,273.87,0,1,0,0,0,1,0,1,0,0,0,0,0,1,1,0,0,0,0,0,0
0,0,1,0,6,1,1,21.19,139.0,0,0,0,0,0,1,0,1,0,0,0,0,0,0,0,0,0,0,0,1,0
0,0,0,0,58,1,1,84.81,4908.85,0,0,0,0,1,0,0,0,0,0,0,0,0,0,0,0,0,0,0,0,1
1,0,0,0,44,1,1,40.11,1765.61,0,0,1,0,0,0,0,1,0,1,0,0,0,1,0,0,1,0,1,0,0
1,0,1,0,36,1,1,66.5,2392.12,1,0,1,0,0,1,0,0,0,1,0,1,0,0,0,0,1,0,0,0,0
0,0,0,0,59,1,1,63.95,3788.94,0,1,0,1,1,0,1,0,1,0,1,0,1,0,1,0,0,0,0,0,1
0,0,1,0,37,1,0,114.15,4240.49,0,0,0,0,0,0,0,0,0,1,0,1,0,0,0,0,0,0,0,1,0
0,0,1,1,65,1,0,63.42,4118.85,0,0,0,0,0,0,0,0,0,0,1,0,0,1,1,0,0,0,0,0,1
0,0,1,0,5,1,0,70.34,361.64,1,0,0,0,1,0,0,0,0,0,1,0,0,0,0,1,1,0,0,1,0
0,0,1,0,17,1,0,55.03,926.63,1,0,1,0,0,0,0,0,0,0,0,1,0,0,0,0,1,0,0,1,0
0,1,1,1,46,1,1,67.44,3095.03,0,1,0,0,0,1,0,1,0,0,0,1,0,0,0,0,0,0,0,0,1
0,0,1,0,54,1,1,22.43,1207.18,0,0,1,0,0,0,0,0,0,0,0,1,0,0,1,0,0,0,0,0,1
1,0,0,0,20,1,1,67.78,1371.27,0,1,1,0,1,0,0,0,0,0,0,0,0,1,0,0,1,0,0,1,0
1,1,0,0,36,1,0,100.09,3611.26,0,0,1,0,0,0,0,0,0,0,0,0,0,0,0,0,0,0,0,1,0
0,0,0,0,19,1,0,45.14,856.76,0,0,0,1,1,0,1,0,1,0,1,0,1,0,1,0,0,1,0,0,1
1,0,1,0,53,1,1,29.01,1522.8,0,0,0,0,0,0,0,0,0,0,0,0,0,0,0,0,0,1,0,1,0
1,0,0,0,7,0,0,97.12,666.9,1,0,0,0,0,0,0,0,0,1,0,0,0,0,0,0,0,0,0,0,1
0,0,1,1,3,1,0,108.31,312.84,0,1,0,0,0,0,0,0,0,1,0,0,0,0,0,1,0,0,0,0,0
0,0,1,1,52,1,0,55.47,2885.7,0,1,0,0,0,1,0,1,0,0,0,0,0,0,0,0,0,0,0,0,1
0,1,1,0,20,0,0,116.51,2317.94,1,0,0,0,0,1,0,1,1,0,0,1,0,1,0,0,1,0,1,0,0
1,0,1,0,71,0,1,24.12,1725.2,1,0,1,0,0,0,0,0,0,1,0,0,0,1,0,0,0,0,0,0,0
0,0,0,1,38,1,1,105.14,3993.11,1,0,0,0,0,1,0,0,0,0,0,1,0,0,0,0,0,0,1,0,0
1,0,1,1,66,1,1,112.59,7440.86,1,0,0,0,0,0,0,1,0,0,0,0,1,0,0,0,0,1,0,1,0
1,0,0,0,51,1,1,47.66,2445.14,0,0,0,1,1,0,1,0,1,0,1,0,1,0,1,0,1,0,0,0,1
1,0,0,0,38,1,0,114.72,4352.97,0,1,0,1,1,0,1,0,1,0,1,0,1,0,1,0,1,0,0,0,0
0,0,0,1,35,1,1,28.11,985.6,0,0,0,0,1,0,0,0,0,1,0,1,0,0,1,0,0,0,0,1,0
0,0,0,0,32,1,1,101.29,3254.9,0,1,1,0,1,0,0,0,0,0,0,0,0,0,0,1,0,1,0,0,0
0,0,1,0,6,1,0,44.86,246.93,0,0,1,0,0,0,0,0,0,0,0,0,0,0,0,0,0,0,1,0,0
0,0,0,0,15,1,1,101.83,1521.75,0,0,0,0,0,0,0,1,0,0,1,0,0,0,0,0,0,0,0,0,0
1,0,0,0,43,1,1,117.79,5070.05,0,1,1,0,0,1,0,0,0,1,0,1,0,0,0,0,0,0,0,1,0
0,0,1,1,67,1,0,113.55,7613.14,0,0,0,0,0,0,0,0,0,0,0,1,0,0,0,1,0,1,0,1,0
1,0,0,0,20,1,1,88.43,1782.82,0,1,0,0,1,0,1,0,0,1,0,0,0,1,0,0,0,0,0,1,0
1,1,1,0,30,1,1,20.28,608.65,0,1,0,0,0,0,0,0,0,0,0,1,0,1,1,0,0,0,0,0,0
0,1,0,0,72,1,1,58.43,4194.07,0,1,1,0,1,0,0,0,0,0,0,0,0,0,0,0,0,1,1,0,0
1,0,1,1,42,1,0,64.71,2715.32,0,1,0,0,0,1,0,0,0,1,0,0,0,0,0,0,0,0,0,0,1
1,0,0,0,19,1,1,94.53,1799.54,0,0,0,0,0,0,0,1,1,0,1,0,0,1,0,0,0,0,0,1,0
1,0,1,0,5,1,1,32.05,175.01,0,0,1,0,0,1,0,1,0,0,0,0,0,1,1,0,0,0,0,1,0
0,1,1,0,23,1,1,35.0,805.37,0,0,0,1,1,0,1,0,1,0,1,0,1,0,1,0,0,0,0,1,0
0,1,1,1,39,1,0,106.41,4150.92,0,0,1,0,0,0,0,0,0,0,0,1,0,0,0,0,0,0,1,0,0
0,1,1,1,45,1,1,92.6,4182.22,0,1,0,0,1,0,0,0,0,0,0,0,1,0,0,0,0,0,0,1,0
1,0,0,0,24,1,1,36.05,868.01,0,0,1,0,0,1,0,0,0,0,0,1,1,0,0,1,0,0,0,0,0
1,0,1,0,62,1,0,71.34,4411.53,0,0,0,0,0,0,0,0,0,0,0,0,0,1,1,0,0,0,0,0,1
1,0,0,0,59,1,0,71.19,4188.74,0,1,1,0,0,0,0,1,0,1,0,1,0,0,0,1,1,0,1,0,0
1,1,0,0,15,1,0,63.13,945.92,0,1,0,0,0,0,0,0,0,1,0,0,1,0,0,1,0,0,0,1,0
1,0,0,1,42,1,1,83.95,3507.56,0,0,1,0,0,1,0,1,0,1,0,0,0,0,0,1,0,0,0,1,0
0,0,0,0,25,1,0,90.01,2241.02,0,0,0,1,1,0,1,0,1,0,1,0,1,0,1,0,0,0,0,0,1
1,0,1,0,26,1,0,22.19,569.26,0,0,1,0,0,1,0,0,0,0,1,0,0,0,0,0,0,0,0,0,1
1,0,0,0,17,1,1,70.38,1194.98,0,0,1,0,0,0,0,1,0,0,0,0,0,1,0,0,0,1,0,1,0
1,1,1,0,36,1,0,92.85,3336.18,0,0,1,0,0,0,1,0,0,0,0,1,0,0,0,0,0,1,0,0,1
1,0,1,0,20,1,1,32.3,651.45,0,0,0,1,1,0,1,0,1,0,1,0,1,0,1,0,0,0,0,0,1
1,0,0,0,34,1,0,21.07,714.26,0,0,0,0,0,0,1,0,0,1,0,0,0,1,0,0,0,0,0,0,1
1,0,0,1,9,1,0,33.26,322.73,0,0,1,0,0,0,0,1,0,0,0,0,1,0,0,0,0,0,0,0,0
0,0,1,0,44,1,0,49.33,2158.76,1,0,0,1,1,0,1,0,1,0,1,0,1,0,1,0,0,0,0,0,1
1,0,0,0,57,1,0,24.62,1405.67,0,0,1,0,1,0,0,0,0,1,0,1,0,0,0,1,0,0,0,0,0
0,0,1,1,1,1,1,20.68,25.69,0,0,0,1,1,0,1,0,1,0,1,0,1,0,1,0,1,0,1,0,0
1,0,1,0,1,1,0,52.25,42.16,0,0,0,0,1,0,0,1,0,0,0,1,0,0,0,0,1,0,0,0,1
0,0,0,0,57,1,0,105.53,6019.13,0,1,1,0,0,1,0,0,0,0,0,0,0,1,0,0,0,0,1,0,0
1,1,1,0,53,1,0,87.75,4655.38,0,1,1,0,0,0,0,0,1,0,0,0,0,0,0,0,0,1,0,0,1
1,0,0,1,9,1,1,54.78,489.99,0,0,1,0,0,0,0,0,0,0,0,1,0,0,0,0,0,0,0,0,1
0,0,1,0,1,1,1,76.43,78.62,0,0,0,0,0,0,0,1,0,0,0,1,0,1,0,1,0,0,1,0,0
1,0,1,0,46,1,1,109.72,5053.62,1,0,0,0,1,0,0,0,0,0,0,0,0,0,0,0,0,1,1,0,0
1,0,0,0,60,1,0,31.44,1900.84,0,1,1,0,0,0,0,0,0,0,0,0,0,0,0,1,1,0,1,0,0
0,0,1,0,52,0,1,29.42,1526.87,1,0,1,0,0,1,0,0,0,1,0,0,0,0,0,0,0,1,0,0,1
0,1,0,1,61,1,0,33.42,2039.08,0,1,1,0,0,1,0,0,0,0,0,0,0,0,0,0,0,0,0,1,0
0,0,1,1,39,1,0,58.63,2281.28,0,1,0,0,0,1,0,0,0,0,0,0,0,1,0,1,0,0,0,0,0
1,0,1,0,23,0,1,28.83,678.38,1,0,0,0,0,0,0,1,0,1,1,0,0,1,0,0,0,0,0,0,0
0,0,1,0,4,1,1,44.36,191.58,0,1,0,0,0,0,0,0,0,0,0,0,0,0,0,1,0,0,0,0,0
1,0,0,0,71,1,0,114.87,8174.96,0,1,1,0,0,0,0,0,0,0,0,1,0,0,0,0,0,1,0,1,0
1,0,0,1,4,1,0,96.16,393.17,0,0,0,0,0,0,0,0,0,0,0,0,0,0,0,0,0,0,1,0,0
0,0,0,0,53,1,1,24.38,1289.03,0,1,0,1,1,0,1,0,1,0,1,0,1,0,1,0,0,1,1,0,0
0,0,1,1,8,1,0,21.86,165.68,0,0,0,1,1,0,1,0,1,0,1,0,1,0,1,0,0,0,0,1,0
1,0,1,0,2,1,0,112.71,217.71,0,1,0,0,0,0,0,0,0,0,0,0,0,0,0,1,0,1,1,0,0
1,0,1,0,5,0,0,51.29,258.44,1,0,0,1,1,0,1,0,1,0,1,0,1,0,1,0,0,1,0,0,0
1,0,1,0,29,1,0,44.52,1288.63,0,0,0,0,0,0,0,0,0,0,0,0,0,0,0,1,0,0,1,0,0
1,0,0,0,62,0,1,58.15,3614.13,1,0,1,0,0,0,0,0,0,0,0,0,0,0,0,0,0,0,1,0,0
1,0,0,0,5,1,1,75.11,373.82,0,1,1,0,0,0,1,0,0,0,0,1,0,1,0,0,0,0,1,0,0
0,0,0,1,41,1,0,75.33,3064.78,0,1,0,0,0,0,0,1,0,1,0,1,1,0,0,0,0,0,0,1,0
1,0,0,0,22,1,1,114.01,2509.77,0,0,0,1,1,0,1,0,1,0,1,0,1,0,1,0,0,0,0,0,0
1,0,1,1,35,1,0,41.69,1473.2,0,1,0,0,0,0,0,0,0,0,0,0,0,1,1,0,0,0,0,1,0
0,0,0,1,56,1,1,94.99,5346.96,0,0,1,0,0,0,0,0,0,1,0,1,0,1,0,1,0,1,0,1,0
0,1,1,0,67,1,1,90.88,6096.92,0,0,1,0,0,0,0,0,0,1,0,0,0,1,0,0,0,0,0,1,0
0,0,0,0,29,0,1,23.15,662.44,1,0,1,0,0,0,1,0,0,1,0,0,0,0,0,1,0,0,1,0,0
0,0,0,1,72,1,1,75.54,5432.56,0,1,1,0,0,0,0,0,0,1,0,0,0,1,0,1,0,0,0,1,0
0,0,0,0,35,1,1,92.95,3243.84,0,1,1,0,0,0,0,0,0,1,0,0,0,0,0,0,0,1,0,0,0
0,0,1,0,68,1,1,79.45,5401.68,1,0,0,1,1,0,1,0,1,0,1,0,1,0,1,0,1,0,0,0,1
1,1,0,0,20,1,0,94.07,1893.86,0,0,0,0,0,0,0,1,0,0,0,1,0,0,0,0,0,0,0,0,0
0,0,1,0,44,1,0,89.52,3926.38,0,0,1,0,0,0,0,0,0,0,0,1,0,0,0,0,0,0,0,0,0
0,0,0,1,15,1,1,117.71,1761.58,0,0,1,0,0,0,0,0,0,1,0,1,1,0,0,1,0,1,0,1,0
1,0,0,0,20,1,1,83.26,1669.49,0,0,0,1,1,0,1,0,1,0,1,0,1,0,1,0,0,0,0,1,0
1,0,0,0,31,1,1,39.71,1233.18,0,0,0,1,1,0,1,0,1,0,1,0,1,0,1,0,1,0,1,0,0
1,0,0,0,67,1,1,111.49,7457.67,0,0,0,0,0,1,0,0,0,0,0,1,0,0,0,1,1,0,0,1,0
1,0,1,1,38,1,1,117.02,4447.86,0,1,0,0,0,0,0,0,0,0,0,1,0,1,0,1,0,0,0,1,0
0,0,1,1,29,0,0,91.52,2665.65,1,0,0,0,0,0,0,0,0,1,0,0,0,0,0,1,0,0,0,1,0
1,1,0,0,8,1,0,53.94,439.21,0,0,0,0,0,0,0,1,0,0,0,1,0,0,0,0,0,0,1,0,0
1,0,1,0,36,1,0,93.13,3354.78,0,1,0,0,0,0,0,1,0,0,0,0,0,0,0,0,0,0,0,0,1
1,0,0,0,4,0,1,96.9,385.05,1,0,0,0,0,1,0,0,0,0,0,0,0,1,0,0,1,0,0,0,1
0,0,1,0,8,1,0,69.65,550.03,0,0,0,1,1,0,1,0,1,0,1,0,1,0,1,0,1,0,0,1,0
0,0,1,0,58,1,0,26.67,1559.42,0,0,1,0,0,1,0,0,0,1,1,0,0,1,0,0,0,0,0,0,1
1,0,1,0,59,1,1,88.09,5197.04,1,0,0,0,0,0,0,0,0,0,0,0,0,0,0,0,0,0,0,0,0
1,0,1,0,41,1,0,101.41,4165.53,1,0,1,0,0,0,0,0,0,0,0,0,0,0,0,0,0,1,0,0,1
0,0,0,0,57,1,0,71.51,4063.94,1,0,0,1,1,0,1,0,1,0,1,0,1,0,1,0,0,0,1,0,0
1,0,0,1,20,1,1,62.13,1225.61,0,0,1,0,0,0,0,0,0,0,0,0,0,1,1,0,1,0,0,1,0
0,0,1,0,48,1,1,86.1,4132.54,0,0,0,0,0,0,0,1,0,0,0,0,0,1,0,0,0,0,0,0,0
1,0,0,0,37,1,1,40.54,1498.69,0,0,0,0,0,1,1,0,0,0,0,0,0,0,0,0,1,0,0,1,0
0,0,0,0,38,1,0,49.76,1892.8,0,1,1,0,0,0,0,1,0,0,0,1,0,0,0,1,0,0,0,0,0
0,0,1,0,40,1,1,119.6,4787.72,0,1,1,0,0,0,0,0,0,0,0,0,0,0,0,0,1,0,1,0,0
1,0,1,0,42,1,1,69.38,2902.42,0,0,0,0,0,0,0,1,0,0,0,0,0,0,0,0,0,0,0,0,1
0,0,0,0,56,1,1,69.08,3861.34,0,0,1,0,0,0,0,1,0,0,0,0,0,1,0,0,1,0,0,0,0
1,0,0,1,66,1,0,112.7,7415.21,0,1,1,0,0,0,0,0,0,0,0,0,0,0,0,1,0,0,0,0,1
0,0,1,1,61,1,0,60.86,3704.8,0,1,1,0,0,1,0,1,0,1,0,0,0,0,0,0,0,0,0,0,1
1,1,1,0,28,0,1,49.94,1376.64,1,0,0,0,1,0,0,0,0,0,0,0,0,0,0,0,0,1,1,0,0
1,0,0,0,25,1,0,89.04,2231.21,0,1,0,0,0,0,0,0,0,1,0,1,0,0,0,1,0,0,0,0,1
0,0,0,0,35,1,1,97.63,3412.77,1,0,0,0,1,0,0,1,0,1,0,0,0,0,0,0,1,0,0,0,1
1,0,1,1,10,1,1,103.31,1024.22,0,0,0,1,1,0,1,0,1,0,1,0,1,0,1,0,0,1,0,0,1
0,0,0,1,36,1,1,51.22,1844.64,0,0,1,0,0,1,0,0,0,0,0,1,1,0,1,0,1,0,0,0,0
0,0,1,1,3,0,1,38.69,125.82,1,0,1,0,0,0,0,0,0,0,0,0,0,0,0,0,0,0,0,0,1
0,0,0,0,10,1,1,51.26,496.54,0,1,0,0,0,0,0,1,0,1,0,0,0,0,0,0,0,1,0,0,1
0,0,0,0,13,1,1,31.19,406.82,0,0,0,1,1,0,1,0,1,0,1,0,1,0,1,0,0,0,0,0,1
1,0,1,0,7,1,1,90.54,630.78,0,1,0,1,1,0,1,0,1,0,1,0,1,0,1,0,0,1,1,0,0
1,0,1,1,20,1,1,73.2,1452.2,0,0,1,0,0,1,1,0,0,1,0,0,0,0,0,0,0,0,0,1,0
1,1,0,0,32,1,0,110.84,3547.36,0,0,1,0,0,1,0,0,0,1,0,0,0,1,0,1,0,1,1,0,0
0,1,0,0,38,1,0,66.44,2520.45,0,1,1,0,0,0,0,0,1,0,0,0,0,0,0,0,0,0,0,0,0
0,0,1,0,69,1,1,30.1,2078.65,0,1,1,0,1,0,0,1,0,0,0,0,0,0,0,0,0,0,0,0,1
0,0,1,0,62,1,0,30.23,1897.73,0,0,0,0,0,0,0,0,0,0,0,0,0,0,0,0,0,0,0,1,0
0,1,1,1,8,1,0,57.29,442.48,0,0,1,0,0,0,0,0,0,0,0,0,0,0,0,0,1,0,0,0,0
1,0,1,1,37,1,0,100.97,3733.47,0,0,0,0,0,1,0,0,0,1,1,0,0,1,0,0,0,1,1,0,0
0,0,1,1,7,1,1,94.3,655.96,0,0,0,0,0,0,0,1,0,1,0,0,1,0,0,0,0,0,0,0,1
0,0,0,0,6,1,1,21.87,129.3,0,1,1,0,1,0,0,1,0,0,1,0,0,0,0,0,0,0,0,0,1
0,1,1,0,49,1,0,87.45,4272.3,0,0,1,0,0,0,1,0,0,1,0,1,0,0,0,0,0,0,1,0,0
1,1,1,0,62,0,1,42.93,2660.46,1,0,0,0,0,1,0,0,0,1,0,1,0,0,0,1,0,1,0,1,0
0,0,0,0,42,1,1,103.75,4347.0,0,1,0,0,1,0,0,1,0,0,0,0,0,0,0,0,0,0,0,0,1
1,0,0,0,22,1,0,86.77,1907.63,0,1,1,0,0,1,1,0,0,0,0,0,0,0,0,1,0,0,0,0,1
0,0,0,1,30,1,0,24.78,718.11,0,0,1,0,0,1,1,0,0,0,0,1,0,0,0,0,0,0,1,0,0
1,0,0,1,43,1,1,83.73,3607.13,0,0,0,0,0,1,0,1,0,0,0,0,0,0,0,0,1,0,0,0,0
1,0,1,0,30,1,1,27.78,850.81,1,0,0,1,1,0,1,0,1,0,1,0,1,0,1,0,0,0,0,0,1
0,1,0,0,44,1,1,66.51,2933.43,0,0,0,0,0,1,0,1,0,1,0,0,0,1,1,0,0,1,0,0,0
1,0,1,0,27,1,1,104.23,2825.21,0,1,1,0,1,0,0,0,0,0,0,0,0,1,0,0,0,0,1,0,0
0,0,0,1,52,0,1,118.3,6138.44,1,0,0,0,1,0,0,1,0,0,0,1,0,0,0,0,0,1,0,1,0
1,0,1,0,10,1,0,65.35,651.73,0,0,0,0,1,0,0,1,0,1,0,0,1,0,0,0,1,0,0,0,0
1,0,0,1,49,1,1,48.68,2387.85,0,0,1,0,0,0,1,0,0,0,0,0,0,0,0,1,0,0,0,0,0
1,0,1,0,70,1,1,67.59,4740.99,0,0,0,0,0,0,0,0,0,0,0,0,0,0,0,0,0,0,1,0,0
0,0,1,0,48,1,0,108.07,5196.57,0,1,1,0,0,0,0,0,1,0,0,0,0,1,0,1,0,0,0,1,0
0,1,0,0,62,1,0,71.07,4409.75,0,0,0,0,0,1,0,0,0,0,0,1,0,0,0,0,0,0,1,0,0
1,0,1,0,39,1,0,65.2,2549.0,0,1,1,0,0,0,0,0,0,1,1,0,0,0,0,0,0,0,0,0,1
0,0,0,0,55,1,1,42.65,2342.08,0,1,1,0,0,0,0,0,0,0,0,0,0,0,1,0,1,0,0,0,1
0,0,0,0,24,1,1,62.9,1505.96,0,0,0,0,0,1,0,1,0,0,0,1,0,0,0,1,0,0,1,0,0
0,0,1,0,4,1,1,43.75,159.38,0,0,1,0,0,0,1,0,0,0,0,0,0,0,0,0,0,0,0,0,0
1,0,0,0,71,1,1,48.06,3429.45,0,0,0,0,0,0,0,0,0,0,0,0,0,1,0,0,0,0,0,0,0
1,0,1,0,31,1,1,46.12,1425.88,0,1,1,0,0,0,0,0,0,0,0,0,0,0,0,0,1,0,0,0,1
1,0,1,0,72,0,1,49.12,3559.33,1,0,1,0,0,0,1,0,0,0,1,0,1,0,0,0,0,0,0,0,1
1,0,1,1,49,1,1,93.85,4598.94,0,1,1,0,0,0,0,0,0,0,0,1,0,1,0,0,0,0,0,0,0
0,0,1,0,53,0,1,27.37,1459.4,1,0,0,0,1,0,0,0,0,0,0,1,1,0,0,0,0,0,0,0,1
0,0,0,0,68,1,0,59.74,4050.12,0,1,1,0,0,0,0,0,1,0,0,1,0,0,0,0,0,0,1,0,0
0,1,0,1,48,1,1,65.83,3161.19,0,1,0,0,0,0,0,1,0,1,0,0,0,0,0,0,0,0,0,1,0
0,1,0,0,54,1,1,108.42,5857.38,0,0,1,0,0,0,0,0,0,0,0,0,0,0,0,1,0,0,0,1,0
0,0,0,0,36,1,1,44.6,1585.64,0,1,1,0,0,0,1,0,0,0,0,0,1,0,0,1,0,0,1,0,0
1,0,1,0,62,1,1,113.18,7012.61,0,1,0,0,0,0,0,0,0,0,0,0,0,1,0,0,0,0,0,0,1
0,0,0,0,5,1,1,79.71,401.43,0,0,0,0,0,0,0,1,0,0,0,1,0,1,0,0,0,0,1,0,0
1,0,1,1,46,1,1,20.51,926.64,0,1,0,0,0,0,1,0,0,0,0,0,0,0,0,0,0,0,0,0,1
0,0,0,0,6,0,0,72.38,419.79,1,0,0,0,1,0,0,0,0,0,0,0,0,0,0,0,0,0,0,0,0
0,0,0,0,50,1,1,104.93,5227.32,0,0,0,0,0,0,0,1,0,0,0,0,0,0,0,0,0,0,0,0,0
0,0,1,0,62,1,1,71.55,4428.72,0,1,0,0,0,0,0,0,0,0,0,1,0,0,0,1,0,0,0,1,0
0,0,1,1,56,1,0,85.22,4787.63,1,0,1,0,0,0,0,0,0,1,0,1,0,0,0,1,0,0,1,0,0
1,0,0,0,29,1,1,119.46,3472.78,0,1,0,0,0,0,0,1,0,0,0,0,0,1,0,0,1,0,0,1,0
0,0,1,0,26,1,1,23.56,606.05,0,1,0,0,0,0,0,1,0,0,0,1,0,1,1,0,0,0,0,0,1
1,0,1,1,51,1,1,118.62,6056.04,0,1,1,0,0,0,0,0,0,0,0,0,0,0,0,0,0,0,0,0,1
0,0,0,0,45,1,0,114.85,5165.74,0,0,0,0,0,0,0,0,0,0,0,0,0,1,0,0,0,0,0,0,1
1,0,1,1,54,1,1,77.33,4162.41,0,0,0,0,0,0,0,1,1,0,0,1,0,0,1,0,0,0,0,0,0
1,0,0,0,71,1,1,79.61,5661.28,1,0,1,0,0,0,0,0,0,0,0,0,0,0,0,0,0,0,0,0,0
1,0,0,0,5,1,0,52.35,271.66,0,0,1,0,0,1,0,1,0,0,1,0,0,1,0,1,0,0,0,0,0
1,0,1,0,12,1,1,71.45,856.88,0,1,0,0,0,1,0,0,0,0,0,0,0,1,0,0,0,1,1,0,0
1,0,1,0,18,1,0,47.68,859.06,0,1,0,1,1,0,1,0,1,0,1,0,1,0,1,0,1,0,1,0,0
1,0,1,0,58,0,0,82.58,4803.05,1,0,1,0,0,0,0,0,0,0,1,0,1,0,0,0,0,0,0,0,0
1,0,0,0,23,1,1,28.0,633.19,0,1,1,0,0,0,0,1,0,1,1,0,0,0,0,1,0,0,0,0,1
1,0,1,0,57,1,0,104.86,5954.77,1,0,0,0,0,0,0,1,0,1,0,0,0,1,0,0,1,0,0,0,0
0,0,1,0,28,0,1,72.4,2022.75,1,0,0,0,0,0,1,0,0,0,0,1,0,1,0,0,0,0,0,0,1
1,0,1,1,41,1,1,74.55,3059.96,0,0,1,0,0,1,0,1,0,0,0,1,1,0,0,0,1,0,0,0,1
0,0,0,0,68,1,1,99.28,6750.16,0,1,0,0,0,0,0,0,0,0,0,0,0,0,0,0,0,0,0,1,0
1,0,0,1,45,1,0,58.96,2655.87,0,1,0,0,0,1,0,0,0,0,0,0,0,0,0,0,0,0,0,0,0
1,1,0,0,48,1,1,114.51,5498.85,0,0,0,0,0,1,0,1,0,1,0,0,1,0,0,1,0,1,0,1,0
1,0,1,0,62,1,1,31.27,1935.48,0,1,0,0,0,0,0,0,0,1,0,0,1,0,1,0,1,0,0,1,0
1,0,0,1,69,1,1,90.31,6238.22,1,0,0,0,0,0,0,1,0,1,0,0,0,0,0,1,0,0,1,0,0
0,0,0,0,38,1,0,92.42,3503.99,0,1,0,0,0,0,0,1,0,1,0,0,0,1,0,1,0,1,0,1,0
0,1,1,1,40,1,0,82.3,3275.35,0,1,0,0,0,0,0,0,0,0,1,0,0,0,0,0,1,0,0,0,0
0,0,0,0,45,1,0,49.53,2215.47,0,1,0,0,0,0,0,0,0,1,1,0,0,0,0,1,1,0,0,0,0
0,0,0,1,64,1,1,96.26,6162.12,0,1,0,1,1,0,1,0,1,0,1,0,1,0,1,0,0,0,0,0,0
0,1,0,1,66,1,1,44.55,2947.41,0,1,0,0,0,1,0,0,0,0,1,0,1,0,0,1,0,1,1,0,0
0,0,1,1,56,1,1,100.36,5621.26,0,1,1,0,0,1,0,0,0,1,0,1,0,1,0,0,0,0,0,0,1
1,0,0,1,51,1,0,107.07,5448.53,0,0,1,0,0,0,0,0,0,1,0,0,0,0,0,0,1,0,0,1,0
1,0,0,0,72,1,1,37.18,2665.65,0,0,1,0,0,0,0,0,0,0,0,0,0,0,0,1,0,0,0,0,0
0,0,0,0,8,0,1,99.09,792.59,1,0,1,0,0,0,0,1,0,0,1,0,0,1,0,0,0,0,0,0,1
1,0,1,1,72,1,0,116.71,8400.28,0,1,0,0,0,0,0,0,0,1,0,0,1,0,0,1,0,0,0,1,0
1,0,0,0,2,1,0,53.16,121.5,0,0,1,0,0,1,0,1,0,0,0,0,0,0,0,1,1,0,0,0,0
0,1,1,1,50,1,1,67.43,3368.14,0,0,0,0,1,0,0,0,0,0,0,0,0,1,0,0,1,0,0,0,1
0,0,1,0,63,1,1,54.26,3420.7,1,0,0,0,1,0,0,0,0,1,0,0,0,0,0,1,0,0,0,0,1
1,0,0,1,68,1,1,48.34,3294.85,0,1,1,0,0,1,0,0,0,1,0,1,0,0,0,0,0,0,0,0,0
0,0,1,0,5,1,0,36.74,183.38,0,0,1,0,0,0,0,0,0,1,0,0,0,0,0,0,0,0,1,0,0
0,0,1,0,58,1,1,44.47,2591.73,1,0,0,0,0,0,0,0,0,0,0,1,0,0,0,0,0,1,1,0,0
0,0,0,0,26,1,1,31.15,809.06,0,1,0,1,1,0,1,0,1,0,1,0,1,0,1,0,0,0,0,0,0
0,0,1,1,2,1,1,118.77,252.73,0,0,0,0,0,0,0,1,0,1,0,1,0,0,0,0,0,1,0,1,0
0,0,1,1,16,1,1,39.51,624.23,1,0,0,0,0,0,0,0,0,1,0,1,0,1,0,0,1,0,0,0,0
1,0,0,0,53,1,1,22.67,1191.62,0,0,0,0,0,0,0,1,0,1,0,0,1,0,0,0,0,0,0,1,0
0,1,1,1,50,0,0,108.12,5405.86,1,0,1,0,0,0,0,1,0,1,0,1,0,1,0,1,0,0,0,1,0
1,0,0,0,28,1,1,102.46,2887.31,0,0,1,0,0,0,0,0,0,1,0,0,0,0,0,0,0,1,0,1,0
1,0,1,1,17,1,0,63.96,1068.02,0,0,0,0,0,0,1,0,1,0,0,1,0,0,0,0,1,0,1,0,0
0,0,0,0,46,1,0,87.83,4057.4,0,1,1,0,0,1,0,0,0,0,0,1,0,1,0,0,0,0,0,1,0
0,0,1,0,69,1,0,117.23,8071.06,1,0,1,0,0,0,0,0,0,1,0,1,1,0,0,0,0,0,1,0,0
1,0,1,1,67,1,1,40.64,2719.04,0,1,0,1,1,0,1,0,1,0,1,0,1,0,1,0,0,0,0,0,0
1,1,1,1,65,1,1,84.72,5500.79,0,1,1,0,0,0,0,1,1,0,0,0,0,1,0,0,1,0,0,0,0
1,0,1,0,9,0,0,108.44,982.84,1,0,0,1,1,0,1,0,1,0,1,0,1,0,1,0,0,0,0,0,1
1,0,1,0,35,1,0,46.08,1611.74,0,1,0,0,0,0,0,0,0,1,0,1,0,1,0,0,0,0,1,0,0
1,0,0,1,38,1,1,105.37,4014.68,0,0,1,0,0,0,0,1,0,1,0,0,0,1,1,0,0,0,1,0,0
1,0,0,0,18,1,0,63.8,1142.25,0,0,0,0,1,0,0,1,0,1,0,1,0,0,1,0,1,0,0,0,0
1,0,1,1,50,1,1,29.26,1450.5,0,0,1,0,0,1,1,0,0,1,0,0,0,0,0,0,0,0,0,0,0
0,0,0,0,34,0,1,70.79,2403.71,1,0,0,1,1,0,1,0,1,0,1,0,1,0,1,0,0,1,0,0,0
1,1,1,0,51,1,1,82.87,4210.28,0,1,0,1,1,0,1,0,1,0,1,0,1,0,1,0,0,0,0,1,0
0,1,0,0,30,1,1,37.88,1142.5,0,1,1,0,0,0,0,0,1,0,0,0,0,0,0,0,0,0,0,0,1
0,0,0,0,49,1,1,82.24,4030.68,0,0,1,0,1,0,1,0,0,1,0,0,0,1,0,0,1,0,0,0,0
0,0,0,1,5,1,0,110.47,538.46,0,0,0,1,1,0,1,0,1,0,1,0,1,0,1,0,0,0,0,0,1
0,0,0,0,59,1,0,107.71,6362.57,0,0,0,0,0,0,1,0,0,1,0,0,0,0,0,0,0,0,0,1,0
0,0,0,1,18,1,0,96.38,1732.44,0,0,0,1,1,0,1,0,1,0,1,0,1,0,1,0,0,0,1,0,0
1,0,1,1,47,1,1,111.82,5250.27,0,0,0,0,0,0,0,0,0,1,0,0,0,0,0,1,0,0,0,0,0
1,0,1,0,72,0,0,24.28,1754.89,1,0,0,0,0,0,0,1,0,0,0,0,0,0,0,1,0,0,0,1,0
1,0,1,1,28,1,0,92.51,2581.19,0,0,0,1,1,0,1,0,1,0,1,0,1,0,1,0,1,0,0,1,0
1,0,0,1,43,1,0,80.16,3449.37,0,1,0,0,1,0,0,1,0,0,0,0,0,0,0,1,0,0,0,0,0
0,1,0,0,41,1,0,78.42,3210.92,0,1,1,0,0,1,1,0,0,1,0,0,0,1,0,1,0,0,0,1,0
1,0,1,0,17,1,1,57.36,993.86,0,1,1,0,0,0,0,0,0,0,1,0,0,1,0,0,0,0,0,0,1
0,0,0,0,6,1,1,46.67,288.32,0,0,0,1,1,0,1,0,1,0,1,0,1,0,1,0,0,0,0,1,0
1,1,1,0,15,1,0,27.81,425.77,0,1,0,1,1,0,1,0,1,0,1,0,1,0,1,0,0,0,1,0,0
0,1,0,1,6,1,0,77.21,460.42,1,0,1,0,0,1,0,0,0,0,0,0,0,0,0,1,0,0,0,0,1
0,0,0,0,39,1,1,24.62,951.61,0,1,0,0,0,1,0,0,0,0,0,1,0,0,0,1,1,0,0,0,1
0,0,0,0,40,0,1,60.29,2408.1,1,0,1,0,0,1,0,0,0,1,0,1,0,0,0,0,0,0,1,0,0
1,0,0,1,6,1,1,59.08,363.92,0,1,1,0,0,1,0,0,0,1,0,1,0,0,0,0,0,0,0,1,0
0,0,1,0,29,1,1,25.59,746.23,0,1,1,0,0,0,0,0,0,1,0,1,0,0,0,0,0,1,1,0,0
0,0,1,0,14,1,0,57.82,817.21,0,1,0,0,0,1,0,0,0,1,0,0,0,1,0,1,0,0,0,0,0
1,0,0,0,61,1,1,89.34,5463.71,0,1,1,0,0,0,0,1,0,0,0,0,0,0,0,0,1,0,1,0,0
0,1,0,0,60,1,1,93.23,5582.67,0,0,0,0,0,1,0,0,0,0,1,0,0,1,0,0,0,0,0,0,1
1,0,1,0,31,1,0,50.81,1572.71,0,1,0,1,1,0,1,0,1,0,1,0,1,0,1,0,0,0,0,0,0
1,0,0,0,39,1,0,60.47,2366.93,0,0,1,0,0,0,0,0,0,0,0,0,0,1,0,0,0,1,0,1,0
0,1,0,0,56,1,1,115.41,6459.25,0,0,0,0,0,0,0,0,0,1,0,1,0,1,0,1,0,0,0,0,0
0,0,1,1,11,1,0,51.08,550.02,0,1,1,0,0,0,1,0,0,0,0,0,0,0,0,1,0,0,0,0,1
1,0,0,0,45,0,1,48.92,2203.65,1,0,0,0,0,0,0,1,0,1,0,0,0,0,0,0,0,0,0,0,1
1,0,0,1,15,1,0,25.63,391.2,0,0,0,1,1,0,1,0,1,0,1,0,1,0,1,0,0,1,0,0,0
0,0,0,0,21,1,1,116.0,2427.32,0,0,1,0,1,0,0,1,0,1,0,0,0,0,0,0,0,0,1,0,0
0,0,1,1,67,1,1,108.95,7300.95,0,0,1,0,1,0,0,1,0,1,0,0,0,0,0,0,0,1,0,1,0
1,0,1,0,25,1,1,34.66,874.48,0,1,1,0,0,0,0,1,0,0,0,0,0,0,0,0,0,0,0,0,0
0,0,0,0,13,1,0,53.41,708.29,0,1,1,0,0,0,0,0,0,1,0,0,1,0,0,1,0,0,0,0,1
1,0,1,1,1,1,0,95.09,97.43,0,0,0,0,0,0,0,1,1,0,0,0,0,0,0,0,0,0,0,1,0
0,1,0,0,30,1,1,37.84,1132.56,0,1,1,0,0,0,0,0,0,1,0,0,0,0,0,0,0,0,1,0,0
1,0,1,0,28,1,1,42.95,1202.46,0,1,0,0,1,0,0,0,0,0,0,0,0,0,0,0,0,0,0,1,0
0,1,1,0,29,1,0,35.86,1032.49,0,0,0,1,1,0,1,0,1,0,1,0,1,0,1,0,0,0,1,0,0
0,0,1,0,67,1,1,69.59,4651.16,0,0,1,0,0,0,0,0,0,0,0,0,0,0,1,0,0,0,0,0,0
1,0,0,0,33,1,1,44.1,1457.76,0,0,0,0,0,0,0,0,0,0,0,0,0,1,0,0,0,0,0,0,1
1,0,0,0,3,0,1,80.2,247.67,1,0,1,0,1,0,0,0,0,1,0,1,0,0,0,0,0,0,1,0,0
1,0,1,0,30,1,1,27.36,836.74,0,0,1,0,0,0,0,0,0,0,0,1,0,1,0,1,1,0,0,1,0
0,0,1,0,22,1,0,83.28,1836.19,0,0,0,0,0,0,0,0,0,0,1,0,0,0,0,0,0,1,1,0,0
1,0,0,1,50,1,1,53.11,2651.38,0,1,1,0,0,1,0,0,0,0,0,1,0,0,0,1,0,0,0,0,0
0,0,1,0,29,1,0,108.29,3136.7,0,1,1,0,0,1,0,1,0,1,0,1,0,0,0,0,0,0,0,0,1
0,1,0,1,11,1,0,90.82,1005.81,0,0,0,1,1,0,1,0,1,0,1,0,1,0,1,0,0,1,1,0,0
1,0,1,0,41,1,1,80.46,3302.94,0,1,0,1,1,0,1,0,1,0,1,0,1,0,1,0,1,0,0,1,0
0,0,1,0,3,1,1,78.61,229.76,0,0,1,0,0,1,0,0,0,0,0,0,0,0,0,0,0,0,0,0,1
0,0,0,0,31,1,1,100.69,3120.13,0,0,1,0,0,0,0,1,0,1,0,1,1,0,0,1,0,0,1,0,0
0,0,0,0,70,1,0,73.49,5125.46,0,1,0,1,1,0,1,0,1,0,1,0,1,0,1,0,1,0,1,0,0
1,0,0,0,59,1,0,106.74,6291.44,0,1,1,0,0,1,0,0,1,0,0,1,0,0,0,1,0,0,0,0,1
1,0,0,0,1,1,0,44.07,50.26,1,0,0,0,1,0,0,1,0,0,0,1,0,0,0,0,0,0,1,0,0
0,0,1,1,6,1,0,80.01,484.45,0,1,0,0,0,1,0,0,0,0,0,1,0,0,0,0,0,0,0,1,0
1,0,1,1,1,0,0,109.05,94.26,1,0,0,0,0,1,0,0,0,1,0,0,0,0,1,0,0,0,0,0,1
0,0,1,0,38,0,1,51.73,1968.08,1,0,0,1,1,0,1,0,1,0,1,0,1,0,1,0,1,0,0,1,0
1,0,1,1,42,1,0,75.92,3202.29,0,1,0,1,1,0,1,0,1,0,1,0,1,0,1,0,0,0,0,0,0
0,0,0,0,36,1,1,29.04,1076.55,0,1,1,0,0,0,0,0,0,1,0,0,0,0,0,1,0,1,0,1,0
1,0,0,1,33,1,1,20.87,678.71,0,0,1,0,0,0,0,0,1,0,0,1,0,0,0,1,1,0,0,0,1
1,0,1,1,17,1,1,64.11,1086.1,0,0,0,1,1,0,1,0,1,0,1,0,1,0,1,0,0,0,0,1,0
0,0,1,0,10,1,0,55.88,553.85,0,1,0,1,1,0,1,0,1,0,1,0,1,0,1,0,0,0,0,0,1
1,0,0,0,30,1,0,55.92,1682.46,0,0,0,0,0,1,0,0,0,1,0,0,0,0,0,0,0,0,0,1,0
0,0,0,1,60,1,1,62.42,3754.63,0,0,0,1,1,0,1,0,1,0,1,0,1,0,1,0,0,0,0,0,1
0,0,0,0,63,1,1,70.48,4447.39,0,1,0,0,0,0,0,1,0,1,0,0,0,0,0,0,0,0,1,0,0
1,0,0,0,13,1,1,109.87,1417.4,0,0,1,0,0,0,0,0,0,0,0,0,0,1,0,1,0,0,0,0,0
0,0,0,1,47,0,1,38.51,1812.83,1,0,0,1,1,0,1,0,1,0,1,0,1,0,1,0,0,0,0,1,0
0,0,1,0,51,0,1,84.69,4311.36,1,0,0,0,0,1,0,0,0,0,0,0,0,0,0,0,0,0,0,0,0
1,0,1,0,42,1,1,94.77,3984.36,0,1,0,0,0,1,0,0,0,1,0,0,0,0,1,0,1,0,0,0,0
1,0,0,0,16,1,1,66.34,1081.26,1,0,0,1,1,0,1,0,1,0,1,0,1,0,1,0,0,0,0,0,0
1,0,1,1,1,1,1,94.12,97.49,0,1,1,0,0,0,0,1,0,0,0,0,0,0,0,0,1,0,0,0,0
0,0,1,0,13,1,1,47.21,610.47,0,1,1,0,0,0,0,0,0,1,0,0,0,0,0,0,0,0,0,0,0
0,0,0,1,29,1,1,56.63,1658.93,0,0,1,0,0,0,0,0,0,1,0,1,0,0,0,0,0,0,0,1,0
0,0,0,0,67,0,1,62.96,4220.03,1,0,0,0,0,1,0,1,0,1,0,1,0,0,1,0,0,0,1,0,0
0,0,1,0,1,1,1,59.63,68.75,1,0,0,0,1,0,0,1,0,0,1,0,0,0,1,0,0,0,0,0,1
0,0,0,0,16,1,1,105.83,1690.39,0,1,0,0,0,1,0,0,0,0,1,0,0,0,1,0,0,1,0,0,0
1,1,1,0,14,1,1,37.24,537.48,0,1,0,0,0,0,0,1,0,0,0,0,0,0,0,1,0,0,0,0,1
1,0,1,0,53,1,1,101.42,5375.22,0,1,1,0,0,0,1,0,0,0,0,0,1,0,1,0,0,0,0,0,0
1,0,1,0,33,1,0,24.4,808.29,0,1,1,0,0,0,0,0,0,0,0,0,1,0,0,0,0,0,0,0,0
0,0,0,1,12,0,1,97.58,1163.07,1,0,1,0,0,0,0,0,0,0,0,1,0,1,1,0,0,0,1,0,0
1,0,0,0,51,1,1,33.25,1704.37,0,0,0,0,0,0,0,0,0,1,0,0,0,0,0,0,0,0,0,0,0
1,0,1,0,41,1,1,20.61,847.04,0,0,0,0,0,0,1,0,1,0,0,0,0,0,0,0,0,1,1,0,0
0,0,1,0,63,1,1,118.14,7436.23,0,1,0,0,1,0,0,0,1,0,0,0,0,0,0,0,0,0,1,0,0
0,0,1,0,37,1,1,47.31,1740.32,0,1,0,1,1,0,1,0,1,0,1,0,1,0,1,0,0,0,0,0,1
0,0,1,0,27,1,1,79.77,2156.64,0,0,0,1,1,0,1,0,1,0,1,0,1,0,1,0,0,0,0,1,0
0,0,1,0,32,1,1,21.27,673.47,1,0,1,0,0,0,0,0,0,0,0,0,0,0,0,1,0,0,1,0,0
0,0,1,0,56,1,0,67.21,3771.92,0,1,1,0,0,1,0,1,0,1,1,0,0,0,0,1,0,1,0,0,0
1,0,0,0,33,1,0,25.0,806.67,0,0,1,0,0,0,0,0,0,0,0,0,0,1,1,0,0,0,0,0,1
1,0,1,0,69,1,1,96.68,6668.1,0,1,1,0,0,0,0,0,0,1,0,1,0,0,0,0,0,0,0,0,0
0,0,1,0,62,1,1,55.98,3451.58,1,0,0,1,1,0,1,0,1,0,1,0,1,0,1,0,1,0,0,1,0
1,0,1,0,60,1,1,82.0,4925.52,0,0,0,0,0,1,0,0,0,1,0,0,0,0,0,1,1,0,0,0,0
1,0,1,0,8,1,0,106.98,856.96,0,0,0,1,1,0,1,0,1,0,1,0,1,0,1,0,0,0,0,0,0
0,1,1,0,33,1,1,51.95,1702.04,0,0,0,1,1,0,1,0,1,0,1,0,1,0,1,0,0,1,0,0,1
0,0,0,0,48,0,1,111.36,5368.31,1,0,0,1,1,0,1,0,1,0,1,0,1,0,1,0,1,0,0,1,0
1,0,1,0,24,1,0,90.49,2151.84,1,0,0,0,0,0,0,0,0,0,0,0,0,1,0,0,1,0,0,0,0
0,0,0,0,71,1,0,97.06,6884.91,0,0,0,0,0,0,0,1,0,1,0,0,0,1,0,0,0,0,1,0,0
1,0,1,1,64,1,1,59.66,3814.17,0,0,1,0,0,0,1,0,0,0,0,1,0,0,0,0,0,0,0,0,0
0,0,1,0,12,1,0,55.7,668.28,0,0,1,0,0,0,0,1,1,0,0,0,1,0,0,0,0,0,0,0,1
1,0,0,0,65,1,0,55.81,3630.28,0,1,0,1,1,0,1,0,1,0,1,0,1,0,1,0,1,0,0,1,0
0,0,1,0,55,1,0,116.57,6405.76,0,1,1,0,1,0,0,1,0,0,0,0,0,0,0,0,0,0,0,0,1
0,0,0,1,67,1,0,56.42,3781.05,0,1,1,0,0,1,0,1,0,1,0,0,0,0,0,1,0,1,1,0,0
1,0,0,0,9,1,0,38.07,349.01,0,0,1,0,0,1,1,0,0,1,0,0,0,0,0,1,0,0,0,0,0
1,1,0,0,41,1,1,29.52,1208.86,0,1,0,1,1,0,1,0,1,0,1,0,1,0,1,0,0,0,1,0,0
1,0,1,0,53,1,0,55.5,2936.13,0,0,1,0,0,0,0,0,0,0,0,1,0,1,0,0,0,0,0,0,1
0,0,0,1,50,0,1,27.74,1376.87,1,0,1,0,0,1,0,0,0,0,1,0,1,0,0,0,0,1,0,0,1
1,0,1,0,8,0,1,34.61,269.91,1,0,0,0,1,0,0,0,0,0,0,0,0,1,0,0,0,0,0,0,0
1,0,0,0,66,1,1,30.0,1990.84,0,1,0,0,0,0,0,1,0,0,1,0,0,0,0,0,0,0,0,0,1
0,1,1,1,72,0,0,60.3,4340.94,1,0,0,1,1,0,1,0,1,0,1,0,1,0,1,0,0,1,1,0,0
0,0,1,0,22,1,1,23.64,519.42,0,0,0,1,1,0,1,0,1,0,1,0,1,0,1,0,0,1,1,0,0
0,0,0,0,18,1,0,65.05,1180.45,0,0,0,0,0,0,1,0,0,0,0,1,0,0,0,1,1,0,0,0,1
1,0,0,1,25,1,0,49.76,1240.94,0,0,0,0,0,0,0,0,0,0,0,0,0,0,0,0,1,0,0,1,0
1,0,0,1,36,1,1,39.32,1418.84,0,0,0,1,1,0,1,0,1,0,1,0,1,0,1,0,0,1,0,0,0
0,0,0,1,70,1,1,33.31,2328.07,0,0,1,0,0,0,0,1,0,0,0,0,0,0,0,0,0,0,0,0,0
1,0,0,0,51,1,1,78.46,4002.42,0,0,1,0,0,0,0,0,0,1,0,0,1,0,0,1,0,1,0,0,0
0,0,1,1,66,0,0,103.69,6853.41,1,0,0,0,0,0,0,0,0,0,0,0,0,0,0,1,0,0,0,1,0
0,0,1,0,22,1,1,70.89,1574.92,1,0,0,1,1,0,1,0,1,0,1,0,1,0,1,0,0,0,0,0,1
0,0,1,1,40,1,0,91.81,3680.23,1,0,1,0,0,1,1,0,0,0,0,0,0,0,0,1,0,1,0,0,0
0,0,1,1,41,1,1,45.71,1886.04,0,1,0,0,0,0,0,0,0,0,0,0,0,0,0,0,0,0,0,0,1
1,0,1,0,23,1,1,68.29,1565.67,0,0,0,0,0,1,0,0,0,0,0,1,0,0,0,0,0,1,1,0,0
0,0,1,1,32,1,1,29.78,945.98,0,1,1,0,1,0,0,0,1,0,0,0,0,1,0,0,0,0,0,0,1
1,0,1,0,34,1,0,53.51,1803.38,0,0,0,1,1,0,1,0,1,0,1,0,1,0,1,0,1,0,1,0,0
1,0,0,0,26,1,0,60.88,1589.57,0,0,1,0,0,0,0,0,0,0,1,0,0,0,0,1,0,0,1,0,0
1,0,0,0,37,1,1,103.29,3830.82,0,0,0,0,0,1,0,0,1,0,0,1,0,0,0,0,0,1,0,0,0
0,0,0,0,15,1,0,91.73,1377.87,0,0,0,1,1,0,1,0,1,0,1,0,1,0,1,0,0,0,1,0,0
0,0,0,1,29,1,1,68.76,1993.52,0,1,0,1,1,0,1,0,1,0,1,0,1,0,1,0,0,0,0,0,0
0,0,0,1,37,1,0,87.47,3236.6,0,1,0,0,0,1,0,0,0,0,0,1,0,0,0,0,0,1,1,0,0
0,0,0,1,66,1,1,78.4,5170.18,0,1,1,0,0,0,0,1,0,1,1,0,0,1,0,1,1,0,1,0,0
0,0,0,1,54,0,1,47.82,2592.03,1,0,1,0,0,1,0,0,0,0,0,0,0,1,0,0,0,0,0,0,0
1,0,0,0,28,1,0,87.88,2455.98,0,1,0,0,0,0,0,1,0,1,0,0,0,0,0,0,0,1,0,1,0
0,0,1,0,39,1,0,40.04,1581.81,0,1,1,0,0,0,0,0,0,0,0,1,0,0,0,0,0,0,1,0,0
0,0,0,0,72,1,1,35.65,2552.64,0,0,1,0,0,0,0,0,0,0,0,1,1,0,0,1,0,0,0,0,0
1,0,1,0,6,1,0,23.89,142.1,0,1,0,1,1,0,1,0,1,0,1,0,1,0,1,0,0,0,0,1,0
1,0,0,0,26,1,1,79.51,2059.24,1,0,0,0,0,0,0,0,0,1,0,0,0,0,0,0,0,0,0,0,1
1,0,0,0,19,1,0,20.84,395.15,0,0,0,1,1,0,1,0,1,0,1,0,1,0,1,0,0,1,0,0,1
1,0,0,0,45,1,0,114.43,5136.41,0,1,1,0,0,0,0,1,0,0,0,1,0,0,0,1,0,0,0,0,0
0,0,1,1,70,1,0,48.83,3427.96,0,1,1,0,0,0,0,1,0,0,0,0,0,1,1,0,1,0,0,0,1
0,0,0,0,27,1,0,102.99,2780.23,0,1,0,1,1,0,1,0,1,0,1,0,1,0,1,0,0,0,0,0,0
0,0,1,0,65,1,1,76.91,4993.09,0,0,1,0,0,0,0,0,0,1,0,0,0,1,0,1,0,0,1,0,0
0,0,1,0,31,1,0,56.91,1759.63,0,1,0,1,1,0,1,0,1,0,1,0,1,0,1,0,1,0,1,0,0
0,1,1,0,40,1,0,76.34,3065.67,0,1,0,0,0,1,0,1,0,1,0,0,0,0,0,1,0,0,0,0,1
1,0,0,0,15,1,0,100.14,1492.68,1,0,1,0,0,0,0,0,0,0,0,0,0,0,0,1,0,0,0,0,1
1,0,1,1,68,1,0,95.09,6469.82,0,1,0,0,0,1,1,0,0,0,0,0,0,0,0,0,0,0,0,0,1
1,0,1,1,54,0,1,109.38,5891.49,1,0,0,0,0,0,1,0,0,1,0,1,0,0,0,0,0,0,0,0,0
0,0,0,0,4,1,1,114.04,453.62,0,1,0,0,0,0,0,0,0,0,0,0,0,0,0,1,0,1,0,0,1
1,0,1,0,54,1,1,34.52,1862.22,0,0,0,0,0,0,1,0,1,0,0,0,0,0,0,1,0,0,0,0,0
1,0,0,0,66,1,1,101.43,6705.54,0,0,0,0,1,0,0,0,0,0,0,1,1,0,0,0,0,0,1,0,0
1,0,1,0,13,1,1,98.34,1284.2,0,0,0,0,0,0,0,1,0,0,0,0,0,0,0,0,1,0,0,0,1
0,0,1,1,0,1,1,77.71,0.0,0,0,0,0,0,0,0,0,0,0,0,1,0,0,0,1,0,0,0,0,1
1,0,0,1,16,1,1,25.48,414.81,0,0,1,0,0,0,0,0,0,0,0,0,0,1,0,1,0,0,0,0,1
0,0,0,0,41,1,1,104.42,4271.63,0,1,0,1,1,0,1,0,1,0,1,0,1,0,1,0,0,0,0,0,0
0,0,1,0,59,1,1,110.44,6525.62,1,0,1,0,0,0,0,0,1,0,0,0,1,0,0,0,0,0,1,0,0
0,0,1,0,42,1,0,46.26,1911.4,0,1,1,0,1,0,0,1,0,1,0,0,0,0,0,0,0,1,0,0,1
0,0,0,1,56,1,1,66.79,3743.33,1,0,0,1,1,0,1,0,1,0,1,0,1,0,1,0,0,0,0,0,1
0,0,0,0,47,1,0,37.45,1766.45,0,1,1,0,0,1,1,0,0,0,0,1,0,1,0,1,0,1,1,0,0
0,0,0,0,5,1,1,59.47,297.19,0,0,1,0,0,0,0,0,0,0,0,0,0,0,0,0,0,0,0,0,1
1,0,0,0,45,1,1,42.22,1910.37,0,0,0,1,1,0,1,0,1,0,1,0,1,0,1,0,1,0,0,1,0
0,0,0,1,21,1,1,34.99,725.82,0,1,0,1,1,0,1,0,1,0,1,0,1,0,1,0,0,0,0,0,1
1,0,1,0,71,1,1,61.57,4353.99,0,0,0,1,1,0,1,0,1,0,1,0,1,0,1,0,0,0,0,1,0
0,0,0,0,63,1,0,56.09,3533.28,1,0,0,1,1,0,1,0,1,0,1,0,1,0,1,0,0,1,0,0,1
1,0,0,0,48,1,1,79.15,3804.75,0,1,0,1,1,0,1,0,1,0,1,0,1,0,1,0,0,0,0,0,1
0,1,1,0,29,1,0,84.03,2428.44,0,0,0,1,1,0,1,0,1,0,1,0,1,0,1,0,0,0,0,0,0
1,0,0,1,57,1,0,118.49,6759.76,1,0,1,0,1,0,0,1,0,0,0,0,1,0,0,0,0,0,0,1,0
0,0,1,1,70,1,1,114.83,8028.85,0,1,1,0,0,0,0,0,0,1,1,0,0,1,0,1,0,0,1,0,0
0,1,0,0,33,1,1,117.51,3862.61,0,0,1,0,0,0,0,0,0,0,0,0,0,0,0,0,0,1,0,1,0
1,1,1,0,23,1,0,28.57,661.36,0,0,0,0,0,0,0,0,1,0,0,0,1,0,0,1,0,0,0,1,0
1,1,0,0,51,1,0,110.79,5649.57,0,0,1,0,0,0,0,0,0,0,0,0,0,0,1,0,0,0,1,0,0
0,0,0,0,8,1,0,52.38,418.15,0,0,1,0,0,0,0,0,0,0,0,0,0,0,0,1,0,0,0,1,0
0,0,0,0,3,1,1,76.79,224.93,0,0,1,0,0,0,0,1,0,0,0,0,0,1,0,0,0,0,0,1,0
1,1,1,0,63,1,1,25.89,1632.41,0,1,1,0,0,1,0,0,0,1,0,0,0,1,0,0,0,1,0,1,0
0,0,1,1,68,1,0,88.73,6050.31,0,0,0,0,0,0,0,0,1,0,0,1,0,0,1,0,0,0,0,1,0
1,1,0,1,12,1,1,44.76,523.11,0,0,0,0,0,0,0,0,0,0,0,0,0,0,0,0,0,1,0,1,0
0,0,1,1,38,1,1,81.37,3089.16,0,1,0,1,1,0,1,0,1,0,1,0,1,0,1,0,1,0,0,0,0
1,0,0,1,48,1,1,89.38,4296.7,0,1,0,0,0,0,1,0,0,0,0,1,0,0,0,1,0,1,0,0,1
1,0,0,0,1,1,1,111.16,112.3,0,1,0,1,1,0,1,0,1,0,1,0,1,0,1,0,0,0,0,0,0
0,1,1,0,38,1,1,98.44,3740.25,0,0,0,0,0,0,0,0,0,0,0,0,0,0,0,0,0,0,1,0,0
1,0,0,0,51,1,1,34.42,1775.86,0,0,1,0,0,0,0,0,0,0,0,0,0,1,1,0,0,1,0,0,0
1,0,1,1,42,1,1,35.18,1477.58,0,1,1,0,0,0,0,0,0,0,0,1,0,1,0,0,0,0,0,0,0
0,1,1,1,20,1,1,57.19,1146.5,0,0,0,0,0,0,0,0,1,0,1,0,0,0,1,0,0,0,0,0,0
0,0,1,0,61,1,0,103.9,6348.08,0,0,1,0,0,1,0,0,0,0,0,0,0,1,0,0,0,0,0,0,0
1,0,1,0,71,1,1,111.91,7952.56,0,0,0,1,1,0,1,0,1,0,1,0,1,0,1,0,0,0,0,0,1
1,0,0,0,63,1,0,29.96,1879.77,0,0,0,1,1,0,1,0,1,0,1,0,1,0,1,0,0,0,0,0,1
1,0,0,0,30,1,0,63.39,1879.81,0,0,0,1,1,0,1,0,1,0,1,0,1,0,1,0,0,0,0,0,1
0,0,1,1,18,1,1,99.67,1778.66,1,0,0,0,0,1,0,0,0,0,1,0,0,1,1,0,0,0,1,0,0
0,1,0,0,67,1,0,91.77,6147.67,0,0,0,0,0,0,0,0,0,0,0,0,0,1,0,0,0,0,1,0,0
1,0,1,0,63,1,1,114.61,7212.66,0,0,1,0,0,0,0,0,0,0,0,0,1,0,0,0,1,0,1,0,0
0,1,0,1,34,1,1,116.95,3975.8,0,0,0,1,1,0,1,0,1,0,1,0,1,0,1,0,0,0,0,1,0
0,1,0,0,47,1,0,113.69,5338.68,0,0,0,0,0,0,0,1,1,0,0,1,0,0,0,0,1,0,0,1,0
0,0,1,0,49,1,1,22.77,1108.74,0,1,0,0,0,0,0,0,0,0,0,0,0,1,0,1,0,1,0,0,0
1,0,1,0,19,1,0,115.05,2173.89,0,1,1,0,1,0,0,1,0,1,0,0,0,0,0,0,0,0,0,1,0
0,0,0,0,65,0,1,100.87,6559.16,1,0,0,0,0,1,0,1,0,0,0,0,0,0,0,0,0,1,0,0,0
0,0,0,0,7,1,1,55.92,389.59,0,1,0,0,0,0,0,1,0,0,0,0,0,0,0,0,0,0,0,0,1
0,0,1,1,5,1,1,65.97,350.9,0,1,0,0,0,0,1,0,0,0,0,0,0,1,0,0,0,0,0,1,0
1,0,1,1,57,1,0,52.22,2985.22,0,1,1,0,0,1,0,1,0,0,0,0,0,0,0,1,1,0,0,0,0
0,0,0,0,56,1,1,46.62,2614.21,0,0,1,0,0,1,0,0,0,1,0,0,0,0,0,0,0,0,0,0,0
1,0,0,0,68,1,0,98.33,6690.18,0,1,0,0,0,1,0,0,0,0,0,0,0,1,0,0,0,0,0,1,0
1,0,1,0,9,1,0,54.31,484.66,0,0,1,0,0,1,0,0,0,1,0,0,0,0,0,1,0,0,1,0,0
0,1,1,0,23,1,1,87.7,2021.55,0,1,1,0,0,0,0,0,0,1,0,0,0,1,1,0,0,0,0,0,1
0,0,1,1,47,1,1,112.56,5315.61,0,1,0,1,1,0,1,0,1,0,1,0,1,0,1,0,0,0,0,0,0
1,0,0,0,35,1,0,107.56,3758.31,0,0,1,0,1,0,0,0,0,0,1,0,0,1,0,0,0,0,0,0,1
0,1,1,0,62,1,1,114.17,7073.33,0,0,0,0,0,0,0,1,1,0,0,0,0,0,0,0,0,1,1,0,0
1,0,1,0,43,1,0,117.58,5049.23,0,1,0,0,1,0,0,1,0,1,0,0,0,0,0,0,1,0,0,0,1
0,0,1,0,34,1,0,116.03,3951.43,0,0,1,0,0,0,0,1,0,0,0,0,0,0,0,1,0,1,0,1,0
0,1,0,0,38,1,1,83.18,3162.76,0,0,0,0,1,0,0,0,0,0,0,0,0,0,0,0,0,0,0,0,0
1,0,1,0,53,1,1,98.8,5231.19,0,0,0,0,0,0,0,0,0,1,0,0,0,1,0,1,0,0,0,0,0
1,1,0,0,50,1,1,101.92,5096.1,0,1,1,0,0,1,0,1,0,0,0,0,1,0,0,0,0,0,1,0,0
0,0,0,1,9,1,0,60.75,548.3,0,1,0,0,0,0,0,1,1,0,0,0,0,0,0,0,0,1,0,0,1
0,0,0,1,4,1,1,42.37,186.24,0,0,1,0,0,0,0,0,0,1,0,1,0,1,0,0,1,0,0,1,0
1,0,1,1,28,1,1,50.0,1387.33,0,0,0,0,0,0,0,0,0,0,0,0,0,1,0,0,0,0,0,0,0
0,0,1,0,20,0,1,36.49,715.29,1,0,0,0,0,0,1,0,0,1,0,0,0,0,0,0,0,0,1,0,0
1,1,0,1,13,1,0,87.3,1152.02,0,0,1,0,0,0,1,0,0,1,0,0,0,0,0,1,0,0,1,0,0
0,0,0,1,42,1,0,34.19,1431.49,0,0,0,0,1,0,0,0,0,1,0,0,0,0,0,0,0,1,0,1,0
0,0,0,0,33,1,1,105.04,3464.53,0,1,0,0,0,0,0,0,1,0,0,1,0,0,0,0,0,1,0,0,1
0,1,0,0,40,1,1,38.92,1569.63,0,1,1,0,0,0,0,0,0,1,0,0,0,0,0,0,0,0,0,0,1
1,0,1,0,48,1,0,50.78,2422.56,0,0,0,1,1,0,1,0,1,0,1,0,1,0,1,0,0,0,1,0,0
0,0,0,0,30,1,0,75.03,2238.37,0,1,1,0,0,0,0,1,0,1,0,0,0,1,0,0,0,0,1,0,0
1,0,0,1,37,1,1,74.26,2755.65,0,0,0,1,1,0,1,0,1,0,1,0,1,0,1,0,0,1,0,0,0
1,0,1,0,2,1,1,31.21,58.1,0,0,0,0,0,1,1,0,0,0,0,0,0,0,0,0,1,0,0,0,0
0,0,0,0,60,1,1,34.97,2100.98,0,1,0,1,1,0,1,0,1,0,1,0,1,0,1,0,0,1,0,0,0
1,1,0,0,64,1,1,90.49,5782.37,1,0,0,0,0,0,1,0,0,0,0,0,0,1,0,1,0,0,0,0,1
1,0,1,1,29,1,0,113.64,3302.15,0,0,1,0,0,0,0,0,0,1,0,1,0,0,1,0,0,0,0,0,0
1,0,0,0,66,1,0,39.69,2617.3,1,0,1,0,0,0,0,0,0,0,0,1,0,0,0,0,1,0,0,0,1
1,0,1,0,18,0,0,95.38,1726.01,1,0,1,0,0,0,0,0,0,1,0,1,0,0,0,1,1,0,1,0,0
1,0,0,0,33,1,1,67.58,2232.16,0,0,1,0,0,0,0,0,0,1,0,0,0,0,0,1,0,1,0,1,0
1,1,0,0,21,1,1,108.62,2270.55,0,0,1,0,0,0,0,1,0,1,0,1,0,0,0,0,0,1,0,1,0
0,1,1,0,2,1,1,40.81,77.7,0,1,0,1,1,0,1,0,1,0,1,0,1,0,1,0,0,0,1,0,0
1,0,0,0,16,0,0,53.2,859.07,1,0,0,1,1,0,1,0,1,0,1,0,1,0,1,0,1,0,0,1,0
1,0,0,1,16,0,1,99.89,1606.8,1,0,1,0,1,0,0,1,0,0,0,0,0,0,0,1,0,1,0,0,1
1,1,1,0,46,1,0,83.35,3829.88,0,0,1,0,1,0,0,0,0,0,0,0,0,1,0,0,0,0,0,0,1
0,0,0,0,61,1,1,46.27,2809.38,1,0,1,0,0,0,1,0,0,1,1,0,0,1,0,0,0,0,0,1,0
0,0,1,0,54,1,1,101.59,5479.15,0,0,1,0,0,0,0,0,0,0,0,0,0,0,0,0,1,0,1,0,0
0,0,1,1,63,1,0,97.33,6123.65,0,0,0,0,0,0,0,0,0,1,0,0,1,0,0,1,0,0,1,0,0
0,1,1,0,56,1,0,56.06,3144.45,1,0,1,0,0,0,0,1,0,1,0,0,0,0,0,0,0,0,0,0,1
1,0,1,0,48,0,1,46.86,2271.92,1,0,1,0,0,0,1,0,0,0,0,0,0,0,0,0,0,0,0,1,0
0,0,1,0,10,1,1,97.09,967.84,0,1,1,0,0,0,0,0,0,1,0,0,0,1,0,1,1,0,0,1,0
1,0,0,0,36,1,1,47.95,1724.52,0,1,0,0,0,0,0,0,0,1,0,0,0,0,0,0,0,0,1,0,0
1,0,0,1,10,1,0,27.28,277.71,0,1,0,1,1,0,1,0,1,0,1,0,1,0,1,0,0,0,0,1,0
0,1,1,0,10,1,1,104.11,1038.08,0,0,0,0,0,0,0,0,0,0,0,0,0,0,1,0,1,0,0,1,0
0,1,1,0,54,1,1,102.16,5491.89,0,1,0,1,1,0,1,0,1,0,1,0,1,0,1,0,0,1,1,0,0
1,0,1,0,44,1,1,76.63,3382.21,0,1,1,0,0,0,0,1,0,1,0,0,0,0,0,1,0,0,1,0,0
0,0,0,1,52,1,1,118.28,6142.4,0,0,1,0,0,1,1,0,0,0,0,0,0,0,0,0,0,0,0,0,0
1,0,1,0,29,1,1,94.5,2757.12,0,1,1,0,0,0,0,0,0,1,0,1,0,0,0,0,0,0,0,0,1
1,0,1,1,29,0,0,50.06,1450.17,1,0,1,0,0,0,0,0,0,1,0,1,0,1,0,0,0,1,1,0,0
1,0,1,0,10,0,0,33.85,339.01,1,0,1,0,0,1,0,0,0,1,0,1,0,1,0,1,1,0,1,0,0
0,0,1,0,50,1,1,105.9,5304.47,0,1,1,0,0,1,0,0,0,0,0,0,0,0,0,0,0,1,0,0,0
1,0,1,1,26,1,1,93.69,2442.74,0,1,0,0,0,0,0,0,0,1,0,0,0,0,0,0,1,0,0,0,1
1,1,0,1,10,1,1,38.94,393.59,0,1,0,0,0,0,0,0,1,0,0,1,0,0,0,0,0,0,0,0,0
1,1,1,0,65,1,0,39.35,2552.76,0,1,0,0,0,1,0,0,0,0,0,1,0,0,0,0,0,0,0,0,0
1,0,1,1,52,1,0,25.98,1346.6,0,0,0,0,0,1,0,1,1,0,0,0,0,1,0,1,1,0,0,0,1
1,0,0,0,43,0,1,69.12,2964.75,1,0,0,1,1,0,1,0,1,0,1,0,1,0,1,0,0,1,1,0,0
0,0,0,0,67,1,1,31.44,2099.83,0,0,0,0,0,0,0,0,0,0,0,0,0,0,0,0,0,0,0,1,0
1,0,0,0,35,1,1,102.73,3595.98,0,1,0,0,0,0,0,0,0,0,0,0,0,1,0,0,0,0,1,0,0
0,0,1,1,18,1,1,20.83,369.88,0,0,0,1,1,0,1,0,1,0,1,0,1,0,1,0,1,0,0,0,0
0,0,1,0,45,1,1,54.37,2444.29,0,1,0,1,1,0,1,0,1,0,1,0,1,0,1,0,0,0,0,0,1
1,0,0,1,51,1,1,38.44,1973.88,0,0,1,0,1,0,0,1,0,0,0,0,0,0,0,0,0,0,1,0,0
1,0,1,1,15,1,0,29.1,438.72,0,0,1,0,0,1,0,0,0,1,0,0,0,0,0,0,0,0,1,0,0
0,0,0,0,32,1,0,114.1,3647.37,0,0,1,0,0,1,0,1,0,1,0,0,1,0,1,0,1,0,0,1,0
0,0,1,1,61,1,1,30.01,1817.05,0,0,1,0,0,0,0,0,0,0,0,1,0,0,0,0,0,1,1,0,0
0,0,0,1,69,1,0,94.86,6532.87,0,1,1,0,0,1,0,1,0,1,0,0,0,0,0,0,0,0,0,1,0
0,0,1,1,47,1,1,65.71,3080.41,0,0,1,0,1,0,0,0,0,1,0,1,0,0,0,0,0,1,0,0,1
0,0,0,0,5,1,0,24.22,129.16,1,0,0,0,0,1,0,0,0,0,0,0,0,0,0,1,0,0,0,0,0
0,0,0,0,46,1,1,68.44,3141.37,0,1,1,0,0,1,0,0,0,1,0,0,0,0,0,1,0,1,0,0,0
0,1,1,0,40,1,0,31.92,1279.59,0,0,0,1,1,0,1,0,1,0,1,0,1,0,1,0,0,0,0,0,0
0,0,1,0,48,1,0,30.79,1472.78,0,1,1,0,0,0,0,0,0,0,0,1,0,0,0,1,1,0,0,1,0
1,0,0,1,33,0,0,29.1,966.96,1,0,1,0,0,0,0,0,0,0,0,0,0,1,0,0,0,0,1,0,0
0,0,0,0,43,1,1,30.64,1327.7,0,0,1,0,0,0,0,0,0,0,0,0,0,0,1,0,0,0,0,0,0
0,0,0,1,13,1,1,89.64,1158.67,0,0,0,1,1,0,1,0,1,0,1,0,1,0,1,0,0,0,1,0,0
1,0,1,1,69,1,1,116.04,8006.94,0,0,0,0,0,1,0,1,1,0,0,0,0,1,0,0,1,0,0,0,1
1,0,0,0,34,1,1,110.21,3730.4,0,0,1,0,0,1,0,0,0,0,0,0,0,0,0,0,0,0,0,0,0
1,0,0,0,69,1,0,57.14,3961.92,0,0,1,0,0,0,0,0,0,1,0,1,0,0,0,0,0,1,0,0,1
0,1,1,0,5,1,1,97.57,487.68,0,0,1,0,0,0,0,0,0,1,0,0,0,1,0,1,0,0,0,1,0
0,1,1,0,48,1,0,57.22,2747.37,0,0,1,0,0,0,0,0,1,0,1,0,0,1,0,1,0,0,0,1,0
1,0,1,0,67,0,1,45.85,3082.26,1,0,0,1,1,0,1,0,1,0,1,0,1,0,1,0,1,0,0,0,0
0,0,1,0,5,1,1,89.49,448.65,0,1,0,0,0,0,0,0,0,1,1,0,0,0,0,0,1,0,0,0,1
1,0,1,0,25,1,1,42.32,1036.93,0,0,1,0,0,0,1,0,0,0,0,0,0,0,0,0,0,0,1,0,0
0,0,1,0,37,1,1,56.12,2089.77,0,1,0,0,0,0,0,0,0,0,0,0,0,0,0,0,0,0,0,0,1
1,0,1,1,48,1,0,22.12,1065.53,0,0,0,0,0,1,0,1,0,0,0,0,0,1,0,1,0,0,1,0,0
1,0,1,0,40,0,1,109.62,4386.51,1,0,0,0,0,1,0,0,0,1,1,0,0,0,0,0,0,0,1,0,0
0,0,0,1,12,1,1,79.59,946.61,0,0,0,1,1,0,1,0,1,0,1,0,1,0,1,0,0,0,0,0,0
0,0,0,0,36,1,0,47.93,1739.42,0,0,0,1,1,0,1,0,1,0,1,0,1,0,1,0,0,1,1,0,0
1,0,1,0,22,1,1,53.61,1169.63,0,0,0,1,1,0,1,0,1,0,1,0,1,0,1,0,0,0,1,0,0
0,0,0,0,31,1,1,101.96,3158.38,0,0,0,1,1,0,1,0,1,0,1,0,1,0,1,0,0,0,0,0,1
1,0,1,0,66,1,0,113.59,7503.76,0,0,1,0,0,1,1,0,0,0,0,0,0,0,0,0,0,0,0,0,0
0,0,1,0,3,1,1,54.42,161.25,0,0,0,0,0,0,0,1,0,0,0,1,0,0,0,1,0,1,0,0,0
0,0,0,1,39,0,1,60.47,2342.65,1,0,0,1,1,0,1,0,1,0,1,0,1,0,1,0,0,0,0,0,1
1,0,1,0,12,1,1,96.02,1176.09,0,0,0,0,0,1,0,1,1,0,0,0,0,0,0,0,0,0,1,0,0
0,0,0,0,51,1,0,97.19,4958.33,0,0,1,0,0,0,0,0,0,0,0,0,0,0,0,0,0,1,0,0,1
0,1,0,0,2,0,0,27.75,54.83,1,0,0,0,0,1,0,1,0,0,0,0,0,1,0,0,0,0,0,1,0
0,1,1,0,43,1,1,37.01,1593.78,0,0,0,0,0,0,0,1,0,0,0,1,0,0,0,0,0,0,0,1,0
1,0,1,0,0,1,1,106.86,0.0,0,1,0,0,0,0,0,1,0,0,0,1,0,0,0,0,0,0,0,0,0
1,0,1,0,30,1,0,75.5,2261.4,0,0,1,0,1,0,0,0,0,1,0,0,0,1,0,1,0,0,1,0,0
1,0,0,0,0,1,0,87.76,1.74,0,0,1,0,0,0,1,0,0,0,0,0,0,0,0,0,0,0,1,0,0
1,0,1,1,16,1,0,70.28,1110.24,0,1,0,0,1,0,0,0,0,0,0,0,0,0,0,1,0,0,1,0,0
1,0,1,1,51,1,0,42.48,2174.57,0,1,0,1,1,0,1,0,1,0,1,0,1,0,1,0,0,0,1,0,0
0,0,0,0,35,1,0,30.65,1072.21,0,1,1,0,0,1,0,0,0,0,0,0,0,0,0,0,0,0,0,0,0
1,0,1,1,7,1,1,52.77,378.0,0,0,0,0,0,1,0,1,0,0,0,0,0,1,0,0,0,0,0,0,0
0,0,0,0,39,1,1,84.43,3274.64,0,0,0,0,0,0,1,0,0,0,0,0,0,0,0,0,0,0,0,1,0
1,0,0,0,59,1,0,63.92,3783.8,0,1,0,0,1,0,0,0,0,0,0,0,0,1,0,0,0,1,1,0,0
1,0,1,1,7,1,0,70.43,506.76,0,0,0,0,0,0,0,0,0,1,0,0,0,0,0,0,0,0,1,0,0
1,0,0,0,19,1,1,78.0,1480.69,0,0,0,0,0,0,0,0,0,1,0,1,0,1,0,1,0,0,0,1,0
1,0,0,0,34,1,1,59.09,2017.36,1,0,0,0,0,0,0,0,0,0,0,0,0,0,0,0,0,0,0,1,0
1,0,0,1,18,1,0,102.98,1842.48,0,1,1,0,0,0,0,0,0,0,0,1,0,0,0,0,0,0,0,0,1
0,0,0,0,44,1,1,48.47,2128.52,0,1,1,0,0,1,0,1,0,1,0,0,0,0,0,1,0,1,0,1,0
0,0,1,0,10,0,0,84.77,836.25,1,0,1,0,1,0,0,1,0,0,0,0,0,0,0,1,0,0,1,0,0
0,0,1,0,46,1,0,69.91,3209.08,0,1,0,1,1,0,1,0,1,0,1,0,1,0,1,0,0,0,1,0,0
0,1,1,0,67,1,1,112.2,7512.08,0,1,0,1,1,0,1,0,1,0,1,0,1,0,1,0,1,0,0,0,1
0,0,1,1,72,0,1,65.83,4749.46,1,0,0,0,0,0,0,0,0,0,1,0,0,0,1,0,0,0,1,0,0
0,0,0,0,48,1,0,59.7,2872.84,0,1,1,0,1,0,0,0,0,1,0,0,0,1,0,0,0,0,0,0,0
1,0,1,1,3,1,1,115.31,344.73,0,0,0,0,0,0,0,0,1,0,0,0,0,0,0,1,1,0,0,0,1
0,0,0,0,52,1,1,109.99,5717.38,0,0,0,0,0,0,0,0,0,0,0,0,0,0,0,0,0,1,0,0,0
1,0,1,1,55,1,0,82.41,4534.84,0,0,1,0,0,0,0,0,1,0,0,1,0,0,0,0,0,0,1,0,0
0,1,0,0,13,1,0,23.72,308.87,0,0,1,0,0,0,0,0,0,1,0,0,0,0,0,0,0,0,0,1,0
1,1,1,0,30,1,0,46.97,1405.31,0,0,0,0,0,0,1,0,0,0,0,1,0,1,0,0,0,0,0,1,0
1,0,1,0,29,1,0,98.59,2856.11,0,0,0,1,1,0,1,0,1,0,1,0,1,0,1,0,0,1,0,1,0
1,0,0,1,58,1,1,25.06,1450.13,0,0,1,0,0,0,0,0,0,0,0,0,0,0,0,0,0,0,0,1,0
1,0,1,0,4,1,1,91.31,354.5,0,1,1,0,0,0,0,1,0,0,0,0,0,0,0,1,0,1,0,0,1
0,0,0,1,69,1,1,110.39,7612.64,0,0,0,0,0,1,0,0,0,1,0,0,0,0,0,1,0,0,0,1,0
0,0,1,0,13,1,0,38.97,491.48,0,1,0,0,0,0,0,1,1,0,0,0,0,1,0,0,1,0,0,0,1
0,0,1,1,20,1,0,27.08,536.27,0,1,0,0,0,0,0,1,0,0,0,0,0,1,0,0,0,0,0,0,1
1,0,1,0,64,1,1,95.37,6094.33,0,0,1,0,0,0,0,1,0,1,0,0,0,1,0,0,0,0,1,0,0
0,1,0,0,28,1,0,40.33,1129.25,0,0,0,0,0,0,0,0,0,0,0,1,0,0,0,0,0,0,0,0,0
1,0,0,0,69,1,1,28.61,1965.13,0,0,0,0,0,1,0,0,0,1,0,0,0,1,0,0,0,1,0,0,0
1,0,1,0,55,1,1,68.37,3743.09,1,0,0,0,0,0,0,1,0,0,0,1,0,0,1,0,1,0,0,0,0
0,0,1,0,53,1,0,78.29,4161.87,1,0,0,0,0,1,0,0,0,0,0,1,0,1,0,1,0,1,0,0,1
1,0,1,0,8,0,0,118.95,952.8,1,0,0,0,0,1,0,1,0,0,0,0,0,0,0,1,0,0,0,1,0
1,0,0,1,69,1,1,97.14,6700.67,0,0,1,0,0,0,0,0,1,0,0,1,0,0,0,0,0,1,1,0,0
1,0,0,0,51,1,1,101.35,5163.27,0,1,1,0,0,0,0,1,0,0,0,0,0,1,0,0,1,0,0,0,0
1,0,0,0,17,1,0,110.17,1865.42,0,0,0,0,0,0,1,0,0,1,0,0,0,0,0,0,0,1,0,0,0
0,0,1,0,55,0,0,114.97,6310.88,1,0,1,0,0,0,0,0,0,0,0,1,0,0,0,0,0,0,1,0,0
0,1,0,1,7,1,0,97.29,688.26,0,0,0,1,1,0,1,0,1,0,1,0,1,0,1,0,0,0,0,0,1
1,0,0,0,61,1,1,31.04,1886.08,0,1,1,0,0,1,0,1,0,1,0,0,0,0,0,1,0,0,0,0,1
0,0,0,0,66,0,1,35.73,2361.57,1,0,0,0,0,0,0,0,0,0,0,0,0,0,0,0,0,1,0,0,0
1,0,1,1,14,1,0,117.97,1644.25,0,1,0,0,0,0,0,0,1,0,0,0,0,1,0,0,0,0,0,0,0
1,0,1,0,60,1,1,91.96,5504.17,0,0,1,0,0,1,0,0,0,0,0,0,0,0,0,0,0,0,1,0,0
1,1,0,0,40,1,0,113.49,4526.57,0,0,0,0,0,0,1,0,0,1,0,1,0,0,0,0,0,1,0,0,1
0,0,1,1,20,1,0,89.94,1806.88,0,0,0,1,1,0,1,0,1,0,1,0,1,0,1,0,1,0,0,0,0
1,0,1,0,29,1,1,66.87,1938.81,1,0,1,0,0,0,1,0,1,0,0,1,1,0,0,0,1,0,1,0,0
0,0,1,0,32,1,1,78.04,2488.54,1,0,0,0,0,0,0,1,0,0,0,0,0,0,0,1,0,0,0,0,1
0,0,0,0,29,1,1,104.97,3037.89,0,0,0,0,0,0,0,1,0,1,0,0,0,1,1,0,0,1,0,1,0
0,0,1,0,16,0,0,119.75,1929.25,1,0,0,1,1,0,1,0,1,0,1,0,1,0,1,0,1,0,0,0,0
1,0,0,1,19,1,1,98.78,1881.47,0,1,0,0,0,0,0,0,0,1,0,0,0,1,0,0,0,0,0,1,0
1,0,1,0,20,1,0,36.07,730.46,0,0,0,0,0,1,0,0,0,0,0,0,0,1,1,0,0,1,0,1,0
1,0,0,0,46,0,1,45.47,2076.81,1,0,1,0,0,0,0,0,0,0,0,0,0,0,0,0,0,0,1,0,0
0,1,0,1,41,1,0,94.94,3887.86,0,1,0,0,0,0,0,0,0,0,0,1,0,0,1,0,1,0,0,0,0
1,1,0,0,20,1,1,40.62,807.88,0,0,1,0,0,0,0,0,0,0,0,0,0,1,0,0,0,0,1,0,0
1,0,1,0,32,1,1,114.07,3654.06,1,0,0,0,0,0,0,1,0,1,0,0,0,0,0,1,0,0,0,1,0
1,0,1,0,5,1,1,65.36,329.39,0,0,0,0,0,0,1,0,0,0,0,1,0,0,0,0,0,0,0,0,1
0,0,1,0,39,1,0,81.31,3178.22,0,1,0,0,0,0,0,0,1,0,0,0,0,1,0,1,0,0,0,0,1
1,0,0,0,43,1,0,101.36,4353.14,0,1,0,0,0,0,0,0,0,0,0,1,1,0,0,0,1,0,0,0,1
1,0,1,1,26,1,1,74.75,1936.21,0,1,0,1,1,0,1,0,1,0,1,0,1,0,1,0,0,0,0,0,1
1,1,0,0,56,1,0,47.34,2646.63,0,1,1,0,0,1,0,1,0,0,0,1,0,0,1,0,0,1,0,0,1
0,0,1,0,19,1,1,34.19,655.24,1,0,0,1,1,0,1,0,1,0,1,0,1,0,1,0,0,0,1,0,0
1,0,1,1,5,1,1,100.33,509.75,0,1,0,0,0,0,0,1,0,0,0,1,0,0,0,1,1,0,1,0,0
0,0,1,0,13,0,0,80.98,1045.13,1,0,0,1,1,0,1,0,1,0,1,0,1,0,1,0,0,0,1,0,0
0,0,1,0,23,1,0,114.33,2627.26,0,0,0,0,0,1,0,0,1,0,0,1,0,1,0,0,0,1,0,1,0
1,0,0,0,58,1,1,105.6,6118.21,1,0,0,0,0,1,0,0,0,0,0,1,1,0,0,0,0,0,0,0,0
1,0,1,0,11,1,0,71.39,795.28,0,0,0,0,0,0,1,0,0,1,0,1,0,0,1,0,0,1,1,0,0
1,0,1,0,69,1,1,109.14,7524.84,0,0,1,0,0,0,0,1,0,0,0,1,0,0,0,0,0,0,0,0,0
0,0,0,0,55,1,1,28.7,1574.93,0,1,1,0,0,0,0,0,1,0,0,1,0,0,0,0,0,0,1,0,0
1,0,1,0,34,1,0,81.77,2784.33,0,0,0,1,1,0,1,0,1,0,1,0,1,0,1,0,0,0,0,0,1
1,0,0,0,35,1,1,54.49,1907.71,0,0,0,0,0,0,0,0,0,0,0,0,0,0,0,0,0,0,0,0,0
0,0,0,1,46,1,1,65.22,2996.59,0,0,0,1,1,0,1,0,1,0,1,0,1,0,1,0,0,0,1,0,0
1,0,1,1,63,1,0,53.93,3398.39,0,0,1,0,0,1,1,0,0,0,1,0,1,0,0,0,1,0,0,0,0
0,0,1,1,58,0,0,77.81,4522.63,1,0,0,1,1,0,1,0,1,0,1,0,1,0,1,0,0,0,0,0,1
1,0,1,0,31,1,0,48.19,1502.95,0,0,0,0,0,0,1,0,0,0,1,0,1,0,0,0,1,0,0,0,0
0,1,1,0,68,0,1,22.14,1502.85,1,0,0,1,1,0,1,0,1,0,1,0,1,0,1,0,0,0,0,1,0
0,0,1,0,67,1,0,31.14,2074.17,0,1,1,0,0,1,0,0,0,0,0,1,0,1,0,0,1,0,1,0,0
0,0,0,0,48,1,1,71.56,3417.8,0,1,0,0,0,0,1,0,0,0,0,0,0,0,0,0,0,0,0,0,1
1,1,1,0,9,1,0,58.78,537.73,0,0,0,0,0,0,0,0,0,0,0,1,0,0,0,0,0,0,0,0,0
0,0,1,0,13,1,1,68.89,894.96,0,0,0,0,0,0,0,0,0,0,0,0,0,1,0,0,0,0,1,0,0
1,0,1,0,61,1,1,109.55,6680.41,0,1,1,0,0,1,0,0,0,0,0,0,0,0,0,0,1,0,0,0,1
1,0,0,0,38,1,1,105.42,3997.83,0,0,0,1,1,0,1,0,1,0,1,0,1,0,1,0,0,0,0,0,0
1,0,0,0,67,1,0,42.92,2877.84,0,1,0,1,1,0,1,0,1,0,1,0,1,0,1,0,1,0,0,0,1
1,0,1,0,45,1,1,27.96,1249.33,0,1,1,0,0,0,0,0,0,1,0,1,0,0,0,0,1,0,1,0,0
0,0,0,0,2,1,0,59.9,114.63,0,1,0,0,0,0,0,1,0,0,0,1,0,0,0,1,1,0,0,1,0
1,0,1,0,62,0,0,28.56,1781.74,1,0,1,0,0,1,0,1,0,0,0,0,1,0,0,1,0,1,1,0,0
0,0,0,1,65,1,1,100.03,6507.2,0,1,1,0,0,0,0,0,0,0,0,1,0,0,0,1,1,0,0,0,1
1,0,1,0,46,1,1,80.61,3692.25,0,1,0,1,1,0,1,0,1,0,1,0,1,0,1,0,1,0,0,1,0
0,0,1,1,55,1,1,39.51,2174.88,0,0,1,0,0,0,0,1,0,0,0,0,0,1,0,1,0,1,0,0,0
1,0,1,0,12,1,0,76.64,912.45,0,0,1,0,0,0,0,1,1,0,0,1,0,1,0,1,1,0,0,1,0
1,0,0,0,48,1,1,78.02,3732.63,0,1,1,0,0,0,0,1,0,0,0,1,0,1,0,1,0,1,0,1,0
1,0,0,1,63,1,0,22.44,1412.89,0,0,1,0,0,0,0,1,0,1,0,0,0,0,0,0,0,0,0,0,1
1,0,0,0,50,1,0,68.34,3419.14,0,0,0,0,1,0,0,0,0,0,0,1,0,0,0,0,0,0,0,0,1
1,0,1,0,28,1,0,40.39,1115.88,1,0,1,0,1,0,0,0,0,0,0,0,1,0,0,0,0,1,0,0,0
1,0,0,1,58,0,1,69.48,4035.85,1,0,0,0,0,1,0,1,0,0,0,1,0,0,0,0,0,0,0,0,0
1,0,0,1,62,1,1,35.79,2225.34,0,0,0,0,0,1,0,1,0,0,0,1,0,1,0,0,0,0,0,0,1
0,0,1,1,64,0,1,99.72,6362.36,1,0,1,0,0,1,0,0,0,0,0,0,0,0,0,0,0,0,0,0,1
0,0,0,1,11,1,0,61.37,662.32,0,0,1,0,0,0,0,1,0,1,0,0,0,0,0,1,1,0,1,0,0
0,0,1,0,42,1,0,115.29,4841.23,0,0,1,0,0,0,0,0,0,0,0,1,0,0,1,0,1,0,0,0,0
0,0,0,1,65,1,0,45.8,2965.99,0,1,1,0,0,0,0,0,0,0,0,0,0,1,0,1,1,0,0,1,0
1,0,1,0,65,1,0,23.5,1544.68,0,0,0,0,0,1,0,0,0,0,0,1,0,0,0,0,0,0,0,0,1
0,0,1,1,48,1,1,97.09,4672.39,0,0,0,1,1,0,1,0,1,0,1,0,1,0,1,0,0,1,0,0,1
0,0,0,0,64,1,1,72.68,4657.98,0,1,0,0,0,0,0,0,0,0,0,0,0,0,0,1,0,1,1,0,0
0,0,1,0,64,1,1,116.83,7482.66,0,0,0,0,1,0,0,0,0,1,0,1,0,1,0,1,0,1,1,0,0
0,0,0,0,50,1,0,118.9,5940.23,0,1,1,0,0,1,0,1,0,0,0,1,0,1,0,0,0,1,0,0,0
1,0,1,0,60,1,1,109.7,6594.67,0,1,0,0,0,1,0,0,1,0,0,0,0,1,0,0,0,0,0,1,0
1,1,0,0,65,1,1,90.47,5879.12,0,0,0,0,0,0,0,1,0,0,0,1,0,0,0,0,0,0,0,1,0
0,0,0,1,9,1,1,115.31,1051.52,0,0,0,0,0,0,0,0,0,1,0,0,0,0,0,0,0,0,0,0,0
0,0,1,0,21,1,1,51.74,1082.79,0,0,1,0,1,0,0,0,0,1,0,0,1,0,0,1,0,1,1,0,0
1,0,1,1,10,1,1,76.66,756.28,0,0,1,0,0,1,0,1,0,1,0,0,0,0,0,1,1,0,0,0,1
1,0,1,0,11,1,0,55.71,637.77,0,1,0,0,0,1,0,0,0,0,0,0,0,1,0,0,0,0,0,0,1
1,0,1,0,10,1,1,20.47,208.47,0,0,0,0,0,1,0,0,0,0,0,1,1,0,0,0,1,0,0,0,1
1,1,1,1,3,1,0,106.99,331.15,0,1,1,0,0,0,0,0,0,0,1,0,0,0,0,1,0,0,0,0,0
1,1,1,1,46,1,1,116.77,5349.85,0,1,0,0,0,0,0,0,0,0,0,1,0,0,0,0,0,0,0,0,0
1,0,0,0,49,1,0,82.21,4018.1,0,1,1,0,0,0,0,0,0,0,0,0,0,0,1,0,0,0,0,1,0
1,0,0,0,0,1,1,96.03,5.04,0,0,1,0,0,0,0,1,0,0,0,0,0,0,0,0,0,0,0,1,0
0,0,0,1,40,1,1,72.81,2922.11,0,1,0,0,0,0,0,1,1,0,0,0,0,0,0,0,0,1,0,0,0
0,0,0,1,34,1,1,84.36,2875.25,0,1,1,0,0,0,0,0,0,0,0,0,0,1,0,1,0,0,1,0,0
1,0,1,1,35,1,0,107.48,3754.04,0,1,0,1,1,0,1,0,1,0,1,0,1,0,1,0,0,0,1,0,0
0,0,0,0,22,1,0,83.54,1835.89,0,1,1,0,0,1,1,0,1,0,0,0,0,1,0,0,0,0,1,0,0
0,0,0,0,43,1,1,23.41,1029.42,0,1,0,0,0,1,0,0,0,0,0,1,0,0,1,0,0,0,0,0,1
0,0,0,1,43,0,0,68.17,2937.38,1,0,1,0,0,0,0,0,0,1,0,0,0,1,1,0,1,0,0,0,1
0,0,1,0,45,1,0,47.56,2145.9,0,1,0,0,0,1,0,0,0,0,0,0,0,0,0,0,0,1,0,1,0
0,0,0,0,16,1,1,72.7,1160.84,0,0,1,0,0,0,0,0,0,0,0,0,0,1,0,0,1,0,1,0,0
1,0,0,0,24,1,1,112.76,2684.54,0,0,0,1,1,0,1,0,1,0,1,0,1,0,1,0,0,0,0,1,0
0,0,1,0,7,1,1,105.29,728.67,0,0,0,0,0,1,0,0,0,1,0,0,0,0,0,1,0,0,0,0,1
1,0,0,0,45,1,1,35.77,1611.24,0,0,0,1,1,0,1,0,1,0,1,0,1,0,1,0,0,1,0,0,1
1,1,0,1,55,1,0,57.82,3196.42,1,0,0,0,0,0,0,0,0,0,0,0,1,0,0,0,0,0,1,0,0
1,0,0,0,67,1,0,80.23,5379.27,0,1,1,0,0,1,0,1,0,0,0,1,0,0,1,0,0,0,0,0,0
0,1,0,1,63,1,1,62.39,3930.64,0,1,1,0,0,0,0,1,0,0,0,0,1,0,1,0,0,0,0,0,1
0,0,1,0,64,1,1,28.41,1842.45,0,1,0,0,0,0,0,0,0,1,0,1,0,0,0,0,0,0,0,1,0
0,0,0,1,18,1,1,74.31,1344.5,0,1,1,0,0,0,0,0,0,0,0,0,0,0,0,0,0,0,0,1,0
1,0,1,1,51,1,1,26.52,1327.49,0,1,0,0,0,0,0,1,0,0,1,0,0,1,0,0,0,0,0,0,1
0,0,1,0,68,1,1,32.12,2207.17,0,0,0,0,0,0,0,1,0,1,0,0,0,0,0,0,0,0,1,0,0
0,0,0,0,49,1,1,71.12,3486.68,0,0,0,0,0,1,0,1,0,0,0,1,0,0,0,0,1,0,0,1,0
1,0,1,0,5,1,1,43.78,204.97,0,1,0,1,1,0,1,0,1,0,1,0,1,0,1,0,0,0,0,0,0
1,0,0,1,32,1,1,39.36,1261.02,0,0,0,0,0,0,0,1,0,0,0,1,0,1,0,0,1,0,0,0,0
1,0,1,0,41,1,1,103.23,4235.59,0,0,1,0,0,0,0,1,0,0,0,0,0,0,0,0,0,1,1,0,0
1,0,0,0,28,1,0,55.31,1526.99,0,0,1,0,0,0,0,0,0,1,0,0,0,0,0,0,0,1,0,0,1
0,0,0,0,29,1,1,99.23,2874.25,0,0,0,0,0,0,0,1,0,0,0,0,0,0,0,0,0,0,1,0,0
1,1,0,1,7,1,0,94.07,662.57,0,0,1,0,0,0,0,0,0,0,1,0,1,0,0,0,0,1,0,1,0
1,0,1,0,32,1,1,79.46,2545.87,0,1,1,0,0,0,0,0,0,0,0,0,0,0,0,0,0,0,0,0,1
1,0,1,0,45,1,0,98.55,4449.56,0,1,0,1,1,0,1,0,1,0,1,0,1,0,1,0,0,1,1,0,0
0,1,1,0,69,1,1,55.72,3848.44,0,1,0,1,1,0,1,0,1,0,1,0,1,0,1,0,0,0,0,0,0
0,1,1,1,15,1,0,27.5,420.08,0,1,0,0,0,0,0,1,0,0,0,0,0,0,0,0,0,0,0,1,0
1,0,1,1,29,1,0,87.95,2547.18,0,0,0,0,1,0,0,0,1,0,1,0,0,0,0,1,0,0,1,0,0
1,1,1,0,47,1,0,108.35,5096.43,1,0,1,0,0,1,0,0,0,0,0,0,0,0,0,0,0,0,0,1,0
1,0,0,0,33,0,1,49.49,1636.75,1,0,0,1,1,0,1,0,1,0,1,0,1,0,1,0,0,0,0,0,1
1,0,0,0,37,1,1,62.8,2342.23,0,0,0,0,0,1,0,0,1,0,0,0,0,0,0,0,0,0,1,0,0
0,1,0,1,15,0,1,50.34,749.37,1,0,0,0,0,1,0,1,0,0,0,1,0,0,1,0,0,0,0,0,0
0,0,1,1,53,0,0,40.86,2160.94,1,0,0,1,1,0,1,0,1,0,1,0,1,0,1,0,0,1,0,0,0
0,0,0,0,60,0,0,95.34,5744.84,1,0,1,0,0,0,0,1,1,0,0,0,1,0,0,1,1,0,0,1,0
1,1,0,1,49,0,0,83.72,4117.83,1,0,1,0,0,0,0,0,0,0,0,0,0,0,0,1,0,1,1,0,0
0,0,1,0,6,1,1,32.77,182.0,0,1,0,0,0,0,0,1,1,0,0,1,0,0,0,0,0,0,1,0,0
1,0,1,1,5,0,0,85.88,429.34,1,0,1,0,0,0,0,0,0,0,0,1,0,1,0,0,0,0,0,0,1
0,1,1,0,71,1,1,62.5,4439.9,0,0,1,0,0,0,0,0,0,0,0,0,0,0,0,0,0,0,1,0,0
1,0,1,1,62,1,0,25.63,1584.88,1,0,1,0,0,0,1,0,0,1,0,0,0,0,0,0,0,0,0,1,0
1,0,0,0,19,1,0,68.81,1318.16,0,0,0,0,0,0,0,0,0,0,1,0,0,0,0,1,1,0,1,0,0
1,0,0,1,36,1,1,58.12,2094.8,0,0,0,1,1,0,1,0,1,0,1,0,1,0,1,0,0,1,0,1,0
0,0,0,0,4,1,1,44.62,180.68,0,0,0,1,1,0,1,0,1,0,1,0,1,0,1,0,0,1,0,0,0
0,0,0,0,8,1,1,53.17,418.27,0,1,0,1,1,0,1,0,1,0,1,0,1,0,1,0,1,0,0,0,1
1,0,1,0,61,1,0,94.87,5789.59,0,1,1,0,0,0,0,0,0,1,0,0,0,0,0,1,0,0,0,1,0
0,0,1,0,65,0,0,36.67,2388.11,1,0,1,0,0,0,0,0,0,0,0,0,0,1,0,0,0,0,0,1,0
0,0,1,0,70,1,1,58.69,4102.05,0,1,0,1,1,0,1,0,1,0,1,0,1,0,1,0,0,1,0,0,1
1,0,1,0,7,1,0,75.15,532.15,0,0,1,0,0,0,1,0,0,0,0,0,0,1,0,0,0,0,0,0,1
0,0,0,0,18,1,0,113.51,2056.49,0,0,0,1,1,0,1,0,1,0,1,0,1,0,1,0,0,0,1,0,0
0,0,1,0,8,1,0,60.2,482.0,0,0,0,0,0,0,0,0,0,0,0,0,0,1,1,0,0,0,0,1,0
0,0,0,0,11,1,1,114.28,1250.8,0,1,1,0,1,0,0,0,0,0,1,0,0,0,0,0,0,0,1,0,0
1,0,1,0,47,1,1,80.62,3805.79,0,1,0,0,0,0,0,0,1,0,0,0,0,1,0,1,1,0,0,0,0
0,0,0,0,52,1,1,56.66,2951.27,0,0,1,0,0,1,0,0,0,0,0,0,0,0,0,0,0,0,0,0,0
1,0,0,0,3,1,1,111.32,331.37,0,1,0,1,1,0,1,0,1,0,1,0,1,0,1,0,0,1,0,0,0
1,0,1,1,63,0,1,46.16,2912.79,1,0,0,1,1,0,1,0,1,0,1,0,1,0,1,0,0,0,0,0,1
0,0,1,0,33,1,1,39.06,1297.48,0,0,1,0,0,0,0,0,0,0,0,0,0,0,0,0,0,0,0,0,0
1,0,0,1,20,0,1,50.75,1017.58,1,0,0,1,1,0,1,0,1,0,1,0,1,0,1,0,0,0,0,1,0
1,1,1,0,2,1,1,81.83,161.74,1,0,0,0,0,1,1,0,0,0,0,0,0,0,0,1,0,0,0,0,1
0,1,0,1,54,1,1,93.38,5051.59,0,1,0,0,0,0,0,0,0,0,1,0,0,1,0,0,0,1,0,0,1
0,0,1,1,26,1,0,40.25,1046.69,0,0,0,0,0,0,0,0,1,0,0,1,0,0,0,1,0,0,0,1,0
1,0,1,1,45,0,0,23.41,1051.94,1,0,1,0,0,1,0,0,1,0,0,0,0,1,0,0,1,0,1,0,0
1,0,1,0,10,1,1,35.43,355.54,0,0,1,0,0,0,0,0,0,1,0,1,0,1,0,0,0,0,0,0,1
1,1,0,0,69,1,1,33.71,2329.66,0,0,1,0,0,1,0,0,0,1,0,0,0,0,0,0,0,0,0,0,0
0,0,0,1,40,1,0,28.58,1152.94,0,0,1,0,0,1,0,0,0,0,0,1,0,0,1,0,0,1,1,0,0
1,1,0,0,13,1,1,117.24,1518.46,0,0,0,0,0,1,0,0,0,1,0,1,0,1,0,0,0,0,0,0,1
0,0,1,0,21,0,1,60.89,1279.55,1,0,0,1,1,0,1,0,1,0,1,0,1,0,1,0,0,0,0,0,1
1,0,0,1,17,1,0,25.18,423.48,0,1,1,0,0,1,0,0,0,1,0,0,0,1,0,1,0,0,0,0,0
1,1,1,0,10,1,0,117.0,1157.74,0,0,1,0,0,1,0,0,0,1,0,1,0,1,0,1,0,0,0,0,0
0,0,1,1,22,1,1,108.68,2401.58,0,1,0,1,1,0,1,0,1,0,1,0,1,0,1,0,0,0,1,0,0
1,0,1,1,26,1,0,111.31,2887.62,0,0,1,0,0,0,0,1,0,0,0,0,0,0,0,0,0,0,1,0,0
0,0,0,0,44,1,1,51.51,2273.65,0,0,0,1,1,0,1,0,1,0,1,0,1,0,1,0,0,0,0,0,0
0,0,1,0,10,1,1,30.81,306.55,0,1,0,0,0,0,0,0,0,1,0,1,1,0,0,0,0,0,0,0,1
1,0,0,0,54,1,0,117.59,6356.29,0,1,0,0,0,1,0,0,0,0,0,0,0,0,0,1,0,0,0,0,1
0,0,0,0,45,1,0,108.72,4894.67,0,1,0,0,0,1,0,0,0,0,0,0,0,0,0,0,0,0,0,0,0
1,0,1,0,29,1,1,89.23,2600.22,0,0,0,0,0,0,0,0,1,0,0,0,0,0,0,0,0,1,0,0,0
0,0,0,1,41,1,1,73.54,3015.44,1,0,0,1,1,0,1,0,1,0,1,0,1,0,1,0,1,0,0,0,0
0,0,0,0,63,1,1,29.14,1831.67,1,0,0,0,0,0,0,1,0,1,0,0,0,1,0,0,0,0,0,0,0
1,1,1,0,46,1,1,110.33,5087.22,0,0,0,0,0,0,1,0,0,0,0,0,0,1,0,1,0,0,0,0,0
0,0,0,0,0,1,0,35.88,0.0,1,0,0,0,0,0,0,0,0,1,0,0,0,0,0,0,0,0,1,0,0
1,0,0,1,16,1,1,22.15,353.26,0,1,1,0,0,1,0,1,0,1,0,1,1,0,0,0,0,1,0,0,0
0,0,1,0,67,1,1,110.93,7427.57,0,0,0,0,0,0,0,0,1,0,0,1,0,0,0,1,0,0,1,0,0
0,0,1,0,13,1,1,53.63,695.22,0,0,0,0,0,1,0,0,0,1,0,1,0,1,0,0,1,0,1,0,0
0,0,1,1,37,1,1,53.94,1989.38,0,0,0,0,1,0,0,0,0,1,0,0,0,1,0,0,0,1,0,0,0
0,0,0,0,60,1,0,90.57,5461.82,0,1,0,0,0,1,0,0,0,0,0,1,0,0,0,1,1,0,0,0,1
1,0,1,0,39,1,1,49.77,1931.07,0,1,1,0,1,0,0,0,0,0,0,1,0,0,0,0,0,0,0,1,0
0,0,0,0,8,1,1,47.05,378.56,0,0,1,0,0,0,0,0,1,0,0,0,0,1,0,0,0,0,0,0,1
1,0,0,1,11,1,0,42.91,483.85,0,0,0,1,1,0,1,0,1,0,1,0,1,0,1,0,0,0,0,1,0
0,0,0,0,32,1,0,104.53,3348.42,1,0,1,0,1,0,0,0,0,0,0,0,0,1,0,0,0,0,0,1,0
1,1,0,0,70,1,1,76.41,5349.87,0,0,0,1,1,0,1,0,1,0,1,0,1,0,1,0,0,0,0,0,1
1,0,1,0,38,1,0,59.66,2274.22,0,0,0,1,1,0,1,0,1,0,1,0,1,0,1,0,0,0,1,0,0
1,0,0,0,38,1,1,25.07,965.55,0,0,0,0,0,1,0,1,0,0,0,0,0,0,0,1,0,0,0,0,0
0,0,1,0,61,1,1,112.39,6853.22,0,0,0,0,0,0,0,0,0,0,0,0,0,0,0,0,1,0,0,0,0
1,0,0,0,15,1,1,24.08,367.15,0,1,1,0,0,0,0,1,0,1,0,0,0,1,0,0,0,0,0,0,0
1,0,1,1,21,1,1,100.15,2108.46,0,0,1,0,0,0,0,1,0,0,0,0,0,1,0,0,0,0,0,1,0
0,0,1,0,59,0,0,23.85,1399.35,1,0,1,0,0,0,0,0,0,0,0,0,0,1,0,0,0,0,0,1,0
1,0,1,0,11,1,0,98.55,1070.93,0,1,1,0,0,0,0,0,0,0,0,0,0,0,0,0,0,0,1,0,0
1,0,1,0,36,1,1,86.65,3109.47,0,0,1,0,0,0,0,1,0,0,0,1,0,1,0,1,0,0,0,1,0
0,0,1,0,16,1,1,79.17,1274.36,0,0,0,1,1,0,1,0,1,0,1,0,1,0,1,0,0,0,1,0,0
0,1,0,0,57,1,1,96.57,5513.07,0,0,0,1,1,0,1,0,1,0,1,0,1,0,1,0,0,0,0,1,0
1,0,0,0,53,1,0,112.86,5987.93,0,0,1,0,0,0,0,0,0,0,0,1,0,0,0,0,0,1,1,0,0
0,0,1,0,27,1,1,74.85,2025.26,0,1,1,0,0,0,0,0,0,0,0,0,0,0,0,1,0,0,0,0,1
0,0,1,0,5,1,0,48.47,235.27,0,0,0,0,0,0,0,0,0,0,1,0,0,1,1,0,0,0,0,1,0
1,0,1,0,49,1,0,115.14,5619.55,0,0,0,1,1,0,1,0,1,0,1,0,1,0,1,0,0,0,1,0,0
0,1,0,0,30,1,0,96.43,2892.13,1,0,0,0,0,1,0,1,0,0,0,0,0,0,0,0,0,1,0,0,1
0,0,1,0,46,1,1,29.53,1369.99,0,1,0,1,1,0,1,0,1,0,1,0,1,0,1,0,0,0,1,0,0
0,0,0,1,38,1,1,106.23,4039.95,0,1,1,0,0,0,0,0,0,0,1,0,0,0,1,0,0,0,0,0,1
1,0,0,1,28,1,1,42.83,1204.17,0,1,0,0,0,0,1,0,0,0,0,0,0,0,0,0,0,0,0,1,0
1,0,0,0,31,1,0,107.71,3344.93,0,0,0,0,0,0,0,0,0,1,0,0,0,0,0,0,0,0,0,0,1
0,1,0,0,29,1,1,102.4,2971.83,0,0,0,1,1,0,1,0,1,0,1,0,1,0,1,0,0,1,0,1,0
0,1,0,1,35,1,1,29.12,1014.61,0,1,1,0,0,1,0,0,0,0,0,0,0,1,0,0,0,1,1,0,0
1,1,0,1,38,1,1,110.98,4222.54,0,1,1,0,0,1,0,0,0,0,0,1,0,0,0,1,0,0,0,1,0
1,1,0,0,11,1,0,93.36,1036.61,0,0,0,1,1,0,1,0,1,0,1,0,1,0,1,0,0,0,0,0,1
0,0,1,0,68,1,0,61.06,4151.89,0,1,0,1,1,0,1,0,1,0,1,0,1,0,1,0,1,0,1,0,0
0,1,1,0,2,1,0,82.76,168.91,0,0,1,0,0,0,0,1,0,0,0,0,0,0,0,0,1,0,0,0,0
1,1,1,1,8,1,0,85.34,672.47,0,1,0,0,0,0,0,0,1,0,0,0,0,0,0,1,0,0,1,0,0
1,1,1,0,28,1,1,95.84,2695.21,0,0,1,0,0,0,0,0,0,0,0,0,0,0,1,0,0,1,0,0,1
1,0,1,0,10,1,0,45.08,451.86,0,0,1,0,0,1,0,0,0,1,1,0,0,0,0,0,0,1,0,1,0
0,0,1,1,55,1,1,38.3,2091.09,0,0,0,1,1,0,1,0,1,0,1,0,1,0,1,0,0,1,0,0,0
0,0,1,0,58,0,1,24.68,1439.5,1,0,1,0,0,0,0,0,0,1,0,1,0,0,1,0,0,1,0,0,1
0,0,1,1,12,1,1,44.14,516.19,0,0,0,1,1,0,1,0,1,0,1,0,1,0,1,0,0,0,0,0,0
1,0,1,0,37,0,1,81.1,2999.36,1,0,1,0,0,0,0,0,0,1,0,0,0,1,0,1,0,1,1,0,0
1,1,1,1,46,1,1,27.65,1263.63,0,1,0,0,0,1,0,0,0,1,0,1,1,0,0,1,0,0,0,0,1
1,0,0,0,54,1,1,38.33,2052.85,0,1,0,1,1,0,1,0,1,0,1,0,1,0,1,0,0,0,0,0,0
0,0,0,1,32,1,1,37.43,1193.24,1,0,0,0,0,1,0,0,0,0,0,0,0,0,0,0,0,0,1,0,0
1,0,1,0,10,1,1,25.49,261.16,0,1,0,0,0,1,1,0,0,1,0,1,0,1,0,0,1,0,0,0,1
0,0,1,0,53,1,1,39.87,2113.85,0,0,0,0,0,1,0,1,0,0,0,0,0,1,0,0,0,0,1,0,0
1,0,0,0,71,1,1,110.12,7826.02,0,1,0,1,1,0,1,0,1,0,1,0,1,0,1,0,0,0,1,0,0
0,0,0,1,35,1,0,60.33,2117.48,0,0,0,0,0,1,0,0,0,0,0,0,1,0,0,0,1,0,1,0,0
0,0,1,1,31,1,1,82.44,2566.79,0,0,0,1,1,0,1,0,1,0,1,0,1,0,1,0,0,0,1,0,0
1,0,1,0,24,1,0,67.28,1623.65,0,1,0,0,0,0,0,0,0,1,0,0,0,0,0,0,0,0,1,0,0
1,0,1,1,72,1,1,39.35,2846.18,0,0,0,0,0,0,0,0,0,0,0,1,0,0,1,0,0,0,0,0,1
0,0,0,1,52,1,1,67.07,3479.84,0,0,0,1,1,0,1,0,1,0,1,0,1,0,1,0,0,0,0,0,0
1,0,1,0,4,1,1,33.28,121.01,0,0,0,0,0,0,1,0,0,1,0,1,0,1,0,0,0,0,0,0,0
0,0,0,0,24,1,0,28.36,675.73,0,1,1,0,0,0,0,0,0,0,1,0,0,0,0,0,0,0,0,0,1
0,0,0,0,56,1,1,20.07,1114.51,0,0,0,1,1,0,1,0,1,0,1,0,1,0,1,0,0,0,0,1,0
1,0,1,1,65,1,1,37.35,2394.99,1,0,1,0,0,0,0,0,0,1,0,0,0,1,1,0,0,1,0,1,0
1,0,1,0,50,1,1,58.44,2937.57,0,1,1,0,0,0,0,0,0,1,1,0,0,1,0,0,0,0,0,1,0
1,0,0,0,46,1,1,118.73,5462.16,1,0,1,0,0,1,0,0,0,0,0,0,0,0,0,1,0,0,0,0,0
1,0,0,1,12,1,0,25.12,298.68,0,1,1,0,0,1,0,0,1,0,0,1,0,0,1,0,0,0,1,0,0
1,0,0,0,26,1,1,71.41,1857.55,0,0,1,0,0,0,0,0,0,0,1,0,0,1,0,0,0,1,0,0,1
1,0,1,0,46,1,0,109.85,5052.85,0,0,1,0,0,0,1,0,0,1,0,0,0,1,0,0,0,1,0,0,0
0,0,0,0,71,0,1,46.22,3289.01,1,0,1,0,0,1,0,0,0,1,0,1,0,0,0,0,0,0,0,0,0
1,0,0,0,31,1,0,87.33,2714.86,0,0,0,0,0,1,0,0,0,0,0,1,0,0,0,0,0,0,0,1,0
1,0,1,0,2,1,1,104.84,216.28,0,1,0,0,1,0,0,0,0,1,0,0,0,1,0,1,0,0,1,0,0
1,0,0,0,55,1,0,33.37,1842.0,0,0,0,0,0,0,0,0,0,0,0,0,0,0,0,1,0,0,1,0,0
1,0,1,0,13,1,1,93.11,1220.65,0,0,1,0,0,0,0,0,0,0,0,1,0,1,0,0,0,1,0,0,1
0,0,0,0,20,0,1,88.01,1747.13,1,0,1,0,0,0,0,0,0,0,0,0,0,0,0,1,0,1,0,0,1
0,0,1,1,44,1,1,40.84,1792.34,0,1,0,1,1,0,1,0,1,0,1,0,1,0,1,0,0,0,0,0,0
0,0,1,1,46,1,1,79.79,3680.05,0,0,0,0,0,1,0,0,1,0,0,0,0,0,0,0,0,0,1,0,0
1,0,0,0,10,1,1,113.46,1132.66,0,1,1,0,0,0,0,1,0,1,0,0,0,0,0,1,1,0,0,1,0
0,1,1,1,69,1,1,21.63,1498.6,1,0,0,0,0,0,0,0,0,0,0,1,0,0,0,0,0,0,0,1,0
1,1,0,1,66,1,0,99.27,6558.17,1,0,1,0,0,0,0,0,0,1,0,1,0,1,0,1,0,0,0,0,1
1,0,1,0,29,1,1,114.51,3322.43,0,0,0,0,0,0,0,0,0,0,0,1,0,1,0,1,0,0,0,0,0
1,0,1,0,15,1,1,50.96,767.5,0,1,1,0,0,1,0,1,0,0,0,0,0,0,1,0,0,0,0,1,0
1,1,1,0,0,1,0,58.57,0.0,0,0,0,0,0,1,0,0,0,0,1,0,0,1,0,0,0,0,0,0,1
1,0,0,0,47,1,0,73.89,3485.08,0,0,1,0,0,0,1,0,0,0,0,0,0,1,0,0,1,0,0,1,0
1,0,0,1,17,1,0,112.69,1916.4,0,0,0,0,1,0,0,0,0,0,0,1,0,1,0,0,0,0,0,1,0
0,0,1,0,27,1,0,79.81,2164.5,0,0,0,0,0,0,0,1,0,0,0,0,0,0,0,1,0,1,0,1,0
0,0,0,0,20,1,0,119.52,2392.53,0,1,0,0,0,0,0,0,0,0,0,1,0,0,0,1,1,0,0,1,0
1,0,1,0,28,1,0,22.21,634.06,0,0,1,0,0,0,0,1,0,0,0,1,0,0,0,1,1,0,0,0,1
1,0,0,0,71,0,1,50.84,3614.51,1,0,1,0,0,0,0,0,0,0,0,0,0,1,0,1,1,0,1,0,0
0,0,1,0,12,1,1,117.59,1410.29,0,1,1,0,0,1,0,0,0,0,0,0,0,1,0,1,0,0,0,0,0
0,0,0,0,24,0,1,55.95,1346.66,1,0,1,0,1,0,0,0,0,0,0,0,0,0,0,1,0,0,1,0,0
0,0,0,0,70,1,1,106.36,7437.98,0,0,0,0,0,1,0,1,0,1,0,0,1,0,0,0,0,0,0,1,0
0,0,0,0,41,1,1,42.66,1753.43,0,1,0,0,0,0,0,0,0,1,0,1,0,0,0,0,1,0,0,1,0
0,0,1,1,2,1,1,50.64,97.38,0,0,0,0,0,0,0,0,1,0,0,0,0,0,0,0,0,0,0,0,0
0,0,0,1,15,1,1,47.91,728.03,0,1,1,0,0,1,0,0,0,0,1,0,0,0,1,0,0,0,1,0,0
1,0,1,0,68,1,1,62.34,4233.87,0,1,0,1,1,0,1,0,1,0,1,0,1,0,1,0,0,0,1,0,0
0,0,1,0,51,0,1,80.74,4108.4,1,0,0,0,0,0,0,1,0,0,0,0,0,0,0,0,0,0,0,0,1
1,0,1,1,15,1,0,63.31,957.45,0,0,1,0,0,0,0,0,0,1,0,1,0,0,0,1,0,0,0,0,0
1,0,1,1,54,1,1,50.97,2741.06,1,0,0,0,0,0,0,1,0,0,0,0,0,0,0,1,1,0,0,1,0
1,0,1,1,61,1,0,82.11,4995.16,0,1,0,1,1,0,1,0,1,0,1,0,1,0,1,0,0,1,0,0,1
1,0,0,0,14,1,0,49.36,682.22,0,1,1,0,0,0,0,0,0,0,0,0,0,0,0,0,1,0,0,0,0
0,0,1,1,66,1,0,90.61,5983.34,0,0,0,0,0,1,0,0,0,0,0,0,0,0,0,1,0,0,1,0,0
0,0,0,0,14,1,1,115.1,1612.9,0,0,0,0,0,0,0,1,0,1,0,0,0,0,0,1,1,0,0,0,0
1,0,0,0,71,1,0,84.69,5995.33,0,0,1,0,0,1,0,0,0,0,0,0,0,1,0,1,0,1,0,0,0
0,0,1,0,3,1,0,72.17,212.02,0,0,1,0,0,0,0,1,0,0,0,1,0,1,1,0,0,1,0,0,0
0,1,1,1,33,1,0,64.66,2123.25,0,1,0,0,1,0,1,0,0,1,0,1,0,0,0,1,0,0,1,0,0
0,0,0,0,23,1,1,99.05,2291.27,0,0,1,0,0,0,0,1,0,0,0,1,0,0,0,0,0,0,0,1,0
0,0,1,0,9,0,1,58.48,523.26,1,0,1,0,0,1,0,1,0,0,1,0,0,0,0,0,0,0,0,1,0
1,0,1,0,0,1,1,34.84,0.0,0,1,0,0,0,0,0,0,0,0,0,1,0,0,0,0,0,1,1,0,0
1,0,0,0,55,1,1,25.59,1406.79,0,0,1,0,0,1,0,0,0,0,0,0,0,0,0,1,0,0,0,1,0
1,0,0,0,53,1,0,29.85,1577.5,0,0,0,0,1,0,0,0,0,1,0,0,0,0,0,0,0,0,0,0,1
0,0,0,0,61,1,0,89.82,5467.27,0,0,1,0,0,0,0,0,0,1,0,0,0,0,1,0,0,0,0,0,1
0,1,0,0,69,0,1,65.24,4533.87,1,0,0,1,1,0,1,0,1,0,1,0,1,0,1,0,0,1,1,0,0
0,0,0,1,12,1,1,119.78,1442.98,0,0,0,0,0,1,0,0,0,0,1,0,0,1,0,0,0,0,0,1,0
0,0,0,1,64,1,0,59.79,3827.7,0,1,0,0,0,1,0,0,0,1,0,0,0,0,0,0,0,1,0,1,0
1,1,0,0,51,1,0,108.47,5530.17,0,0,1,0,0,0,0,1,0,1,0,1,0,1,0,0,0,0,0,0,0
0,0,1,0,31,1,1,23.42,736.89,0,1,0,0,0,0,0,1,0,1,0,0,1,0,0,1,0,1,1,0,0
0,0,0,0,36,1,0,80.85,2910.85,0,0,1,0,0,1,0,0,0,0,1,0,0,0,0,0,1,0,0,1,0
1,0,0,0,21,1,1,49.74,1056.1,0,1,1,0,0,0,1,0,0,0,0,0,1,0,0,0,0,0,0,0,1
1,0,1,1,19,1,0,62.37,1181.82,0,1,0,0,0,1,0,1,1,0,0,1,0,1,0,0,0,0,1,0,0
1,0,0,0,37,1,1,101.66,3750.64,0,0,1,0,0,1,0,0,1,0,0,1,0,0,0,1,0,1,0,0,1
0,0,0,0,46,1,1,78.32,3590.08,0,0,1,0,0,0,0,0,0,0,0,1,0,0,0,0,0,0,0,0,1
1,0,0,0,64,1,0,110.9,7096.89,0,0,0,1,1,0,1,0,1,0,1,0,1,0,1,0,0,1,1,0,0
0,1,1,0,66,0,1,44.74,2955.44,1,0,0,0,0,1,0,1,0,0,0,0,0,1,0,1,0,1,0,0,1
1,0,0,0,14,1,1,116.63,1611.38,0,0,0,0,0,0,0,1,0,0,0,0,0,0,0,0,0,0,1,0,0
1,1,0,0,19,0,1,55.42,1061.45,1,0,0,0,1,0,0,0,0,0,0,1,0,0,0,0,0,0,1,0,0
0,0,1,0,39,1,0,83.99,3284.26,0,1,0,0,0,1,0,0,0,0,0,0,0,0,0,1,0,0,1,0,0
0,0,0,0,65,1,1,85.51,5548.05,0,0,0,1,1,0,1,0,1,0,1,0,1,0,1,0,0,0,0,0,0
0,0,1,0,6,0,0,47.72,285.46,1,0,0,0,0,1,0,0,0,0,0,0,0,1,0,1,0,0,0,0,1
0,0,1,1,18,1,1,69.03,1242.83,0,0,0,1,1,0,1,0,1,0,1,0,1,0,1,0,0,1,0,0,1
1,0,0,1,43,1,0,64.82,2796.46,0,0,0,0,0,0,0,0,0,0,0,1,0,0,0,0,0,0,1,0,0
0,0,1,1,15,1,1,102.42,1533.67,0,0,1,0,0,0,0,0,0,1,0,1,0,0,1,0,0,0,0,0,1
1,0,1,1,8,1,0,69.67,541.04,0,1,0,1,1,0,1,0,1,0,1,0,1,0,1,0,0,0,0,0,0
0,0,1,0,43,1,1,21.26,908.75,0,0,1,0,0,0,0,0,0,1,0,1,0,0,0,1,0,0,1,0,0
1,0,0,1,9,1,1,63.95,578.29,0,1,1,0,0,1,0,1,1,0,0,0,1,0,0,0,0,0,0,0,0
1,1,0,0,18,1,0,35.19,647.05,0,0,0,0,0,0,0,0,0,0,0,0,0,1,0,1,0,0,0,0,1
0,0,1,1,37,1,1,27.49,1011.32,0,1,0,0,0,1,0,0,0,0,1,0,0,0,1,0,0,0,0,1,0
1,0,1,0,46,1,1,50.22,2313.57,0,0,0,0,0,1,0,0,0,0,1,0,0,0,0,0,1,0,0,1,0
0,0,0,0,37,1,1,66.52,2480.26,0,0,0,0,0,0,1,0,0,1,0,0,0,0,0,0,0,1,0,0,1
1,0,1,1,49,1,1,78.53,3844.45,0,1,0,0,0,0,0,0,0,0,0,0,0,0,0,1,0,0,1,0,0
0,0,0,0,66,0,1,95.78,6332.12,1,0,0,0,0,0,0,1,0,0,0,0,0,1,1,0,0,0,0,0,1
1,1,1,1,54,1,1,94.6,5126.24,0,0,1,0,0,0,0,1,0,0,0,0,0,1,0,0,0,1,1,0,0
1,1,1,0,50,1,1,38.29,1904.48,0,0,0,0,1,0,0,0,0,0,0,0,0,0,0,1,0,0,0,0,0
0,0,0,0,22,1,1,89.4,1971.02,0,1,0,0,0,0,0,0,0,1,0,0,0,0,0,0,0,0,1,0,0
1,0,0,0,11,1,1,83.32,921.96,0,0,0,0,0,0,0,0,0,1,0,1,0,0,0,0,0,0,1,0,0
1,0,1,0,18,1,0,20.58,383.83,0,0,0,0,0,0,0,0,0,0,0,1,1,0,0,0,1,0,0,1,0
1,0,0,1,1,1,0,62.9,73.47,0,1,0,0,0,0,0,1,0,0,0,0,0,1,0,0,1,0,0,0,0
1,0,1,0,15,1,1,28.63,435.14,0,0,0,1,1,0,1,0,1,0,1,0,1,0,1,0,0,1,0,0,0
1,0,0,0,55,1,1,94.04,5166.74,0,0,0,0,0,1,1,0,0,1,0,1,0,0,0,0,1,0,0,0,1
0,0,0,0,28,1,1,91.39,2552.67,0,1,0,0,0,0,0,1,1,0,0,1,0,0,0,0,1,0,0,0,1
1,0,0,1,56,1,1,89.9,5035.49,0,0,0,0,0,1,1,0,0,0,1,0,0,0,0,1,0,0,0,0,0
1,0,0,1,58,1,0,95.43,5539.73,0,1,1,0,0,0,0,0,0,1,0,0,0,0,0,0,0,0,0,1,0
0,0,1,0,46,1,0,117.67,5417.14,0,0,1,0,0,0,0,0,0,0,0,0,0,1,0,1,0,0,1,0,0
0,0,0,0,32,1,1,27.28,874.72,0,1,0,1,1,0,1,0,1,0,1,0,1,0,1,0,0,0,0,0,1
1,0,1,0,50,1,1,106.79,5339.17,0,0,0,0,0,1,1,0,0,1,0,0,0,0,0,1,0,0,0,0,1
1,1,0,0,46,1,0,61.9,2849.97,0,0,0,0,0,1,0,0,0,1,1,0,0,1,0,0,0,1,0,1,0
0,0,1,0,52,1,0,53.03,2749.76,0,0,0,0,0,1,0,0,0,0,0,1,0,0,0,1,0,1,0,0,1
0,0,0,0,60,1,0,40.92,2458.1,0,1,0,0,0,1,1,0,0,0,0,0,0,0,0,1,0,0,1,0,0
1,0,1,0,42,1,1,100.85,4225.51,0,0,0,0,0,0,1,0,0,0,0,1,0,0,0,0,0,0,0,1,0
1,0,0,0,44,1,0,108.6,4764.34,0,0,1,0,0,0,0,0,0,0,0,0,0,0,0,0,1,0,0,1,0
1,0,1,1,48,1,1,32.96,1581.92,0,0,0,0,0,1,0,0,0,1,0,1,0,0,0,0,0,0,1,0,0
1,0,1,0,70,1,1,36.16,2518.28,0,0,0,1,1,0,1,0,1,0,1,0,1,0,1,0,0,0,0,1,0
1,0,1,0,38,0,1,51.66,1956.85,1,0,0,1,1,0,1,0,1,0,1,0,1,0,1,0,1,0,1,0,0
1,0,1,0,24,1,1,49.44,1173.86,0,0,0,0,0,1,1,0,1,0,0,0,0,0,0,0,1,0,1,0,0
0,0,1,0,53,1,1,55.02,2930.92,0,0,0,0,0,0,0,0,0,1,0,1,0,0,0,0,0,0,0,0,1
0,0,0,0,42,1,0,44.24,1851.85,0,1,1,0,1,0,0,0,0,1,0,0,0,0,0,0,1,0,0,0,0
1,0,0,0,6,1,0,33.16,202.08,0,1,1,0,0,1,0,1,0,0,1,0,0,0,1,0,0,0,0,1,0
0,0,1,0,24,1,1,61.05,1469.74,0,0,1,0,0,0,0,0,0,0,0,0,0,1,1,0,0,0,1,0,0
1,0,0,0,61,1,1,47.34,2879.05,0,0,0,0,0,0,0,0,0,0,0,0,1,0,0,0,0,0,1,0,0
0,1,1,0,30,1,1,92.37,2783.05,0,0,0,1,1,0,1,0,1,0,1,0,1,0,1,0,0,0,0,0,1
0,0,0,0,11,1,1,45.08,496.87,0,0,0,0,0,0,0,0,0,1,0,1,0,0,0,1,0,0,1,0,0
0,0,0,0,26,0,1,89.59,2329.06,1,0,1,0,0,0,0,1,1,0,0,0,0,0,0,1,1,0,0,0,0
0,1,1,0,6,1,1,117.76,703.31,1,0,0,1,1,0,1,0,1,0,1,0,1,0,1,0,0,0,0,0,1
1,1,0,0,56,1,1,116.92,6567.47,0,1,1,0,0,0,0,1,0,0,0,0,0,1,0,0,1,0,0,0,0
1,0,1,1,10,1,1,115.91,1163.44,0,0,0,0,0,0,0,0,1,0,0,1,1,0,0,0,0,1,1,0,0
1,0,0,1,16,0,1,117.18,1881.01,1,0,0,0,0,1,0,0,0,1,0,1,0,0,0,0,0,1,1,0,0
0,0,1,0,14,1,1,78.06,1112.35,1,0,0,0,1,0,0,1,0,1,0,1,0,1,0,0,1,0,0,1,0
1,0,0,0,4,1,1,20.36,52.09,0,0,0,0,0,0,0,0,0,0,0,0,1,0,0,1,0,1,0,1,0
1,0,0,0,42,1,1,56.2,2361.36,0,1,1,0,0,0,0,0,0,1,0,1,0,0,0,1,1,0,1,0,0
1,0,0,1,70,1,1,80.77,5643.37,0,1,0,0,0,0,0,1,0,0,0,0,0,0,1,0,0,0,1,0,0
0,0,0,0,26,1,1,30.83,812.51,0,0,0,1,1,0,1,0,1,0,1,0,1,0,1,0,1,0,1,0,0
0,0,0,0,13,1,1,54.78,710.99,0,0,1,0,0,0,0,1,1,0,0,1,0,1,1,0,0,0,1,0,0
1,0,1,0,43,1,1,70.97,3054.46,0,0,0,1,1,0,1,0,1,0,1,0,1,0,1,0,1,0,0,1,0
1,0,1,0,48,1,0,100.16,4803.54,1,0,1,0,0,0,0,0,0,1,0,1,0,1,0,0,1,0,0,0,1
1,0,0,0,41,1,1,89.84,3680.49,1,0,0,1,1,0,1,0,1,0,1,0,1,0,1,0,0,1,0,0,0
0,0,0,0,0,1,0,68.55,5.27,0,1,0,0,0,0,0,0,0,1,0,0,0,0,0,0,0,0,0,0,0
0,0,1,0,69,1,1,84.64,5867.67,0,1,0,0,0,0,0,0,0,0,0,1,0,1,0,0,1,0,0,0,1
0,0,1,1,23,1,1,100.73,2311.6,0,1,0,1,1,0,1,0,1,0,1,0,1,0,1,0,0,1,0,0,1
1,0,1,0,28,1,0,118.8,3338.29,0,1,1,0,0,1,0,0,1,0,0,0,0,0,0,0,1,0,0,1,0
1,0,0,1,46,1,1,34.25,1569.7,0,0,0,1,1,0,1,0,1,0,1,0,1,0,1,0,0,0,1,0,0
0,0,1,0,34,1,1,54.71,1874.23,0,0,0,0,0,0,0,1,0,0,0,1,0,1,0,0,0,0,1,0,0
1,0,0,0,30,1,1,51.81,1553.49,1,0,0,0,0,0,1,0,1,0,0,0,1,0,0,0,0,0,1,0,0
1,0,0,1,62,1,0,89.32,5543.45,0,0,0,0,1,0,0,1,0,0,0,1,0,0,0,1,0,0,0,1,0
1,0,1,1,49,1,1,22.97,1128.88,0,1,0,0,0,1,0,0,0,1,1,0,0,0,0,0,0,0,1,0,0
0,0,0,1,18,1,1,40.01,706.5,0,0,1,0,0,0,0,0,0,1,0,0,0,0,0,0,0,0,0,0,0
1,0,0,0,66,0,0,38.51,2558.52,1,0,0,0,0,0,0,0,0,0,0,1,0,0,0,1,1,0,0,0,0
1,1,1,0,7,1,1,84.29,605.59,0,1,1,0,0,0,0,0,0,0,0,0,0,1,0,0,0,1,1,0,0
0,0,0,1,67,0,1,39.23,2646.72,1,0,0,0,1,0,0,0,0,1,0,0,0,0,0,0,1,0,1,0,0
1,1,0,0,66,1,0,85.73,5639.16,0,1,1,0,0,0,0,0,0,0,0,0,0,0,1,0,0,0,0,0,0
0,0,1,0,32,1,1,43.08,1375.45,0,1,0,0,0,1,0,1,0,0,0,0,0,0,0,0,1,0,1,0,0
0,0,0,0,57,1,0,117.82,6712.95,0,0,0,1,1,0,1,0,1,0,1,0,1,0,1,0,0,0,0,0,1
1,0,0,0,23,1,0,116.51,2680.59,0,1,0,0,0,0,0,0,0,0,0,1,0,1,0,1,1,0,0,0,0
1,0,1,0,52,1,0,84.09,4359.7,0,0,0,0,0,0,0,1,0,1,0,0,0,0,0,0,0,1,1,0,0
0,0,0,0,63,1,0,84.16,5318.61,0,0,1,0,0,0,0,1,0,1,0,0,0,1,0,0,0,0,0,0,1
1,0,0,0,50,1,1,114.97,5743.78,0,0,1,0,0,0,0,1,1,0,0,1,0,1,0,0,1,0,1,0,0
0,1,1,0,28,1,1,98.3,2779.71,0,0,0,0,0,0,0,1,0,0,0,0,0,0,0,1,0,0,1,0,0
0,0,0,0,26,1,1,70.91,1840.15,0,1,1,0,0,0,0,0,0,0,0,0,1,0,0,1,0,0,0,1,0
1,0,1,0,47,1,1,57.32,2693.25,0,0,0,0,0,0,1,0,0,0,1,0,0,0,0,1,0,0,0,1,0
1,1,1,0,62,1,1,106.51,6602.44,0,1,0,0,0,0,0,0,0,0,0,0,0,0,0,0,0,1,0,0,1
1,0,0,0,49,0,1,79.62,3913.77,1,0,0,1,1,0,1,0,1,0,1,0,1,0,1,0,0,1,0,1,0
0,0,0,0,30,0,1,72.97,2199.95,1,0,1,0,0,0,0,0,0,0,0,0,0,0,0,0,0,0,0,1,0
1,0,1,0,40,1,0,96.56,3851.15,0,1,1,0,0,0,0,0,0,1,0,0,0,1,1,0,0,0,0,1,0
0,1,1,0,33,1,1,99.78,3300.44,0,1,0,1,1,0,1,0,1,0,1,0,1,0,1,0,0,0,1,0,0
0,0,0,0,19,0,0,20.15,385.69,1,0,0,0,1,0,0,1,0,1,0,0,0,0,0,0,1,0,0,1,0
1,0,0,1,63,1,0,51.22,3222.89,0,0,0,1,1,0,1,0,1,0,1,0,1,0,1,0,0,0,0,1,0
0,0,1,0,1,1,1,37.97,38.57,0,0,0,0,0,1,0,0,0,0,0,1,0,0,0,0,1,0,0,1,0
0,0,1,0,31,1,1,87.13,2718.37,0,1,1,0,0,1,0,0,0,0,0,0,0,0,0,1,1,0,0,0,0
1,0,0,0,12,1,1,59.48,717.21,0,0,0,1,1,0,1,0,1,0,1,0,1,0,1,0,0,0,0,0,1
1,0,1,0,12,1,0,76.77,914.58,0,1,0,1,1,0,1,0,1,0,1,0,1,0,1,0,0,0,0,1,0
0,1,0,0,20,1,1,41.61,825.4,0,1,0,1,1,0,1,0,1,0,1,0,1,0,1,0,0,0,0,1,0
0,0,1,0,59,1,0,112.74,6656.92,0,1,0,0,0,0,0,0,0,0,0,0,0,0,0,0,0,0,0,0,1
1,0,1,0,32,1,1,31.29,1010.69,1,0,0,0,0,1,0,1,0,0,0,0,1,0,0,0,0,0,0,0,0
0,0,0,1,10,1,1,21.03,193.76,0,1,1,0,0,0,0,0,1,0,0,0,0,1,0,0,0,0,0,1,0
1,1,1,0,27,1,0,64.39,1745.95,0,0,0,0,0,1,0,1,0,1,0,0,0,0,0,0,1,0,0,0,1
0,0,0,1,46,0,0,22.75,1075.27,1,0,1,0,0,1,0,1,0,1,0,1,0,0,0,0,1,0,0,1,0
0,0,0,1,33,1,1,74.66,2479.89,0,0,1,0,0,0,0,1,0,0,0,0,0,0,0,1,1,0,0,1,0
1,0,0,0,39,0,1,106.14,4133.92,1,0,1,0,0,1,0,0,0,1,0,1,0,1,0,0,0,0,0,0,0
1,0,1,0,19,1,0,31.48,596.9,0,0,1,0,0,1,0,0,1,0,0,0,0,0,0,0,0,0,1,0,0
0,0,0,1,2,1,0,62.59,128.64,1,0,0,1,1,0,1,0,1,0,1,0,1,0,1,0,0,0,1,0,0
0,0,1,0,1,1,1,31.77,27.45,0,0,0,0,0,1,1,0,0,1,0,0,1,0,0,0,0,1,1,0,0
0,0,0,1,32,1,1,110.21,3530.82,1,0,1,0,0,1,0,0,1,0,0,0,0,0,1,0,1,0,0,1,0
0,0,0,1,41,1,0,38.06,1568.72,0,0,0,0,0,0,0,0,0,1,0,1,0,0,0,0,1,0,0,0,1
0,0,1,0,25,1,0,22.77,563.25,0,0,0,0,0,0,0,0,0,1,0,1,0,0,0,0,0,0,0,1,0
1,0,1,1,50,1,1,98.11,4888.74,0,1,1,0,0,0,0,1,0,0,0,1,1,0,0,1,0,0,1,0,0
0,1,0,0,50,1,1,32.67,1618.42,1,0,0,1,1,0,1,0,1,0,1,0,1,0,1,0,0,0,0,0,0
1,0,1,0,27,1,1,72.42,1966.4,0,0,0,1,1,0,1,0,1,0,1,0,1,0,1,0,1,0,1,0,0
1,0,1,0,10,1,1,97.84,987.46,0,1,0,0,0,1,0,0,0,0,0,0,0,0,0,0,1,0,1,0,0
1,0,1,1,20,1,0,48.07,954.27,0,0,0,1,1,0,1,0,1,0,1,0,1,0,1,0,0,1,0,0,1
0,0,1,0,60,1,0,44.12,2630.32,0,0,0,1,1,0,1,0,1,0,1,0,1,0,1,0,0,0,1,0,0
0,0,0,1,5,1,0,46.37,228.48,0,1,1,0,0,0,0,1,0,0,0,0,1,0,0,0,0,1,0,0,0
0,0,0,1,62,1,0,76.02,4717.27,0,0,0,1,1,0,1,0,1,0,1,0,1,0,1,0,0,0,0,0,0
1,0,1,0,41,1,0,64.82,2658.47,0,0,1,0,0,0,0,0,0,0,0,0,0,0,0,1,0,0,0,1,0
0,0,1,1,30,1,0,67.85,2022.5,0,0,0,0,0,1,0,0,0,0,0,0,1,0,0,0,0,1,0,1,0
1,0,0,1,18,1,0,52.74,949.14,0,1,0,0,0,0,0,1,0,1,0,0,0,0,0,0,1,0,1,0,0
1,0,0,0,66,1,1,62.12,4125.42,0,1,1,0,0,1,0,0,1,0,0,1,0,0,0,1,1,0,1,0,0
0,1,1,0,5,1,1,70.45,364.39,0,1,0,0,0,0,0,0,0,0,0,1,0,1,0,1,0,0,0,0,0
0,0,1,0,19,1,1,104.26,1975.49,1,0,1,0,1,0,0,1,0,0,0,0,1,0,0,0,0,0,1,0,0
0,0,0,0,13,0,0,84.08,1095.18,1,0,1,0,0,1,0,0,0,0,0,0,1,0,0,0,0,1,0,0,1
1,1,1,0,8,1,1,27.23,211.11,0,0,1,0,0,1,0,0,0,0,0,0,0,1,1,0,1,0,0,0,0
0,0,1,1,57,1,0,106.81,6082.49,0,1,1,0,0,0,0,0,0,0,0,1,0,0,0,0,0,1,0,0,0
0,0,1,0,48,1,0,107.8,5179.93,1,0,0,0,0,0,0,0,1,0,0,1,0,0,0,1,0,0,0,1,0
0,0,1,1,15,1,1,84.05,1277.0,0,1,1,0,0,1,0,0,0,0,0,1,0,0,1,0,0,0,0,0,1
0,0,0,0,19,1,1,90.15,1714.21,0,1,0,1,1,0,1,0,1,0,1,0,1,0,1,0,1,0,0,0,0
1,0,0,0,54,1,0,105.64,5713.7,0,1,0,0,1,0,0,0,0,0,0,1,0,0,0,0,1,0,1,0,0
1,1,1,0,15,1,1,119.94,1803.65,0,0,1,0,0,0,1,0,0,1,0,0,0,1,0,0,0,0,0,0,0
0,1,0,1,33,1,1,43.01,1415.16,0,0,0,0,0,1,0,1,0,0,0,0,0,1,0,0,0,0,0,0,0
0,0,1,1,20,1,1,109.84,2222.71,0,0,0,1,1,0,1,0,1,0,1,0,1,0,1,0,0,0,0,0,1
0,0,1,1,64,0,1,23.49,1500.13,1,0,0,1,1,0,1,0,1,0,1,0,1,0,1,0,0,0,0,0,0
1,0,1,1,18,1,1,67.11,1213.97,0,0,0,0,0,0,0,0,0,1,0,1,0,1,0,1,0,0,0,0,1
1,0,0,1,5,1,0,92.58,455.62,0,0,1,0,0,1,0,0,0,1,0,0,0,0,0,1,0,0,0,1,0
1,0,0,1,32,1,1,64.59,2057.06,0,0,1,0,0,0,0,1,0,1,0,0,1,0,0,0,0,0,1,0,0
1,1,0,0,34,1,1,50.57,1734.88,0,0,1,0,0,0,0,1,0,1,0,1,0,0,0,0,0,0,0,1,0
1,0,0,1,37,1,1,46.68,1721.16,0,1,0,0,1,0,1,0,0,1,0,0,0,0,1,0,0,0,0,0,0
0,0,0,1,33,1,0,33.12,1091.14,1,0,1,0,0,0,0,0,0,0,1,0,0,0,0,0,0,0,0,1,0
0,0,0,1,13,0,1,64.07,826.16,1,0,0,0,0,1,0,0,0,1,0,0,0,0,1,0,1,0,0,0,1
0,0,1,0,34,1,1,78.1,2674.74,0,0,0,0,0,1,0,1,1,0,1,0,0,1,0,1,1,0,0,1,0
1,0,1,0,66,1,1,104.72,6932.99,0,1,1,0,1,0,0,0,0,0,0,0,1,0,0,0,1,0,1,0,0
1,0,0,1,43,1,1,79.75,3423.96,0,0,1,0,1,0,0,1,0,1,1,0,0,0,0,0,0,0,0,0,1
1,0,0,0,36,1,1,98.67,3541.77,0,0,0,1,1,0,1,0,1,0,1,0,1,0,1,0,0,0,1,0,0
1,0,1,0,70,0,1,59.81,4181.33,1,0,1,0,0,1,0,0,0,0,0,0,0,0,0,0,1,0,0,1,0
0,0,1,0,11,0,1,54.1,605.27,1,0,1,0,0,0,0,1,0,0,0,0,0,0,0,1,0,0,1,0,0
1,0,1,0,52,1,0,45.73,2380.49,0,0,1,0,0,0,0,0,0,1,0,0,0,1,0,1,0,0,0,1,0
0,1,0,0,61,1,1,89.17,5434.53,0,0,1,0,0,0,1,0,0,1,0,0,0,0,0,0,0,0,1,0,0
1,1,1,0,37,1,0,100.41,3716.27,0,1,0,0,0,0,0,0,0,0,0,0,0,0,1,0,0,0,1,0,0
1,1,1,0,13,1,1,112.5,1458.77,1,0,0,0,0,0,0,0,0,0,0,0,0,0,0,0,0,0,0,0,0
0,0,0,0,4,1,1,45.21,187.04,0,0,0,0,0,0,0,1,0,0,0,0,0,0,0,0,1,0,1,0,0
1,0,1,0,16,1,1,31.5,513.18,0,0,0,0,0,0,0,1,0,0,0,1,0,0,0,1,0,0,0,0,0
0,1,1,0,18,1,1,115.9,2083.82,0,1,0,1,1,0,1,0,1,0,1,0,1,0,1,0,0,0,1,0,0
0,0,0,0,62,1,0,97.63,6064.36,1,0,1,0,0,0,0,0,1,0,0,1,0,1,0,0,0,0,0,0,1
1,0,1,1,45,1,1,71.56,3219.8,0,1,1,0,0,1,0,0,1,0,0,0,0,0,0,1,0,1,0,1,0
1,0,1,0,69,0,1,41.44,2866.83,1,0,0,1,1,0,1,0,1,0,1,0,1,0,1,0,0,1,0,0,0
1,0,0,0,45,1,1,71.65,3228.71,0,1,1,0,0,1,0,0,0,0,0,1,0,1,0,0,1,0,0,0,0
1,0,0,0,0,1,0,31.44,4.18,0,1,1,0,0,1,1,0,0,0,0,0,1,0,0,0,1,0,0,0,0
1,0,0,0,32,1,0,35.69,1149.88,1,0,1,0,0,0,0,0,0,0,0,1,0,0,0,0,0,0,0,0,1
0,0,0,0,33,1,1,63.44,2102.02,0,1,1,0,0,0,0,0,0,1,0,0,0,1,0,0,1,0,0,1,0
0,1,1,0,67,1,1,25.15,1676.83,0,0,0,0,0,0,0,0,0,0,0,0,1,0,0,1,0,0,0,0,1
1,0,0,0,56,1,1,63.83,3571.33,0,0,0,0,0,0,0,1,0,0,0,1,0,1,1,0,0,0,0,0,0
1,1,0,0,11,0,1,98.37,1075.57,1,0,0,0,0,0,0,0,0,0,0,0,0,0,0,0,0,1,0,0,1
1,0,0,0,24,1,1,109.59,2648.73,0,1,0,1,1,0,1,0,1,0,1,0,1,0,1,0,0,0,0,0,0
0,0,0,0,10,1,0,35.32,352.16,0,0,0,0,0,1,0,1,0,0,0,0,0,0,0,1,0,0,0,0,1
1,0,1,1,11,1,1,78.44,848.8,1,0,0,1,1,0,1,0,1,0,1,0,1,0,1,0,0,0,0,0,0
0,0,0,0,54,1,0,37.14,2006.9,0,0,0,0,0,0,1,0,0,0,0,0,0,1,0,0,1,0,0,0,1
0,0,1,1,68,0,0,69.03,4686.42,1,0,1,0,0,0,0,0,0,0,0,1,0,0,0,0,0,0,0,0,1
1,0,1,0,71,1,1,58.61,4161.57,1,0,1,0,0,0,0,1,0,0,0,0,0,0,0,1,0,0,0,1,0
1,0,0,0,1,1,0,68.85,72.22,0,1,0,1,1,0,1,0,1,0,1,0,1,0,1,0,0,0,0,1,0
1,1,0,0,40,1,1,73.03,2922.56,1,0,1,0,0,0,0,0,0,0,0,0,1,0,1,0,0,0,0,0,1
0,1,1,1,71,1,1,81.61,5800.43,0,1,0,0,0,0,0,0,0,0,0,0,1,0,0,0,0,0,0,0,0
0,0,0,0,60,1,1,62.65,3748.33,0,0,1,0,0,0,0,0,0,0,0,1,0,1,0,0,0,0,0,0,1
1,0,1,0,47,0,1,103.27,4860.26,1,0,1,0,0,0,0,1,0,1,0,0,0,0,0,0,0,0,1,0,0
0,1,1,0,41,1,0,106.34,4354.98,0,0,0,0,0,0,0,1,0,0,0,0,0,1,0,0,0,0,1,0,0
1,0,1,0,35,1,0,109.41,3811.93,0,1,0,1,1,0,1,0,1,0,1,0,1,0,1,0,0,0,1,0,0
0,0,1,0,39,1,1,39.97,1549.5,0,1,1,0,1,0,0,0,0,1,0,0,0,0,0,1,1,0,0,0,1
0,0,0,0,21,1,1,92.37,1943.37,0,0,0,1,1,0,1,0,1,0,1,0,1,0,1,0,0,0,1,0,0
0,0,1,0,68,1,1,52.71,3587.89,0,0,1,0,0,1,1,0,0,0,0,1,1,0,0,0,0,1,0,0,1
1,0,0,1,19,1,1,66.24,1270.12,0,0,0,1,1,0,1,0,1,0,1,0,1,0,1,0,0,1,0,1,0
0,0,1,1,56,1,1,113.57,6367.66,0,1,1,0,0,0,0,1,1,0,0,1,0,1,0,0,0,1,0,1,0
0,1,1,0,21,1,0,101.45,2140.51,0,0,1,0,0,0,0,1,0,1,0,0,0,1,0,1,1,0,1,0,0
0,0,1,0,44,1,1,38.59,1697.62,0,1,0,1,1,0,1,0,1,0,1,0,1,0,1,0,1,0,0,1,0
0,0,1,1,26,1,1,114.84,2999.6,0,0,1,0,0,0,0,0,0,1,0,1,1,0,0,0,0,0,1,0,0
0,0,0,0,54,1,1,106.58,5740.58,0,1,1,0,0,0,0,0,0,0,1,0,1,0,0,0,0,0,0,0,1
0,0,1,1,12,1,1,96.33,1151.04,0,0,0,0,0,0,0,0,0,1,1,0,0,0,0,0,0,1,0,1,0
0,0,0,1,29,1,1,73.79,2133.71,0,0,1,0,0,1,1,0,0,1,0,0,0,0,1,0,0,0,0,0,1
0,0,0,0,43,0,1,114.5,4925.52,1,0,0,0,0,0,0,0,0,0,0,0,0,0,0,1,0,1,1,0,0
1,0,0,1,20,1,0,56.02,1114.52,0,0,0,0,0,0,0,0,0,1,0,1,0,0,0,0,1,0,0,0,0
1,1,1,1,23,1,0,67.11,1540.39,1,0,0,0,0,0,0,0,0,1,0,1,0,0,0,1,0,0,0,0,1
0,0,0,0,53,1,1,53.41,2826.68,0,0,0,1,1,0,1,0,1,0,1,0,1,0,1,0,1,0,1,0,0
1,0,0,1,56,1,1,105.51,5888.63,0,1,0,1,1,0,1,0,1,0,1,0,1,0,1,0,1,0,0,0,1
0,0,0,0,31,1,1,83.09,2589.37,0,1,1,0,0,1,0,0,0,0,0,1,1,0,0,0,1,0,0,0,0
0,0,1,0,46,1,1,60.85,2806.23,0,0,1,0,0,0,0,0,0,0,0,0,1,0,0,1,0,0,0,0,1
0,0,0,0,43,1,0,76.29,3288.72,0,0,0,1,1,0,1,0,1,0,1,0,1,0,1,0,1,0,0,1,0
0,0,0,0,10,1,1,98.95,998.42,0,1,1,0,0,0,0,1,0,1,0,0,0,0,0,0,0,0,1,0,0
1,0,1,1,22,1,1,22.63,495.11,0,0,0,0,0,0,1,0,0,0,0,0,0,0,0,1,0,0,0,0,0
1,0,0,0,64,1,0,41.29,2647.89,0,1,0,0,0,1,0,0,0,1,0,0,0,1,0,0,0,0,0,1,0
1,0,0,1,22,1,1,96.62,2120.35,0,0,1,0,0,1,0,0,0,1,0,0,0,0,0,1,0,1,0,0,1
1,0,0,0,26,1,1,55.52,1444.55,0,0,0,0,0,1,0,0,0,0,0,0,0,0,0,0,0,0,0,0,1
0,0,0,0,5,1,1,72.41,357.19,1,0,1,0,0,0,0,1,0,0,0,0,0,0,0,0,0,0,0,0,1
1,0,0,1,36,1,0,57.51,2059.72,0,1,0,0,0,0,0,0,1,0,0,0,1,0,0,1,0,0,1,0,0
0,1,0,0,37,1,1,92.88,3434.42,0,1,1,0,1,0,0,0,0,0,0,0,0,1,0,0,0,0,0,1,0
1,0,1,0,72,1,1,64.75,4663.77,1,0,1,0,0,1,0,0,0,0,1,0,0,1,0,0,0,0,0,0,1
0,0,0,0,5,1,0,117.11,601.84,0,1,0,0,0,0,0,1,0,0,0,0,0,0,0,0,0,0,0,0,1
1,0,0,1,16,1,0,38.0,601.66,0,1,0,0,0,0,0,0,0,0,0,0,0,1,1,0,0,0,0,1,0
1,0,1,1,19,1,1,79.04,1499.99,0,0,1,0,0,0,0,0,0,0,0,0,0,0,1,0,0,1,0,0,0
1,0,1,0,24,0,0,34.28,850.07,1,0,1,0,0,1,0,1,0,0,0,0,0,0,0,0,1,0,0,1,0
0,0,1,0,9,1,0,115.93,1049.54,0,1,1,0,0,0,0,1,0,1,0,0,0,1,0,1,0,0,0,1,0
0,0,1,0,13,1,0,26.42,342.7,0,0,0,0,0,0,0,1,0,1,0,0,0,0,0,0,0,1,0,0,1
1,0,1,0,51,1,1,97.86,5000.6,0,0,0,0,0,0,0,0,0,0,0,0,0,0,0,0,1,0,0,1,0
1,0,1,0,5,1,1,53.84,278.08,0,1,1,0,0,0,0,0,0,0,0,0,1,0,0,0,0,0,0,0,0
1,0,1,0,60,1,1,57.72,3467.1,0,0,0,1,1,0,1,0,1,0,1,0,1,0,1,0,0,0,0,1,0
1,0,0,1,65,0,1,50.25,3278.39,1,0,0,1,1,0,1,0,1,0,1,0,1,0,1,0,0,0,0,0,0
0,0,0,1,64,1,1,28.71,1821.61,0,0,0,0,0,0,0,1,0,0,0,0,0,0,0,0,0,1,0,0,0
0,0,0,0,49,1,1,113.5,5561.72,0,0,1,0,1,0,0,0,0,0,0,0,0,0,0,0,0,1,0,1,0
0,0,0,0,19,0,1,49.97,941.78,1,0,0,0,0,0,0,0,0,0,0,0,0,0,0,1,0,1,0,0,0
0,0,1,0,53,1,1,60.22,3185.63,0,1,1,0,0,0,0,1,0,1,0,0,0,0,0,1,1,0,0,0,1
1,1,1,1,48,1,0,119.19,5721.54,0,0,1,0,0,0,0,1,0,0,0,0,0,0,0,1,0,0,0,0,1
0,0,0,0,29,1,0,97.45,2828.92,0,0,1,0,1,0,0,0,0,0,0,1,0,0,0,0,1,0,1,0,0
0,0,1,0,14,1,1,26.35,360.68,0,0,1,0,0,0,0,0,0,0,0,0,0,0,1,0,0,0,0,1,0
0,0,1,1,35,1,0,61.96,2176.14,0,0,0,0,0,0,0,0,0,1,0,1,0,0,0,0,0,0,0,1,0
0,0,0,0,69,1,1,106.65,7373.5,0,0,1,0,0,0,0,0,0,0,0,1,0,0,0,0,0,1,1,0,0
0,0,1,0,57,1,1,111.21,6332.75,0,0,0,0,0,0,0,1,0,0,0,0,0,0,0,1,0,1,1,0,0
0,0,0,0,3,1,1,74.3,231.97,0,0,1,0,0,1,0,0,0,1,1,0,0,0,0,0,0,0,1,0,0
1,0,1,1,31,1,1,62.32,1927.12,0,0,0,0,0,0,0,1,0,0,0,0,0,0,0,0,0,0,0,1,0
1,1,0,0,64,1,0,80.19,5112.49,0,0,0,0,0,1,0,0,1,0,0,0,1,0,0,0,0,0,0,0,0
1,0,1,0,21,1,1,83.88,1763.37,0,0,0,1,1,0,1,0,1,0,1,0,1,0,1,0,0,0,0,0,0
1,1,1,1,47,1,1,33.69,1570.28,0,1,0,0,0,1,0,0,0,0,0,0,0,0,0,1,0,0,0,1,0
0,0,1,1,35,1,1,112.91,3947.52,0,0,0,0,1,0,0,0,0,0,0,0,0,0,0,1,0,0,1,0,0
0,0,0,0,24,1,1,69.0,1660.71,0,0,0,0,0,0,0,0,0,1,0,1,0,1,0,1,0,0,0,0,0
1,0,0,0,60,1,1,108.81,6527.04,1,0,0,0,0,0,0,0,0,1,0,1,0,1,0,0,0,0,0,0,0
1,0,1,0,18,1,0,77.13,1384.05,0,0,1,0,1,0,0,1,0,1,0,1,0,0,0,0,0,1,0,1,0
0,0,1,0,16,1,0,34.2,548.83,0,1,1,0,0,0,0,1,1,0,1,0,1,0,1,0,1,0,0,0,1
1,0,0,0,55,1,1,60.84,3325.91,0,0,0,1,1,0,1,0,1,0,1,0,1,0,1,0,0,1,0,0,0
1,0,1,0,72,1,1,99.67,7190.82,0,1,1,0,0,0,0,0,0,0,0,1,1,0,0,1,0,1,0,0,1
0,0,0,0,70,1,0,39.61,2780.52,0,1,1,0,0,0,0,1,0,0,0,0,0,0,0,1,0,0,0,0,1
0,0,0,1,57,1,0,72.62,4151.07,0,1,0,0,0,0,0,0,0,0,0,0,0,0,0,0,1,0,0,0,0
0,0,0,0,24,1,1,91.06,2186.65,0,0,1,0,0,0,0,0,0,0,0,1,0,0,0,0,0,1,0,1,0
0,0,0,0,49,1,1,116.01,5685.65,0,0,0,0,1,0,0,0,0,0,0,0,0,0,0,0,0,0,1,0,0
0,1,1,1,66,1,1,64.49,4251.91,0,0,0,1,1,0,1,0,1,0,1,0,1,0,1,0,0,1,0,0,1
1,0,0,0,45,1,1,66.34,2984.45,0,0,0,0,0,0,0,1,0,1,0,0,0,1,0,1,0,0,0,0,0
1,0,0,0,42,1,1,97.87,4118.97,0,0,0,1,1,0,1,0,1,0,1,0,1,0,1,0,0,0,1,0,0
0,0,0,0,53,1,1,83.36,4412.88,0,0,0,1,1,0,1,0,1,0,1,0,1,0,1,0,1,0,0,1,0
0,0,1,1,15,1,0,31.88,477.76,0,1,1,0,0,1,0,0,0,0,0,0,1,0,0,1,0,1,1,0,0
0,1,0,1,8,1,0,30.01,237.71,0,0,0,0,0,1,0,0,0,0,1,0,0,1,0,0,1,0,0,0,0
1,0,0,0,22,1,1,48.11,1040.87,0,0,0,0,0,0,0,1,0,0,1,0,0,0,0,0,0,0,0,1,0
1,0,1,0,27,1,0,23.82,650.79,0,1,0,1,1,0,1,0,1,0,1,0,1,0,1,0,0,0,0,1,0
0,1,0,1,30,1,0,28.67,865.74,0,0,0,0,0,1,0,0,0,0,0,0,0,0,0,0,0,0,0,0,1
0,0,1,1,32,1,1,88.24,2823.68,0,1,0,0,1,0,0,0,0,0,0,1,0,0,0,0,0,0,1,0,0
1,0,1,1,27,1,1,101.76,2767.28,0,1,0,0,0,1,0,1,0,1,0,0,0,0,0,0,1,0,0,1,0
1,1,0,1,38,1,1,96.29,3667.68,1,0,0,1,1,0,1,0,1,0,1,0,1,0,1,0,0,0,0,0,0
1,0,1,1,6,1,0,100.07,615.14,1,0,0,1,1,0,1,0,1,0,1,0,1,0,1,0,0,0,1,0,0
1,1,0,1,66,1,1,56.55,3721.41,0,0,0,0,0,0,0,1,0,1,0,1,0,0,0,1,1,0,1,0,0
0,0,1,1,33,0,1,94.57,3105.19,1,0,0,0,0,0,0,1,0,0,0,0,0,1,0,1,0,0,0,0,1
1,0,1,0,45,1,1,53.51,2404.66,1,0,1,0,0,0,0,1,0,1,0,0,0,0,0,0,0,1,1,0,0
0,0,1,1,46,1,0,29.63,1376.4,0,0,0,1,1,0,1,0,1,0,1,0,1,0,1,0,0,1,1,0,0
1,0,0,0,31,1,1,115.89,3583.72,0,0,0,1,1,0,1,0,1,0,1,0,1,0,1,0,0,0,0,0,1
1,0,0,1,59,0,1,20.75,1224.5,1,0,1,0,0,0,0,1,0,1,0,0,0,0,0,0,0,0,0,1,0
0,1,0,0,32,1,0,97.18,3119.82,1,0,0,1,1,0,1,0,1,0,1,0,1,0,1,0,0,0,1,0,0
1,0,1,1,57,1,1,92.44,5273.91,0,0,0,0,0,0,0,0,0,0,0,1,0,0,0,0,0,0,1,0,0
0,0,0,0,50,1,1,81.36,4078.95,0,0,0,0,0,0,1,0,0,0,0,1,0,1,0,1,0,0,0,0,1
1,0,0,0,31,1,1,48.85,1523.01,0,0,0,0,0,0,1,0,0,0,0,0,1,0,0,0,1,0,1,0,0
0,0,1,1,63,1,1,38.38,2437.31,0,0,0,1,1,0,1,0,1,0,1,0,1,0,1,0,0,0,0,0,0
0,1,1,0,53,1,0,69.77,3682.33,0,1,1,0,0,1,0,0,0,0,0,1,0,0,0,1,0,0,1,0,0
0,0,1,0,45,1,1,91.95,4117.39,1,0,1,0,0,1,0,0,0,0,0,0,0,0,0,0,1,0,1,0,0
0,0,0,0,7,1,0,28.71,196.56,0,1,1,0,0,0,0,1,0,0,0,0,0,0,0,0,0,0,0,0,0
0,0,0,0,3,0,1,87.85,267.26,1,0,1,0,0,0,0,0,0,0,0,0,0,0,0,0,0,1,0,1,0
1,0,1,0,68,1,1,53.41,3623.91,0,1,1,0,0,0,0,0,0,0,0,1,0,1,0,1,0,1,0,1,0
0,0,0,0,30,1,0,59.8,1805.96,0,0,0,0,0,1,0,1,0,0,0,1,0,1,0,1,1,0,0,1,0
1,0,0,1,32,1,0,98.35,3130.93,0,0,1,0,0,0,0,0,0,1,0,0,0,0,0,1,0,0,1,0,0
0,1,1,0,31,1,1,38.07,1183.07,0,0,1,0,0,0,0,0,1,0,0,1,0,0,1,0,0,1,0,0,1
0,0,1,0,44,1,1,79.39,3478.06,0,0,0,0,0,0,0,1,0,0,0,1,0,0,0,1,1,0,0,1,0
0,0,1,0,43,1,0,92.81,3993.57,1,0,0,0,1,0,0,1,0,0,0,0,0,0,1,0,1,0,1,0,0
1,0,0,0,57,1,1,78.95,4502.76,0,0,1,0,1,0,0,0,1,0,0,1,0,0,0,0,0,1,0,0,1
1,0,0,0,30,1,1,26.12,793.42,1,0,1,0,0,1,0,1,0,0,0,0,1,0,0,0,0,0,0,0,0
0,0,1,0,65,1,1,108.73,7075.16,0,0,0,1,1,0,1,0,1,0,1,0,1,0,1,0,0,0,0,0,0
1,0,0,1,64,1,0,23.72,1524.9,0,0,0,0,0,1,0,0,0,1,0,1,0,0,0,0,1,0,1,0,0
1,0,1,0,30,1,0,109.24,3277.63,0,0,1,0,0,1,0,1,0,0,0,1,0,0,0,1,1,0,0,1,0
1,0,0,0,21,1,0,76.46,1607.95,0,1,1,0,0,1,1,0,0,0,1,0,0,1,0,0,0,0,0,1,0
0,0,1,1,5,1,0,30.96,153.38,0,0,1,0,0,1,0,1,0,0,0,0,0,1,1,0,0,1,0,1,0
1,1,0,0,34,0,1,103.35,3516.0,1,0,0,1,1,0,1,0,1,0,1,0,1,0,1,0,0,0,1,0,0
0,0,0,0,49,1,1,54.96,2694.61,0,0,0,0,0,0,0,1,0,0,0,0,0,0,0,1,0,0,0,0,1
1,1,0,0,45,1,0,49.53,2209.9,0,0,1,0,1,0,1,0,0,0,0,0,1,0,0,1,0,0,0,0,1
1,0,0,0,45,1,0,77.03,3462.02,0,1,0,0,0,0,0,1,0,0,0,0,0,0,0,1,1,0,0,0,1
0,0,0,0,46,1,0,56.89,2600.6,0,0,1,0,0,1,0,0,0,0,0,0,0,0,0,0,0,0,0,0,0
0,0,1,1,19,0,1,69.32,1299.72,1,0,1,0,1,0,0,0,1,0,0,1,0,1,0,0,0,0,0,0,0
1,0,1,0,34,0,0,61.88,2096.91,1,0,0,0,0,0,0,0,0,1,0,1,0,0,0,1,0,0,0,0,1
1,0,0,0,27,1,0,54.21,1467.89,0,1,1,0,0,0,0,0,0,0,0,0,0,1,0,1,0,1,0,0,0
0,0,1,0,56,1,1,95.85,5370.45,0,0,1,0,0,1,0,1,0,0,0,0,0,0,0,0,1,0,1,0,0
0,0,0,0,20,1,0,46.37,932.56,1,0,0,0,1,0,0,1,0,0,0,1,0,0,0,0,0,0,0,0,1
0,0,0,0,61,1,1,79.58,4850.18,0,0,1,0,0,0,0,0,0,1,0,1,0,0,0,0,1,0,0,1,0
0,1,0,0,43,1,0,25.68,1107.13,0,1,1,0,1,0,0,0,0,0,0,1,1,0,0,0,0,0,0,0,0
0,0,0,0,44,1,1,116.17,5117.41,1,0,0,1,1,0,1,0,1,0,1,0,1,0,1,0,0,0,0,0,1
1,0,0,0,29,1,1,73.52,2122.71,0,0,1,0,0,0,0,0,0,0,0,0,0,0,0,1,0,1,0,0,1
1,0,1,1,16,1,1,59.73,956.3,0,0,0,0,0,0,1,0,0,0,0,0,0,0,0,0,0,1,0,1,0
0,1,1,0,57,1,0,27.92,1605.12,0,1,1,0,0,0,0,1,0,0,0,0,0,1,0,0,0,1,0,1,0
1,0,1,0,27,1,1,95.24,2576.6,0,0,1,0,0,1,1,0,0,1,0,0,0,1,0,0,0,1,0,1,0
1,0,1,1,71,1,0,111.85,7927.76,0,0,0,1,1,0,1,0,1,0,1,0,1,0,1,0,0,0,0,0,1
1,0,1,0,27,1,1,102.89,2779.38,0,0,1,0,0,0,0,0,0,0,1,0,0,1,0,1,0,0,0,0,0
1,0,1,0,59,1,0,45.53,2670.38,0,0,0,0,0,1,0,0,0,0,0,0,0,1,1,0,0,0,0,0,0
1,1,1,0,59,1,1,109.87,6497.74,1,0,0,1,1,0,1,0,1,0,1,0,1,0,1,0,0,0,0,0,0
0,0,1,0,5,1,1,56.62,286.94,0,1,0,1,1,0,1,0,1,0,1,0,1,0,1,0,1,0,0,0,0
1,0,0,0,25,1,0,48.88,1206.08,0,0,0,0,0,1,0,0,0,0,0,0,0,1,0,1,0,1,1,0,0
1,0,0,0,1,1,1,47.97,37.68,0,0,0,1,1,0,1,0,1,0,1,0,1,0,1,0,0,0,1,0,0
1,0,1,1,0,1,1,29.77,10.39,0,0,0,0,1,0,0,0,0,0,0,0,0,1,0,0,0,0,0,1,0
0,0,0,1,52,1,1,92.96,4827.42,0,1,0,0,0,0,0,0,0,0,0,1,0,0,0,0,0,1,1,0,0
0,0,0,0,39,1,0,109.92,4282.84,0,1,1,0,0,1,0,0,0,1,0,0,0,0,0,0,0,0,0,0,1
0,1,0,0,68,1,1,66.18,4496.22,0,0,1,0,0,0,0,1,1,0,0,0,1,0,0,0,0,0,1,0,0
0,0,0,1,65,1,1,89.81,5822.45,0,1,0,0,0,1,0,0,0,0,0,0,0,0,1,0,0,0,1,0,0
0,0,1,1,33,1,1,77.58,2534.83,0,0,1,0,0,0,0,1,0,0,0,0,0,1,0,0,0,0,0,0,0
0,0,0,0,22,1,1,43.65,942.24,0,1,0,0,0,0,0,0,0,0,0,0,1,0,0,1,0,0,0,0,1
1,0,0,0,63,1,0,91.23,5742.24,0,0,0,1,1,0,1,0,1,0,1,0,1,0,1,0,0,0,0,1,0
0,0,0,0,70,1,1,91.84,6440.88,0,0,0,1,1,0,1,0,1,0,1,0,1,0,1,0,1,0,0,0,0
1,0,1,0,2,1,0,71.07,148.04,0,1,0,0,1,0,1,0,0,0,0,1,0,1,0,0,0,0,0,0,1
1,0,1,0,39,1,0,22.38,869.34,0,0,0,1,1,0,1,0,1,0,1,0,1,0,1,0,0,0,0,0,0
0,0,1,1,40,0,0,103.73,4177.75,1,0,0,0,0,0,0,0,0,1,0,1,0,0,0,1,0,0,1,0,0
0,0,1,0,29,1,0,103.53,2997.06,1,0,0,0,0,0,0,1,0,0,0,1,0,1,0,0,0,1,0,0,1
0,0,0,1,12,1,1,36.18,423.72,0,1,0,0,0,0,0,1,0,1,0,0,0,0,0,1,0,0,0,1,0
1,0,1,0,26,0,1,108.74,2820.06,1,0,0,1,1,0,1,0,1,0,1,0,1,0,1,0,0,0,0,0,1
0,0,1,1,65,1,1,78.97,5125.04,0,1,1,0,0,0,0,0,0,1,0,0,0,0,0,0,0,0,0,0,1
0,0,1,0,46,1,1,76.95,3542.11,0,0,0,0,0,1,0,1,0,0,0,0,0,0,1,0,0,0,0,0,0
1,1,1,0,7,1,1,56.45,392.35,0,1,1,0,0,1,0,1,0,0,0,0,0,0,0,0,0,1,0,1,0
1,0,0,0,38,1,1,108.42,4141.51,0,0,0,0,0,0,0,1,0,0,0,1,1,0,0,0,1,0,0,0,1
1,0,0,1,2,1,0,53.68,109.5,0,0,0,0,0,0,0,1,0,0,0,0,0,0,1,0,0,0,1,0,0
0,1,1,0,66,1,0,88.99,5876.05,1,0,0,0,0,0,0,0,0,1,0,1,0,1,0,0,0,0,0,0,1
1,0,1,0,8,0,1,56.44,445.25,1,0,1,0,0,0,0,1,0,0,0,1,0,0,0,0,0,0,0,1,0
0,0,0,0,32,1,1,108.86,3486.25,0,1,0,0,0,0,0,1,0,0,0,1,0,1,0,1,0,1,0,1,0
1,0,1,1,40,1,1,91.85,3657.29,0,0,0,0,0,0,0,0,0,0,0,0,0,0,0,1,1,0,0,1,0
1,0,0,1,1,1,1,25.25,26.92,0,1,0,0,0,0,0,0,0,0,0,0,1,0,0,0,0,0,1,0,0
1,1,1,0,33,1,0,118.3,3900.76,0,1,0,0,0,1,0,0,0,1,0,0,0,1,0,0,0,0,0,0,1
1,1,0,0,4,1,0,76.74,315.02,0,1,0,0,0,1,0,0,0,1,0,0,0,1,0,0,0,1,0,0,1
0,0,1,0,26,1,0,85.72,2244.63,0,0,1,0,0,0,0,1,0,1,1,0,0,1,0,1,1,0,0,0,1
1,1,0,0,25,1,0,94.73,2370.55,0,0,0,0,0,1,0,0,0,0,0,0,0,0,0,1,0,1,0,0,1
0,0,0,0,39,1,1,34.1,1336.73,0,0,1,0,0,0,0,1,0,0,0,1,0,1,0,0,0,1,0,0,1
1,0,1,0,37,1,1,86.34,3196.42,0,1,0,1,1,0,1,0,1,0,1,0,1,0,1,0,0,1,0,0,1
1,1,1,1,16,1,1,93.96,1504.69,0,0,0,0,0,1,0,0,0,0,0,0,1,0,0,1,0,0,0,0,0
0,0,1,0,2,1,1,52.37,115.33,0,0,0,0,0,0,0,0,0,0,0,0,0,1,0,0,1,0,0,0,1
1,0,1,0,59,1,1,75.45,4461.52,0,0,0,0,0,0,0,0,1,0,0,0,0,0,0,1,1,0,0,1,0
1,0,0,0,42,1,1,85.52,3586.36,1,0,0,0,0,1,0,0,0,0,0,0,0,0,0,0,0,1,0,0,1
1,0,1,0,57,1,0,100.35,5720.83,0,0,0,1,1,0,1,0,1,0,1,0,1,0,1,0,0,0,0,0,1
1,0,0,0,72,1,1,118.2,8517.4,0,0,1,0,0,0,0,1,0,1,0,0,0,0,0,0,0,0,0,1,0
0,0,1,0,39,1,1,67.27,2613.62,1,0,0,0,0,0,0,1,0,0,0,1,0,0,0,0,0,0,1,0,0
0,1,0,0,45,1,1,56.89,2558.73,0,1,1,0,0,0,0,0,0,1,0,0,0,0,0,0,1,0,0,0,1
0,0,1,0,20,1,1,79.71,1602.43,0,1,0,1,1,0,1,0,1,0,1,0,1,0,1,0,0,0,0,0,0
0,1,1,0,66,1,1,87.44,5761.52,0,0,1,0,0,1,0,1,1,0,0,0,1,0,1,0,1,0,0,0,0
1,0,0,0,50,1,0,103.8,5181.8,0,0,0,1,1,0,1,0,1,0,1,0,1,0,1,0,0,0,1,0,0
1,0,1,0,26,1,1,45.72,1183.84,0,1,0,1,1,0,1,0,1,0,1,0,1,0,1,0,0,1,1,0,0
0,1,0,0,40,1,0,44.22,1760.69,1,0,0,1,1,0,1,0,1,0,1,0,1,0,1,0,0,0,0,0,0
0,0,1,0,46,1,1,95.44,4385.1,1,0,0,0,0,0,0,0,0,0,0,0,0,1,0,0,0,0,0,0,0
1,0,0,0,57,1,1,119.94,6844.57,0,1,1,0,0,0,0,0,0,0,0,1,0,0,0,1,0,0,0,0,0
0,0,1,1,49,1,1,51.96,2550.54,1,0,0,1,1,0,1,0,1,0,1,0,1,0,1,0,0,0,1,0,0
0,0,0,0,17,1,1,43.17,736.82,0,1,1,0,0,1,0,1,0,0,0,0,0,0,0,1,0,0,1,0,0
0,0,1,1,17,1,1,80.03,1361.44,0,0,0,0,1,0,0,0,1,0,0,0,0,1,0,0,0,1,0,0,0
0,0,1,0,9,1,0,97.24,879.15,1,0,1,0,0,0,0,1,0,0,0,0,0,1,0,0,0,0,0,0,1
0,0,1,0,62,1,1,89.93,5559.85,0,0,1,0,0,0,0,1,0,1,1,0,1,0,0,1,0,0,0,0,1
1,0,1,1,21,1,0,61.73,1309.53,0,0,0,0,0,0,0,0,0,0,0,0,0,0,0,0,1,0,1,0,0
1,0,0,1,14,1,1,68.5,956.99,0,0,1,0,1,0,1,0,0,0,0,0,0,0,0,1,0,0,1,0,0
0,0,1,0,61,1,0,89.49,5454.0,0,0,0,1,1,0,1,0,1,0,1,0,1,0,1,0,0,0,0,0,1
1,0,1,1,20,1,1,57.01,1137.41,0,0,1,0,0,0,0,0,0,1,0,1,1,0,0,1,0,0,0,0,1
0,0,0,0,8,1,1,57.88,468.71,1,0,1,0,0,0,0,0,0,0,0,0,0,1,0,0,0,1,1,0,0
1,0,1,1,69,1,1,20.57,1415.88,0,0,0,1,1,0,1,0,1,0,1,0,1,0,1,0,0,0,0,1,0
1,0,1,1,53,1,1,51.6,2730.29,0,0,1,0,0,1,1,0,0,0,0,0,0,0,0,0,0,0,1,0,0
1,0,1,0,40,1,0,116.26,4641.59,0,0,1,0,0,0,0,0,0,0,0,0,1,0,0,1,0,0,0,0,0
0,0,1,1,4,1,0,54.39,232.63,0,0,0,1,1,0,1,0,1,0,1,0,1,0,1,0,0,1,0,0,0
0,0,1,0,0,1,1,50.44,0.0,0,1,1,0,0,1,0,0,0,0,0,0,0,1,0,1,0,0,0,0,0
1,1,0,0,52,1,0,57.77,2994.52,0,0,1,0,0,1,0,0,0,0,0,0,0,0,1,0,0,0,0,0,0
0,0,1,0,48,1,1,77.52,3733.19,0,0,0,0,0,1,1,0,0,0,0,0,0,0,0,0,0,1,0,1,0
1,0,1,0,29,1,0,22.18,628.87,0,0,0,1,1,0,1,0,1,0,1,0,1,0,1,0,1,0,0,0,1
0,0,0,1,53,1,0,69.47,3674.45,0,1,1,0,0,0,0,1,0,0,0,0,0,0,1,0,0,0,1,0,0
1,0,1,0,43,1,0,108.37,4676.96,0,1,0,1,1,0,1,0,1,0,1,0,1,0,1,0,0,0,0,0,0
1,0,1,0,7,0,0,88.44,618.77,1,0,0,0,0,0,0,1,0,0,0,0,0,1,0,1,0,1,1,0,0
0,0,0,0,47,1,1,84.89,3976.55,0,1,1,0,0,1,0,1,0,0,0,1,1,0,0,1,0,1,0,0,0
1,0,1,0,32,1,0,41.67,1322.78,0,0,1,0,0,0,0,1,0,1,0,0,0,1,0,0,1,0,1,0,0
1,1,1,0,5,1,1,35.86,180.05,0,1,0,0,0,0,0,0,1,0,0,0,1,0,0,0,0,0,0,1,0
0,0,0,0,53,1,0,61.81,3274.17,0,0,0,0,0,0,0,1,0,0,0,0,0,1,0,1,0,0,0,1,0
0,0,1,0,58,1,1,23.27,1342.75,0,0,0,0,0,0,1,0,0,0,0,1,0,0,0,0,1,0,1,0,0
0,0,0,0,46,0,0,62.83,2889.78,1,0,1,0,0,0,1,0,0,0,0,0,0,0,0,0,0,0,0,1,0
0,0,1,1,49,1,0,60.08,2937.38,0,1,0,0,0,0,0,0,0,1,0,1,0,0,0,1,0,0,0,0,0
0,0,1,0,47,1,1,71.63,3353.95,0,1,1,0,0,0,0,1,0,0,0,0,0,0,0,0,0,0,0,0,0
1,0,0,0,13,1,1,40.1,507.35,0,0,0,1,1,0,1,0,1,0,1,0,1,0,1,0,1,0,1,0,0
0,0,1,0,49,1,0,28.54,1387.29,0,1,0,0,0,0,1,0,0,0,0,1,0,0,0,0,0,0,0,1,0
0,0,0,0,12,1,0,117.06,1396.21,0,1,1,0,0,0,0,0,1,0,0,0,0,1,0,0,0,0,0,0,1
1,0,0,0,8,1,1,68.73,532.18,0,0,0,0,0,0,0,1,0,0,0,0,1,0,0,1,1,0,0,1,0
1,0,1,0,62,0,1,88.89,5492.8,1,0,1,0,0,1,0,1,0,1,0,0,0,0,0,0,0,0,0,0,0
0,0,0,0,22,1,0,20.46,446.32,0,0,1,0,0,1,0,1,0,0,0,0,0,0,0,0,0,1,0,0,0
0,0,1,0,7,1,0,42.22,293.4,0,1,0,0,0,0,0,0,1,0,0,1,0,1,0,1,0,0,1,0,0
1,0,0,0,57,0,0,116.82,6671.26,1,0,0,0,0,0,0,0,0,0,0,0,0,0,0,0,1,0,1,0,0
0,0,1,0,22,1,1,80.52,1750.22,1,0,0,1,1,0,1,0,1,0,1,0,1,0,1,0,0,1,1,0,0
0,0,0,0,62,1,1,86.95,5392.25,0,1,1,0,0,1,0,1,0,0,1,0,0,0,0,0,0,0,0,0,0
0,0,1,0,17,1,1,61.83,1055.71,0,0,1,0,1,0,0,1,0,0,0,0,1,0,1,0,0,0,1,0,0
0,0,0,1,52,1,0,53.15,2769.68,0,1,0,0,0,1,0,0,0,0,0,0,0,1,0,0,0,0,0,0,1
0,0,1,1,72,1,0,55.87,4018.9,0,0,1,0,0,0,0,1,0,0,0,1,0,0,0,1,0,0,0,0,1
1,1,0,0,37,1,1,114.5,4227.12,0,0,1,0,0,1,0,1,0,0,0,0,0,0,0,1,1,0,1,0,0
0,0,0,1,12,1,1,108.75,1303.62,0,0,0,1,1,0,1,0,1,0,1,0,1,0,1,0,0,0,0,0,0
1,0,0,0,67,1,1,109.7,7347.16,0,1,0,1,1,0,1,0,1,0,1,0,1,0,1,0,1,0,0,1,0
1,0,0,0,1,1,1,90.22,85.33,0,0,1,0,0,1,0,0,1,0,0,1,0,1,0,0,0,1,0,1,0
0,0,1,0,35,1,0,31.69,1101.47,0,1,1,0,0,1,0,0,1,0,1,0,0,1,0,0,0,0,0,1,0
0,0,0,0,65,1,1,32.56,2131.33,0,0,1,0,0,1,0,1,0,0,0,0,0,1,0,1,1,0,0,1,0
0,0,0,1,5,1,0,90.33,465.64,0,1,0,0,1,0,0,1,0,1,1,0,0,0,0,1,0,0,0,1,0
0,0,1,1,5,1,0,36.49,204.03,0,0,1,0,0,0,0,0,1,0,0,0,0,1,0,0,0,0,1,0,0
1,0,1,1,69,1,1,117.61,8122.2,0,0,1,0,0,1,0,0,0,1,1,0,0,0,1,0,1,0,0,0,0
1,0,1,0,9,1,1,67.75,617.34,0,1,1,0,0,0,0,0,0,1,0,0,1,0,0,0,0,0,0,0,1
0,0,0,0,3,1,1,111.83,336.41,0,0,0,0,0,1,1,0,0,0,0,1,0,1,0,0,0,0,0,0,1
0,0,1,0,27,1,1,114.83,3100.04,0,0,0,0,0,0,0,0,0,0,0,1,0,1,0,1,0,0,0,0,1
0,0,0,0,57,0,0,43.95,2487.18,1,0,0,1,1,0,1,0,1,0,1,0,1,0,1,0,0,0,0,0,0
0,1,0,1,23,0,0,98.48,2278.89,1,0,1,0,0,1,0,1,0,0,0,0,0,1,0,0,0,0,0,0,0
1,0,0,0,0,1,0,75.27,21.48,0,1,0,1,1,0,1,0,1,0,1,0,1,0,1,0,1,0,1,0,0
1,0,0,0,70,1,1,50.47,3529.89,0,1,1,0,0,1,0,1,0,0,0,0,0,1,0,0,0,1,0,0,0
1,0,0,0,66,0,1,66.01,4366.05,1,0,1,0,1,0,0,1,1,0,0,1,0,0,0,0,0,1,1,0,0
1,1,1,0,33,1,1,107.09,3538.36,0,0,0,0,0,0,0,0,0,1,0,0,0,1,0,0,0,0,1,0,0
1,0,1,0,60,1,1,35.6,2126.51,0,0,0,0,0,1,0,0,0,0,0,1,0,0,0,0,0,0,0,0,0
1,0,1,0,11,1,1,101.73,1099.78,1,0,1,0,0,0,0,0,0,0,0,0,0,0,0,1,1,0,0,0,1
1,0,0,0,50,1,0,28.58,1430.66,0,1,0,1,1,0,1,0,1,0,1,0,1,0,1,0,0,0,1,0,0
1,0,1,0,2,1,1,73.57,146.13,0,0,0,0,0,0,0,0,0,0,0,0,0,0,0,1,0,1,0,0,0
1,0,0,0,37,1,0,30.22,1109.21,0,1,0,0,0,0,0,0,0,0,1,0,0,0,0,1,1,0,0,0,1
0,0,0,0,2,1,1,92.64,167.99,0,1,0,0,0,1,0,0,0,1,1,0,0,1,0,0,0,0,0,1,0
0,0,0,0,40,0,0,51.41,2059.82,1,0,1,0,0,1,0,0,0,0,0,1,0,0,0,0,0,0,0,1,0
1,0,1,0,62,0,1,99.86,6184.78,1,0,1,0,1,0,0,1,0,0,0,0,0,0,0,1,1,0,0,1,0
0,0,0,1,58,1,1,56.51,3281.7,1,0,0,0,0,0,0,0,0,1,0,1,0,0,0,0,0,1,0,1,0
0,0,1,0,44,1,1,34.01,1525.39,0,0,0,1,1,0,1,0,1,0,1,0,1,0,1,0,0,0,0,1,0
0,0,0,0,67,0,1,62.05,4163.31,1,0,1,0,0,0,0,0,0,1,0,0,0,0,1,0,0,0,0,0,1
0,0,0,0,14,1,1,20.21,289.49,1,0,0,0,0,1,0,0,0,0,0,0,0,0,0,0,0,1,0,0,0
0,0,0,1,17,1,1,119.31,2029.96,0,1,1,0,0,1,0,0,0,0,0,1,0,1,1,0,0,1,1,0,0
0,0,0,1,4,1,1,38.13,149.85,0,1,1,0,0,0,0,1,1,0,0,0,0,0,0,1,0,0,0,0,1
1,0,0,0,24,1,0,59.05,1426.27,0,0,0,0,0,0,0,0,0,1,0,0,0,0,0,0,0,0,1,0,0
1,0,1,0,9,1,1,112.15,1014.45,0,0,1,0,0,0,0,1,0,1,0,1,0,0,0,0,0,0,0,0,0
1,0,0,0,66,1,0,47.42,3136.43,0,0,0,0,1,0,0,0,0,0,0,0,0,1,1,0,0,0,0,0,1
1,0,0,1,19,1,0,63.06,1214.62,0,0,0,0,0,1,0,0,0,1,1,0,0,1,0,0,1,0,0,0,1
0,0,0,1,7,1,0,50.28,345.88,0,1,1,0,0,1,0,1,0,0,1,0,0,1,0,0,0,1,0,0,0
1,0,1,0,12,0,0,63.79,768.18,1,0,1,0,0,1,0,0,0,0,1,0,0,0,0,1,0,1,1,0,0
0,0,1,1,49,1,0,87.1,4267.72,0,0,1,0,0,0,0,0,0,0,0,1,0,0,0,0,1,0,0,0,1
1,1,1,1,29,1,1,95.36,2765.23,0,0,1,0,0,0,0,0,0,1,0,1,0,1,0,0,0,0,0,0,0
0,0,1,1,3,1,1,45.66,134.51,0,1,1,0,0,0,0,0,0,1,0,0,0,0,0,0,0,1,0,0,0
0,0,0,0,29,1,0,100.54,2916.22,0,1,0,0,0,1,0,0,0,1,0,0,0,1,0,0,1,0,1,0,0
1,0,0,0,14,1,0,45.91,642.2,1,0,1,0,0,0,0,0,0,1,0,1,0,0,0,1,1,0,0,0,1
1,1,1,0,47,1,0,91.1,4276.4,0,0,0,0,0,1,0,0,0,1,0,0,0,0,0,1,0,0,0,0,1
1,0,1,0,44,1,1,23.15,1029.96,0,1,1,0,0,0,0,0,0,0,1,0,0,0,0,0,0,1,0,1,0
1,1,1,0,39,1,1,27.02,1059.35,0,0,1,0,0,0,0,0,0,0,0,0,0,0,0,0,1,0,0,1,0
0,0,0,1,71,1,0,24.85,1766.08,0,0,0,1,1,0,1,0,1,0,1,0,1,0,1,0,1,0,1,0,0
0,0,0,1,47,1,1,78.42,3682.5,0,0,0,0,0,0,0,0,0,1,0,1,0,0,1,0,0,0,0,1,0
0,0,0,1,13,0,1,119.58,1538.4,1,0,0,0,1,0,0,0,0,0,0,1,0,0,0,1,0,1,0,0,0
0,0,0,1,33,1,1,76.12,2526.69,0,0,0,0,0,1,0,1,0,0,1,0,0,0,0,0,0,0,0,1,0
1,0,1,1,9,1,0,102.62,934.16,0,0,0,0,0,0,0,0,1,0,0,1,0,0,1,0,0,0,0,1,0
1,0,1,0,51,1,1,101.29,5172.05,0,0,1,0,0,0,0,0,0,0,0,0,0,1,0,1,1,0,0,0,0
0,0,1,0,36,1,1,79.6,2869.41,0,0,0,1,1,0,1,0,1,0,1,0,1,0,1,0,0,1,1,0,0
0,0,0,0,1,1,1,41.72,33.55,0,0,0,0,0,1,0,1,0,1,0,1,0,0,0,1,0,0,0,0,1
0,0,1,1,47,1,1,83.89,3972.25,0,0,0,0,0,1,0,1,0,0,0,0,0,1,0,1,0,1,0,0,0
1,0,1,0,51,1,0,89.97,4588.86,0,1,0,0,0,0,0,0,0,1,0,0,0,1,0,1,0,1,1,0,0
0,0,0,0,58,1,1,47.19,2728.64,0,1,0,0,0,0,1,0,0,0,0,1,0,0,0,0,0,0,0,1,0
0,0,1,0,17,1,1,68.63,1188.58,0,1,1,0,0,1,0,0,0,0,0,0,0,0,0,0,0,1,0,1,0
0,0,0,1,60,1,1,72.9,4381.72,1,0,1,0,0,0,0,1,0,0,0,0,0,0,0,0,1,0,0,0,1
0,0,0,0,33,1,1,106.33,3502.27,0,0,1,0,0,1,0,0,0,0,0,1,0,0,0,0,0,1,0,1,0
0,0,0,1,57,1,1,73.02,4178.34,0,0,1,0,0,0,0,0,1,0,0,0,0,0,0,0,0,1,0,0,1
1,0,1,1,34,1,1,42.17,1447.37,0,0,1,0,0,0,0,1,0,0,0,1,0,0,0,1,0,1,0,1,0
1,0,0,0,33,1,1,95.24,3153.8,0,1,0,0,1,0,0,0,0,1,1,0,0,1,1,0,0,1,1,0,0
1,0,0,0,35,1,1,66.52,2329.76,0,0,0,0,0,0,0,0,0,0,0,0,0,0,0,0,1,0,0,1,0
0,0,0,0,24,1,1,100.91,2427.94,0,0,0,0,1,0,0,0,0,0,0,0,0,0,0,1,0,1,0,0,0
0,0,1,0,71,1,0,50.34,3582.68,0,0,0,0,0,1,0,0,0,0,0,0,0,1,0,1,0,0,0,0,0
1,0,1,0,52,1,0,34.94,1792.07,0,0,0,0,0,0,0,0,0,1,0,1,1,0,0,0,1,0,0,0,1
0,0,1,0,23,1,1,102.35,2370.9,1,0,0,1,1,0,1,0,1,0,1,0,1,0,1,0,1,0,0,1,0
0,1,0,0,12,1,1,47.87,566.09,0,1,0,1,1,0,1,0,1,0,1,0,1,0,1,0,0,1,0,0,1
1,0,0,1,16,1,1,23.78,384.14,0,1,0,0,1,0,0,0,0,1,0,1,0,0,0,1,1,0,0,1,0
1,0,1,0,25,1,1,68.15,1710.38,0,0,0,0,0,0,0,0,0,0,0,1,0,0,0,0,0,1,0,0,1
1,1,1,0,58,1,0,69.76,4037.46,0,1,1,0,0,0,0,0,0,1,0,0,0,1,0,0,0,1,0,1,0
1,0,1,0,24,1,1,107.54,2583.79,0,0,0,1,1,0,1,0,1,0,1,0,1,0,1,0,0,0,0,0,0
1,0,0,0,72,1,0,49.48,3561.61,0,0,1,0,0,0,0,0,1,0,0,0,0,1,1,0,0,0,0,0,1
0,0,0,1,21,1,0,36.77,789.56,0,0,0,0,0,0,0,0,1,0,0,1,0,0,0,1,0,0,1,0,0
1,0,1,1,44,1,1,53.78,2357.44,0,0,1,0,0,1,0,0,0,1,0,1,0,1,0,1,1,0,0,0,0
0,0,0,0,8,1,0,39.57,330.6,0,0,0,0,0,0,0,0,0,0,0,1,0,0,0,0,0,0,0,0,0
0,0,0,0,36,1,1,116.37,4197.06,0,1,0,0,0,1,1,0,0,1,0,1,0,0,0,0,0,0,0,0,0
0,1,1,0,57,1,1,20.62,1174.38,0,0,0,1,1,0,1,0,1,0,1,0,1,0,1,0,0,0,1,0,0
0,0,1,0,41,1,0,50.61,2070.78,0,1,0,0,1,0,0,0,0,0,0,0,0,0,0,0,0,1,0,0,0
1,0,1,0,0,0,1,38.49,8.72,1,0,0,0,0,1,0,0,0,0,0,0,0,1,0,0,1,0,0,0,0
1,0,0,0,51,1,1,49.86,2545.26,0,0,0,0,0,0,0,0,1,0,0,0,0,0,0,0,1,0,0,0,0
0,0,0,0,29,1,0,42.32,1221.98,1,0,0,0,0,1,0,0,0,0,1,0,0,1,0,0,0,1,0,1,0
0,0,0,0,63,1,0,82.27,5175.62,1,0,0,1,1,0,1,0,1,0,1,0,1,0,1,0,0,1,0,1,0
1,0,1,0,6,1,0,21.88,128.84,0,1,0,1,1,0,1,0,1,0,1,0,1,0,1,0,1,0,0,0,0
1,1,1,0,64,1,1,55.35,3545.4,0,1,0,0,0,0,0,0,0,0,0,1,0,0,0,1,0,0,0,0,1
1,0,1,0,39,1,1,91.53,3573.92,0,1,1,0,0,1,0,1,0,0,0,1,0,1,0,1,0,0,0,1,0
1,0,0,1,3,1,1,97.02,288.19,0,0,1,0,0,0,0,0,0,1,0,0,0,0,1,0,0,0,0,0,1
0,0,0,0,24,1,1,47.27,1136.63,0,1,1,0,0,1,0,0,0,0,0,0,0,0,0,0,0,0,0,1,0
1,0,1,0,53,0,1,87.09,4636.07,1,0,0,1,1,0,1,0,1,0,1,0,1,0,1,0,0,0,1,0,0
0,1,0,0,13,1,1,106.86,1393.28,0,1,0,1,1,0,1,0,1,0,1,0,1,0,1,0,0,0,0,0,1
0,0,1,0,60,1,1,72.77,4360.43,0,1,0,0,0,0,0,1,0,0,0,0,0,0,0,1,0,0,1,0,0
0,1,0,0,26,1,1,106.99,2767.49,0,0,1,0,0,0,0,0,0,1,0,1,0,0,0,0,1,0,0,0,1
1,1,1,0,52,1,1,98.44,5128.46,0,0,0,0,0,0,0,0,0,1,0,0,0,1,0,0,0,0,0,0,1
0,0,1,1,3,1,0,104.89,309.46,0,1,0,0,0,0,0,1,0,0,0,0,0,0,0,0,1,0,1,0,0
0,0,0,0,9,1,0,107.41,977.99,0,0,0,0,0,0,0,1,0,1,0,0,0,0,0,0,0,0,0,0,1
0,0,1,1,1,0,1,97.82,101.3,1,0,0,0,0,0,0,0,0,0,0,0,0,1,0,1,0,1,0,1,0
0,0,0,1,15,1,0,36.34,551.64,0,1,0,1,1,0,1,0,1,0,1,0,1,0,1,0,0,0,0,1,0
0,0,1,1,4,1,1,28.12,109.57,0,0,1,0,0,0,0,0,0,0,0,1,0,0,0,0,0,0,0,0,1
0,0,1,0,29,1,0,88.01,2576.29,0,0,0,0,0,0,0,0,0,0,0,0,0,1,0,0,0,0,1,0,0
0,0,0,0,28,1,1,26.99,743.26,0,1,0,0,0,0,0,1,0,0,0,0,1,0,0,1,1,0,0,1,0
1,0,1,0,26,1,1,32.03,819.25,0,1,0,0,1,0,0,1,0,1,0,1,0,0,0,0,1,0,0,0,1
0,1,1,0,23,1,0,63.09,1455.03,0,1,1,0,0,1,0,0,0,1,0,1,0,1,0,0,0,0,0,0,0
0,0,1,0,72,1,1,94.71,6795.06,0,0,0,1,1,0,1,0,1,0,1,0,1,0,1,0,0,0,0,0,0
1,0,1,0,56,1,1,63.67,3574.62,0,0,0,0,0,1,0,1,0,1,1,0,0,0,1,0,0,0,0,0,0
1,0,1,1,11,1,0,87.43,945.29,0,1,0,1,1,0,1,0,1,0,1,0,1,0,1,0,0,0,1,0,0
0,0,0,1,27,1,0,21.65,613.57,0,1,0,1,1,0,1,0,1,0,1,0,1,0,1,0,0,0,1,0,0
1,0,1,1,16,1,0,28.93,457.85,0,1,0,0,0,1,0,0,0,0,0,0,0,0,1,0,0,1,1,0,0
1,0,0,0,69,1,0,46.39,3195.94,1,0,0,0,0,0,0,0,0,1,0,1,0,0,0,1,0,0,0,1,0
0,0,1,0,30,1,1,66.85,2002.94,0,1,0,0,0,1,0,0,1,0,0,0,0,1,0,1,0,0,1,0,0
0,0,1,0,61,1,1,82.76,5045.65,0,0,1,0,1,0,0,0,1,0,0,0,0,0,0,0,0,0,0,0,1
0,0,0,0,0,1,1,62.58,11.32,0,0,1,0,0,0,0,0,0,0,0,1,0,1,0,0,1,0,0,0,0
0,0,1,1,7,1,0,57.23,405.57,0,0,1,0,0,0,0,0,0,0,0,0,0,0,0,0,0,0,0,1,0
1,0,0,0,31,1,1,112.95,3489.28,0,1,1,0,0,1,0,0,0,1,0,0,0,0,1,0,0,0,1,0,0
0,0,1,0,57,1,1,42.08,2409.79,0,0,0,0,0,0,1,0,1,0,0,1,0,1,0,0,1,0,0,1,0
1,1,1,1,48,1,0,93.02,4469.1,0,1,1,0,0,1,0,0,0,0,0,0,0,0,0,0,0,0,0,0,1
0,1,0,0,16,1,1,47.28,764.76,0,0,0,0,0,0,0,0,0,0,0,1,0,0,0,0,0,1,0,1,0
0,0,0,1,44,1,0,42.34,1858.11,0,1,1,0,0,1,0,0,0,1,0,1,1,0,0,1,0,0,0,0,0
1,0,0,0,32,1,1,33.4,1078.9,0,1,0,1,1,0,1,0,1,0,1,0,1,0,1,0,0,1,0,0,1
0,0,0,1,54,1,1,93.9,5068.56,0,0,0,1,1,0,1,0,1,0,1,0,1,0,1,0,0,1,0,0,1
1,0,0,0,19,1,0,43.67,817.89,0,0,0,1,1,0,1,0,1,0,1,0,1,0,1,0,0,0,0,0,0
1,0,0,0,8,1,0,20.52,178.17,0,0,1,0,0,0,0,1,0,1,0,0,0,0,0,1,0,1,0,1,0
1,1,1,0,54,1,1,42.07,2262.98,0,1,1,0,0,0,0,0,0,1,0,0,0,0,0,1,0,0,0,1,0
1,0,1,0,46,1,1,28.49,1318.11,0,1,0,1,1,0,1,0,1,0,1,0,1,0,1,0,0,0,0,0,1
1,0,1,0,25,0,1,24.64,617.72,1,0,0,1,1,0,1,0,1,0,1,0,1,0,1,0,0,1,0,0,1
0,0,0,0,44,1,0,112.87,4973.02,0,0,0,0,0,0,0,0,0,0,0,0,0,1,0,0,0,1,0,1,0
0,0,1,1,3,1,0,31.21,106.94,1,0,0,1,1,0,1,0,1,0,1,0,1,0,1,0,1,0,0,0,1
0,0,1,0,19,1,0,55.96,1058.29,0,1,0,0,0,1,0,0,0,0,0,0,0,0,0,0,0,1,0,1,0
1,0,1,1,1,1,1,74.09,80.12,0,0,0,0,0,0,0,0,0,0,0,0,0,0,0,0,0,0,0,0,0
1,0,1,0,16,1,1,25.01,388.48,0,0,1,0,1,0,0,0,0,1,1,0,0,0,0,0,0,0,0,0,0
0,0,0,0,72,1,1,81.35,5864.3,0,0,0,1,1,0,1,0,1,0,1,0,1,0,1,0,1,0,0,0,1
1,0,1,0,51,1,1,26.65,1353.76,0,0,0,0,0,1,0,0,0,1,1,0,0,1,0,0,0,0,1,0,0
0,0,0,1,6,1,1,89.54,515.38,1,0,0,1,1,0,1,0,1,0,1,0,1,0,1,0,0,0,0,0,1
1,0,0,0,65,0,1,36.58,2380.75,1,0,1,0,0,0,0,0,0,0,0,0,0,0,0,0,0,0,1,0,0
0,1,0,1,43,1,1,48.15,2078.39,0,0,0,0,0,0,0,1,1,0,1,0,0,0,0,1,0,0,1,0,0
1,0,0,0,53,1,1,77.23,4099.09,0,1,0,1,1,0,1,0,1,0,1,0,1,0,1,0,1,0,1,0,0
0,0,0,0,17,1,0,34.73,586.27,0,0,0,1,1,0,1,0,1,0,1,0,1,0,1,0,1,0,0,1,0
1,0,1,0,56,1,1,62.14,3470.62,0,1,1,0,0,0,0,0,1,0,0,0,0,1,0,1,0,0,0,0,1
0,1,1,1,68,1,1,51.07,3481.1,0,0,0,0,0,1,0,1,0,1,0,0,0,0,1,0,0,0,1,0,0
1,0,1,0,8,1,1,111.11,897.83,0,0,0,1,1,0,1,0,1,0,1,0,1,0,1,0,0,0,0,1,0
1,0,0,0,17,1,1,30.42,512.71,0,1,1,0,0,1,0,0,0,0,0,0,0,0,1,0,0,0,0,0,0
0,0,1,0,54,1,0,30.07,1623.29,0,1,0,1,1,0,1,0,1,0,1,0,1,0,1,0,0,1,0,0,1
1,0,0,0,45,1,1,104.71,4710.13,0,1,0,0,0,0,0,0,0,1,0,0,0,1,0,0,0,0,0,1,0
1,0,0,0,38,0,1,25.23,948.36,1,0,1,0,0,0,0,1,0,1,0,1,0,1,0,1,0,1,0,0,0
1,0,1,0,42,1,0,35.49,1501.14,0,1,0,0,0,0,0,0,0,0,0,1,0,0,0,0,0,0,1,0,0
0,0,1,0,28,1,1,77.31,2157.24,0,0,0,0,0,1,0,1,0,1,0,0,0,0,0,1,1,0,0,1,0
0,0,0,0,28,1,1,118.28,3326.89,0,1,0,0,0,0,0,1,1,0,0,0,1,0,0,1,0,1,0,0,0
0,0,0,0,49,1,1,48.84,2391.74,0,0,1,0,1,0,0,0,0,0,1,0,0,0,0,1,0,0,0,0,0
1,0,0,1,24,1,0,112.47,2699.76,0,1,0,0,0,1,0,0,0,0,0,0,0,0,1,0,0,1,0,0,1
1,0,0,0,10,1,1,56.16,557.28,0,1,0,1,1,0,1,0,1,0,1,0,1,0,1,0,0,1,0,0,0
1,0,1,1,40,1,0,109.4,4384.09,0,0,0,1,1,0,1,0,1,0,1,0,1,0,1,0,0,0,1,0,0
0,0,1,0,69,1,1,92.61,6395.93,0,0,0,1,1,0,1,0,1,0,1,0,1,0,1,0,0,0,0,0,1
1,0,1,1,64,1,1,87.21,5571.81,0,1,0,0,0,0,0,0,0,0,0,0,0,0,0,0,0,0,0,0,1
1,0,0,0,40,1,1,53.52,2146.85,0,1,0,0,0,0,0,0,0,0,0,0,1,0,0,0,0,0,0,0,0
0,0,1,1,11,0,0,93.33,1027.11,1,0,0,0,0,0,0,0,0,0,0,1,0,1,0,0,1,0,0,0,0
0,0,1,0,65,1,0,99.09,6441.71,0,0,0,1,1,0,1,0,1,0,1,0,1,0,1,0,0,0,1,0,0
0,1,0,0,8,1,1,33.24,252.47,1,0,1,0,0,1,0,0,0,0,0,1,0,1,0,1,0,0,0,1,0
1,0,1,1,33,1,1,64.26,2113.28,0,0,1,0,0,0,0,0,0,0,0,0,0,0,0,1,0,1,1,0,0
1,0,1,0,60,1,0,43.67,2612.19,0,0,0,1,1,0,1,0,1,0,1,0,1,0,1,0,0,0,0,0,0
1,0,1,0,29,1,1,58.01,1670.67,0,1,1,0,0,1,0,1,0,0,0,0,0,1,1,0,0,1,0,0,1
1,0,0,1,69,1,1,23.75,1621.35,0,1,1,0,0,1,0,0,0,1,1,0,0,0,0,0,1,0,0,0,1
0,1,1,0,27,1,1,90.48,2436.12,1,0,0,0,0,0,0,0,0,1,0,0,0,0,0,0,0,0,1,0,0
1,0,0,1,56,1,1,24.93,1403.59,0,1,1,0,0,1,0,0,0,1,0,0,0,0,0,0,1,0,0,0,1
1,0,1,0,37,1,1,95.13,3529.39,0,1,1,0,0,1,0,0,0,1,0,0,0,0,0,0,0,1,1,0,0
0,0,0,0,72,1,0,63.28,4556.48,1,0,1,0,0,0,1,0,0,0,0,1,0,0,0,0,0,0,0,1,0
0,0,1,0,12,1,1,48.45,571.9,0,1,1,0,0,1,0,0,0,1,0,1,0,1,0,1,0,1,0,0,1
0,0,1,0,32,1,1,87.86,2797.13,1,0,0,0,1,0,0,1,0,1,0,0,0,0,0,0,1,0,1,0,0
0,0,0,1,62,0,1,87.41,5417.72,1,0,0,0,0,1,1,0,0,1,0,0,0,0,0,0,0,0,0,0,0
0,0,1,1,39,1,1,28.98,1125.05,0,0,0,0,0,1,0,0,0,0,0,1,0,0,0,1,0,0,0,1,0
1,0,1,0,32,1,0,26.68,837.87,0,0,0,1,1,0,1,0,1,0,1,0,1,0,1,0,0,1,0,0,1
1,0,1,1,37,1,0,32.94,1228.14,0,0,0,1,1,0,1,0,1,0,1,0,1,0,1,0,1,0,0,0,1
0,1,0,0,59,1,1,78.27,4618.53,0,1,1,0,0,0,0,0,0,0,0,1,0,1,0,1,0,0,0,1,0
1,0,1,0,67,1,1,88.86,5965.6,0,0,0,0,0,0,0,0,0,0,0,0,0,1,0,1,0,0,0,0,1
1,0,0,0,3,0,1,36.45,111.93,1,0,1,0,0,0,0,1,0,0,0,0,0,0,0,0,1,0,0,1,0
1,0,1,0,58,1,1,89.57,5202.85,0,0,1,0,1,0,1,0,0,0,0,1,0,1,0,0,0,0,0,0,1
1,0,1,1,26,1,0,53.17,1371.95,0,1,0,0,0,0,0,1,0,1,0,0,0,1,0,0,0,0,0,1,0
0,1,0,0,65,1,1,78.34,5093.63,0,0,1,0,0,1,0,0,1,0,0,1,1,0,0,0,0,0,0,1,0
0,1,1,0,43,1,0,59.84,2579.99,1,0,1,0,0,0,0,0,0,0,0,0,1,0,0,0,0,1,0,1,0
1,1,1,1,17,1,1,23.51,392.93,0,0,0,0,0,0,0,0,0,1,0,1,0,0,0,0,0,0,1,0,0
0,0,1,0,33,1,0,91.27,3015.87,0,1,0,1,1,0,1,0,1,0,1,0,1,0,1,0,0,1,0,0,0
1,0,0,1,8,0,0,63.72,522.27,1,0,0,1,1,0,1,0,1,0,1,0,1,0,1,0,0,0,0,1,0
0,0,0,0,33,1,0,35.14,1163.86,0,1,1,0,0,0,0,1,0,0,0,0,1,0,0,0,0,0,0,1,0
1,0,1,0,15,1,1,66.92,1011.15,0,0,0,0,1,0,0,0,0,1,0,0,0,1,0,1,0,0,0,0,0
0,0,0,0,33,1,0,55.03,1806.45,0,1,0,0,0,0,0,1,0,0,0,1,0,1,0,1,1,0,1,0,0
1,0,1,0,17,1,1,78.14,1329.99,0,0,1,0,1,0,0,1,0,0,0,1,0,1,0,1,0,1,0,0,0
0,0,1,0,35,1,1,99.06,3463.13,0,0,1,0,0,0,0,1,0,1,0,0,0,1,0,0,0,0,0,1,0
0,0,0,0,44,1,0,56.21,2478.18,0,0,1,0,0,0,0,0,0,0,0,1,0,0,0,1,1,0,0,0,0
0,0,1,0,50,1,1,31.18,1561.26,0,1,0,0,0,0,0,1,0,0,0,0,0,0,0,0,0,0,0,0,0
1,1,0,0,61,1,1,39.4,2403.33,0,0,0,0,0,0,0,0,0,0,0,0,0,0,0,0,1,0,0,0,0
1,0,1,1,17,1,1,71.73,1214.02,0,1,1,0,1,0,0,0,0,0,0,0,0,0,0,0,0,0,1,0,0
1,0,1,0,55,0,0,45.96,2505.73,1,0,1,0,0,0,0,0,1,0,0,0,0,0,0,1,0,0,0,0,1
0,0,1,1,26,1,1,113.55,2948.38,0,1,1,0,0,0,0,1,0,1,0,0,0,0,0,0,0,0,0,0,1
1,0,1,0,57,1,0,70.57,4029.43,0,1,0,0,1,0,0,0,0,1,0,1,0,0,0,0,0,0,1,0,0
1,0,1,0,10,1,1,48.81,478.43,0,1,1,0,0,0,0,0,0,1,0,1,0,1,0,0,0,0,0,0,0
1,0,1,0,16,1,1,44.85,719.23,0,0,1,0,0,0,0,1,0,0,0,1,0,0,0,1,1,0,0,0,0
0,0,0,0,33,1,1,48.42,1605.07,0,0,0,0,1,0,0,1,0,1,0,1,1,0,1,0,0,1,0,0,1
1,0,0,1,37,1,0,60.2,2234.6,1,0,0,0,0,0,0,0,0,1,0,1,0,1,0,0,0,1,0,1,0
1,0,1,1,18,1,1,97.21,1754.96,1,0,0,0,0,0,0,0,0,0,0,0,0,0,0,0,0,0,1,0,0
0,0,0,1,10,1,1,114.81,1150.54,0,1,1,0,1,0,0,0,0,0,0,0,0,0,0,0,0,1,0,0,1
0,0,1,1,31,1,1,91.5,2838.37,0,0,1,0,0,0,0,0,1,0,1,0,0,1,0,0,0,0,0,0,1
0,0,1,0,29,1,1,59.93,1727.61,0,0,0,1,1,0,1,0,1,0,1,0,1,0,1,0,0,1,1,0,0
0,0,0,0,1,1,1,37.0,36.59,0,1,1,0,0,1,1,0,0,1,0,0,0,1,0,0,0,0,1,0,0
0,0,0,1,50,1,1,29.6,1486.25,0,0,0,0,0,0,0,0,0,0,0,0,0,0,0,0,0,0,1,0,0
0,1,1,0,5,0,1,86.27,414.19,1,0,1,0,0,0,0,1,0,1,0,1,0,1,0,0,0,0,0,1,0
0,0,1,1,4,1,1,42.91,175.49,0,1,1,0,0,1,0,0,0,0,1,0,0,0,0,0,1,0,0,0,1
0,0,1,0,23,0,1,106.72,2441.5,1,0,0,0,0,0,0,0,0,1,0,0,1,0,0,0,0,0,1,0,0
0,0,1,0,33,1,1,63.35,2101.75,0,0,0,0,0,0,0,0,1,0,0,0,0,1,0,0,0,1,1,0,0
0,0,0,0,38,1,1,68.64,2618.66,0,1,0,0,0,0,1,0,0,1,0,0,0,0,0,0,0,0,0,0,1
1,0,1,1,11,1,1,86.85,939.62,0,1,0,0,0,1,0,1,0,1,0,0,0,0,0,1,1,0,0,0,0
0,0,0,0,2,1,1,72.3,152.3,0,1,0,0,1,0,0,0,0,1,0,0,0,0,0,0,0,1,0,0,1
0,0,1,0,49,1,1,61.92,3039.3,0,1,0,0,0,1,0,1,0,0,0,0,0,0,0,0,1,0,0,1,0
1,0,1,0,69,1,0,102.52,7075.29,0,0,1,0,0,0,0,0,1,0,1,0,0,0,0,1,0,1,0,0,1
1,0,1,1,11,1,1,106.83,1186.77,0,0,1,0,0,0,0,0,0,0,0,0,0,0,0,1,0,0,1,0,0
0,0,0,1,6,1,1,87.5,523.38,0,1,0,1,1,0,1,0,1,0,1,0,1,0,1,0,0,1,0,0,0
1,0,1,0,50,1,0,92.84,4633.79,0,1,0,1,1,0,1,0,1,0,1,0,1,0,1,0,0,0,0,0,0
1,0,0,1,62,1,0,26.31,1624.34,0,1,0,0,0,1,0,0,0,0,0,0,0,0,0,1,0,0,1,0,0
1,0,1,1,28,1,1,103.46,2895.31,0,1,0,0,0,0,0,1,0,1,0,0,0,1,1,0,0,0,0,1,0
1,1,0,0,66,1,0,30.51,2019.61,0,1,0,1,1,0,1,0,1,0,1,0,1,0,1,0,0,0,1,0,0
0,0,1,1,67,1,1,100.21,6721.83,1,0,1,0,0,1,1,0,0,0,0,1,0,0,0,0,0,0,0,0,1
0,0,1,0,60,0,1,33.07,1987.24,1,0,0,0,0,0,0,0,0,0,0,1,1,0,0,0,0,0,0,1,0
1,0,1,1,63,1,1,80.21,5051.64,0,0,1,0,0,1,1,0,0,1,0,1,0,0,0,0,1,0,1,0,0
1,0,0,0,57,1,0,47.73,2726.28,1,0,1,0,1,0,0,1,0,1,1,0,1,0,0,0,0,0,0,0,1
1,0,1,0,24,1,0,90.37,2171.83,1,0,0,1,1,0,1,0,1,0,1,0,1,0,1,0,0,0,0,1,0
0,1,0,1,59,1,1,28.94,1715.41,0,1,0,0,0,1,0,1,0,0,0,1,0,1,0,1,0,0,1,0,0
1,1,0,0,14,1,1,102.9,1434.21,0,0,1,0,0,1,0,0,0,0,0,1,0,0,0,1,0,0,0,0,1
0,0,1,0,52,1,0,54.2,2806.74,0,1,1,0,0,0,0,0,0,0,0,0,0,1,0,0,0,1,1,0,0
1,0,1,0,39,1,0,111.67,4361.3,0,0,0,0,0,1,0,1,0,1,0,0,0,0,0,0,0,0,1,0,0
0,0,0,1,70,1,1,24.8,1730.63,0,1,0,0,0,0,0,1,0,1,0,1,0,0,0,0,0,0,0,1,0
1,1,0,0,2,0,0,109.07,212.71,1,0,0,0,0,1,0,0,1,0,0,0,1,0,1,0,0,0,1,0,0
1,1,0,0,24,0,1,75.82,1821.65,1,0,0,1,1,0,1,0,1,0,1,0,1,0,1,0,0,0,1,0,0
1,0,0,1,8,1,1,105.88,849.52,0,1,1,0,0,0,0,1,0,0,1,0,0,1,0,0,0,1,0,0,0
0,1,0,1,23,1,0,66.01,1509.69,1,0,1,0,0,0,1,0,1,0,0,1,0,0,0,0,0,0,0,0,0
1,0,0,0,18,1,0,38.34,682.28,0,1,0,0,0,1,0,0,0,1,0,1,0,1,0,0,0,0,0,0,0
1,0,1,0,47,0,1,36.65,1728.04,1,0,0,0,1,0,1,0,0,1,0,0,1,0,0,0,0,0,0,0,0
0,1,1,0,34,1,1,43.45,1484.85,0,0,1,0,0,0,0,1,0,1,0,1,0,0,0,0,0,1,0,0,0
1,0,1,0,27,1,1,74.15,1983.68,1,0,1,0,0,0,0,1,0,0,0,0,0,0,1,0,0,1,0,0,0
1,1,0,0,49,1,1,100.71,4927.34,0,0,0,1,1,0,1,0,1,0,1,0,1,0,1,0,0,0,0,0,1
1,0,1,0,2,1,1,78.94,152.03,0,0,0,1,1,0,1,0,1,0,1,0,1,0,1,0,0,0,0,0,0
0,0,0,0,41,1,0,26.31,1082.79,0,1,0,0,1,0,0,0,0,0,0,1,0,1,0,0,0,0,0,0,0
1,0,0,1,8,1,0,68.42,556.74,0,0,0,1,1,0,1,0,1,0,1,0,1,0,1,0,0,0,0,1,0
0,0,0,1,50,1,1,67.31,3348.42,0,0,0,1,1,0,1,0,1,0,1,0,1,0,1,0,0,1,0,0,0
1,0,0,0,26,1,1,49.4,1287.14,0,0,0,0,0,0,0,0,0,1,0,0,0,0,0,0,0,0,0,0,1
1,0,0,0,55,0,1,65.36,3608.37,1,0,1,0,0,0,0,0,0,1,0,1,0,0,0,0,0,1,1,0,0
1,0,1,0,54,1,1,50.32,2721.34,0,0,0,0,0,0,0,0,0,1,0,0,0,1,0,1,0,1,1,0,0
1,0,0,1,60,1,0,33.06,1982.85,0,1,0,1,1,0,1,0,1,0,1,0,1,0,1,0,0,0,0,0,1
0,0,0,0,43,1,0,115.03,4953.72,0,1,0,1,1,0,1,0,1,0,1,0,1,0,1,0,0,0,1,0,0
1,0,0,1,34,1,1,74.91,2553.61,0,0,0,0,0,1,0,0,1,0,0,0,0,1,0,0,0,1,0,0,0
0,0,0,0,9,1,1,79.44,717.64,1,0,1,0,0,1,0,0,0,0,0,0,0,0,0,1,1,0,0,0,0
0,0,1,0,54,1,1,22.65,1214.71,0,0,1,0,0,0,0,1,0,0,0,0,0,0,0,0,0,0,1,0,0
0,0,0,0,63,1,0,111.55,7034.91,0,1,0,0,1,0,0,0,0,0,1,0,0,1,0,0,0,0,0,0,0
0,0,1,0,57,1,0,107.39,6121.1,0,1,0,0,0,1,1,0,0,1,0,0,1,0,0,1,0,0,0,0,1
0,0,1,0,50,1,1,37.13,1866.95,0,1,0,0,0,0,0,1,0,1,0,0,0,0,1,0,0,0,1,0,0
0,0,1,0,10,1,1,84.05,836.62,0,1,1,0,0,0,1,0,0,0,1,0,0,0,1,0,1,0,0,1,0
1,0,0,0,33,1,1,101.89,3358.24,0,1,0,0,0,0,0,0,0,0,0,1,0,0,0,0,1,0,0,0,1
1,0,1,1,44,1,0,97.37,4284.76,0,0,1,0,0,0,0,0,0,0,0,0,0,0,0,0,0,1,0,0,0
0,0,1,0,65,1,0,39.01,2535.92,0,0,0,0,0,0,0,0,0,0,0,0,0,0,0,0,0,0,1,0,0
0,0,0,0,35,1,1,49.44,1728.2,1,0,0,0,0,0,0,0,0,0,0,1,0,1,1,0,0,0,0,1,0
1,1,1,1,46,1,1,69.47,3183.07,0,1,1,0,0,0,0,0,0,0,0,0,0,0,0,0,1,0,1,0,0
0,1,1,0,69,1,0,113.2,7804.29,0,0,0,0,0,0,1,0,0,1,1,0,1,0,0,0,0,0,0,0,0
0,0,1,0,20,0,0,73.22,1468.14,1,0,1,0,0,0,0,1,0,0,0,0,0,0,0,1,1,0,1,0,0
0,0,0,0,21,1,0,77.47,1641.88,0,0,1,0,0,1,0,1,0,0,0,0,0,0,0,1,1,0,0,0,0
1,0,0,1,59,1,1,66.69,3923.32,0,1,0,0,0,0,0,0,0,1,0,1,0,1,0,0,0,0,0,0,1
0,0,0,0,67,1,1,100.66,6724.64,0,1,1,0,0,0,0,0,0,1,0,1,0,0,0,0,0,0,1,0,0
1,0,1,0,58,1,1,75.59,4379.46,0,0,0,0,0,0,0,0,0,0,0,0,0,0,0,0,0,1,0,0,0
1,0,0,0,28,1,1,118.94,3345.73,0,0,0,1,1,0,1,0,1,0,1,0,1,0,1,0,1,0,0,1,0
0,0,0,0,54,1,1,113.61,6127.39,0,1,0,0,0,1,0,0,0,0,0,0,0,1,0,0,1,0,0,0,1
1,0,0,0,5,1,1,43.16,243.31,0,1,0,0,0,0,0,0,0,0,0,0,0,0,0,1,0,0,0,0,1
1,0,1,1,57,0,1,21.52,1215.06,1,0,1,0,0,0,0,1,0,1,0,1,0,1,0,0,0,0,0,0,0
1,0,1,1,67,1,0,39.4,2639.34,0,1,1,0,0,0,0,1,0,0,0,1,0,0,0,1,0,0,0,0,0
0,0,0,0,6,1,1,102.9,621.59,1,0,1,0,0,0,0,0,0,0,0,1,0,1,0,0,0,1,0,0,1
1,0,0,1,25,1,1,84.22,2095.67,0,0,0,0,0,1,0,0,0,0,0,1,0,1,0,0,0,0,1,0,0
1,0,0,1,56,1,1,99.93,5618.97,0,0,0,0,0,0,0,0,0,0,0,0,0,0,0,0,0,0,0,1,0
1,1,0,0,63,1,0,98.61,6207.71,0,1,1,0,0,0,0,0,0,0,0,0,0,1,0,0,1,0,1,0,0
0,0,1,0,33,1,0,58.65,1945.43,0,0,1,0,0,1,1,0,0,0,0,0,1,0,1,0,0,0,1,0,0
0,0,0,1,60,1,1,95.55,5712.19,0,0,1,0,0,0,0,0,0,0,0,1,0,1,0,1,1,0,0,0,0
1,0,0,1,46,1,0,41.29,1899.9,1,0,1,0,0,1,0,0,0,0,1,0,0,0,0,1,0,0,0,0,0
1,0,1,1,3,1,1,29.71,84.0,0,1,1,0,0,1,0,0,0,0,0,0,1,0,0,0,1,0,1,0,0
1,0,1,0,59,1,0,112.83,6666.85,0,1,1,0,0,0,0,1,0,0,0,1,0,1,0,0,0,0,0,0,0
1,0,0,0,1,1,1,108.74,119.59,0,0,0,1,1,0,1,0,1,0,1,0,1,0,1,0,0,1,0,1,0
1,0,0,0,17,1,1,108.0,1840.37,0,0,0,1,1,0,1,0,1,0,1,0,1,0,1,0,1,0,1,0,0
0,0,0,0,26,1,0,20.5,534.65,0,0,0,0,0,0,0,1,0,1,0,0,0,1,0,0,0,0,0,1,0
1,0,0,0,11,0,0,67.79,755.8,1,0,1,0,0,0,0,1,0,0,0,0,0,0,0,0,0,1,0,0,1
1,0,0,0,5,1,1,31.49,155.86,0,0,1,0,0,0,0,1,0,0,0,0,0,0,0,1,1,0,0,1,0
1,0,1,1,67,1,1,59.57,4006.3,0,1,0,1,1,0,1,0,1,0,1,0,1,0,1,0,0,0,0,1,0
0,0,0,0,27,1,0,64.2,1730.15,0,1,1,0,0,0,0,1,0,0,0,1,0,1,1,0,0,0,0,0,0
0,0,1,0,63,1,1,70.67,4443.11,0,0,1,0,0,0,0,1,0,0,0,0,0,0,0,1,1,0,1,0,0
0,0,0,1,15,1,1,70.56,1079.14,0,0,1,0,0,0,0,0,0,1,0,0,0,0,0,1,0,0,0,0,0
0,0,1,0,26,1,0,74.5,1925.1,0,0,0,0,1,0,0,1,0,1,1,0,0,0,1,0,0,0,0,0,0
1,0,0,0,70,1,1,94.82,6642.17,0,0,1,0,0,0,0,1,0,0,0,1,0,0,0,0,0,1,0,0,1
0,0,0,0,47,1,1,90.96,4280.24,0,0,0,0,1,0,0,0,0,0,0,0,0,0,0,1,0,1,1,0,0
0,0,1,1,40,1,0,108.99,4372.72,0,0,1,0,0,0,0,0,0,0,0,1,1,0,0,0,1,0,0,0,0
0,0,1,0,10,1,0,80.21,796.23,0,1,0,0,1,0,0,1,0,1,0,1,0,1,0,1,0,0,0,1,0
0,0,0,1,17,1,0,73.56,1237.34,0,0,0,1,1,0,1,0,1,0,1,0,1,0,1,0,1,0,0,1,0
0,0,0,1,59,1,1,65.02,3826.26,0,0,0,0,0,0,0,1,0,0,0,0,0,0,0,0,0,0,0,1,0
0,0,1,0,6,1,0,105.21,631.26,0,1,0,0,0,0,0,0,0,0,0,0,0,0,0,1,0,0,1,0,0
1,0,1,1,0,1,0,58.61,0.0,0,0,0,0,0,0,0,0,0,0,0,0,0,1,0,0,0,0,1,0,0
1,0,0,0,57,1,1,81.81,4658.32,0,1,1,0,0,0,0,1,0,0,0,0,0,0,0,1,0,0,0,1,0
1,0,0,1,38,0,1,27.91,1051.43,1,0,0,0,0,0,0,1,0,1,0,0,0,0,0,0,0,0,1,0,0
1,0,1,0,3,1,1,110.94,338.64,0,1,1,0,0,0,0,1,0,0,0,0,0,0,0,0,0,0,0,1,0
0,0,0,1,60,1,1,102.05,6103.5,0,1,0,1,1,0,1,0,1,0,1,0,1,0,1,0,0,0,0,0,1
1,0,0,0,72,0,1,71.87,5165.69,1,0,1,0,0,0,0,0,0,0,0,0,0,0,0,1,1,0,0,1,0
1,0,0,0,3,1,1,48.06,142.15,1,0,1,0,0,1,1,0,0,0,0,1,0,1,0,0,0,0,0,0,0
1,0,1,0,50,1,1,75.02,3749.39,0,0,1,0,0,1,0,0,0,0,0,0,0,1,0,0,1,0,0,0,1
0,1,1,0,68,1,1,75.1,5100.89,0,1,0,0,0,0,0,1,0,1,0,1,0,1,1,0,0,0,1,0,0
1,0,1,1,55,1,0,54.28,2997.79,0,1,1,0,0,0,0,0,0,0,0,0,0,0,1,0,0,0,0,1,0
1,0,1,1,45,1,0,59.99,2701.9,0,1,0,1,1,0,1,0,1,0,1,0,1,0,1,0,0,0,0,0,1
1,0,1,0,24,0,1,79.06,1908.55,1,0,1,0,0,0,0,0,0,1,0,1,0,1,0,1,0,0,0,1,0
1,0,0,1,39,1,1,80.04,3120.46,0,0,0,0,0,1,0,0,0,0,0,0,0,0,1,0,0,0,0,1,0
1,0,1,0,72,1,0,39.21,2830.8,0,1,0,0,0,1,0,1,0,0,0,1,1,0,0,1,0,0,0,1,0
0,0,1,0,11,1,1,42.63,474.98,0,1,0,0,0,0,0,0,0,1,0,0,0,0,0,0,0,1,1,0,0
1,0,0,1,32,1,0,51.54,1644.8,0,0,1,0,0,0,0,1,0,0,0,0,0,0,0,0,1,0,0,0,1
0,0,0,1,21,1,0,28.77,589.91,1,0,0,0,1,0,0,0,0,0,0,1,1,0,0,0,0,0,0,0,1
0,0,1,1,48,1,0,69.59,3351.24,0,0,0,0,0,1,0,1,0,1,0,1,0,1,0,1,1,0,0,0,1
0,0,0,0,19,1,0,26.44,494.79,0,0,1,0,0,0,0,0,0,1,0,0,0,1,0,1,0,1,1,0,0
1,0,1,0,41,0,0,107.22,4394.54,1,0,1,0,0,0,0,0,0,0,1,0,0,0,0,1,0,0,0,1,0
1,1,0,0,62,1,1,98.02,6080.32,0,0,0,0,0,1,0,0,0,0,0,1,1,0,0,0,0,0,0,0,1
1,0,1,0,54,1,1,82.55,4448.37,0,1,0,1,1,0,1,0,1,0,1,0,1,0,1,0,1,0,0,0,0
0,0,0,1,25,1,0,27.26,666.24,0,0,0,0,0,0,0,1,0,1,0,0,0,0,0,0,0,0,0,0,1
0,0,0,1,24,1,0,42.28,1024.68,0,0,0,0,0,1,0,0,0,1,1,0,1,0,1,0,0,0,0,1,0
1,0,0,1,26,1,1,65.76,1732.5,0,0,1,0,0,1,0,1,0,0,0,0,0,0,0,0,0,1,0,0,0
0,1,0,0,11,1,1,73.99,798.89,0,1,1,0,0,0,0,0,0,0,0,0,0,0,0,0,0,0,0,0,1
1,0,1,0,8,0,1,115.12,929.29,1,0,0,1,1,0,1,0,1,0,1,0,1,0,1,0,0,0,0,0,1
1,0,0,0,65,1,0,49.04,3206.44,1,0,1,0,0,0,0,0,0,1,1,0,0,1,0,0,1,0,1,0,0
1,0,0,0,40,1,0,21.76,877.96,0,1,0,1,1,0,1,0,1,0,1,0,1,0,1,0,0,0,0,0,1
0,0,1,0,47,1,0,70.73,3317.16,0,0,1,0,0,0,0,0,0,0,0,0,1,0,0,1,0,1,0,0,1
0,0,1,1,0,1,1,58.85,0.0,0,0,1,0,0,0,0,0,0,1,1,0,1,0,0,1,0,0,0,0,0
0,0,0,0,54,1,1,50.74,2756.56,0,1,0,0,0,0,0,0,0,0,1,0,1,0,0,1,0,0,1,0,0
1,0,1,1,1,1,0,100.74,96.03,0,1,0,0,0,0,0,0,0,1,0,0,0,0,0,1,0,0,0,0,0
0,0,1,1,0,1,1,78.87,0.0,0,1,0,1,1,0,1,0,1,0,1,0,1,0,1,0,0,0,0,0,1
1,0,1,0,14,1,1,103.98,1452.7,0,0,0,1,1,0,1,0,1,0,1,0,1,0,1,0,0,0,0,0,0
0,0,1,0,21,1,1,29.22,617.59,0,0,1,0,0,0,0,1,0,0,1,0,0,0,0,0,0,0,0,0,0
0,0,1,0,35,1,1,22.14,773.75,1,0,0,1,1,0,1,0,1,0,1,0,1,0,1,0,0,0,0,0,1
0,1,0,1,42,1,1,100.57,4214.82,0,1,0,1,1,0,1,0,1,0,1,0,1,0,1,0,0,1,0,1,0
0,1,0,0,17,1,1,93.95,1598.63,0,0,0,1,1,0,1,0,1,0,1,0,1,0,1,0,0,1,0,1,0
1,0,0,0,67,1,1,105.03,7039.33,0,0,0,0,0,0,0,0,0,1,0,0,0,0,0,0,0,0,0,1,0
1,0,0,0,8,1,1,58.95,469.11,0,0,0,0,0,0,1,0,1,0,0,0,0,1,0,0,0,0,1,0,0
0,0,0,0,52,1,1,51.82,2701.58,0,0,1,0,0,0,0,0,0,0,0,0,0,0,0,0,0,0,1,0,0
1,0,0,0,27,1,1,106.9,2865.09,0,0,0,0,0,0,1,0,0,1,0,0,0,1,0,0,0,0,1,0,0
0,0,1,1,5,1,0,82.6,409.13,0,0,1,0,0,0,0,0,1,0,0,0,0,0,0,0,0,0,1,0,0
0,1,1,0,45,1,1,98.89,4448.84,0,0,0,1,1,0,1,0,1,0,1,0,1,0,1,0,0,0,0,0,1
1,0,1,1,48,1,0,94.45,4541.37,0,0,1,0,0,0,0,0,0,1,0,1,0,0,0,0,0,0,1,0,0
1,1,0,1,11,1,0,109.98,1218.01,1,0,0,0,0,1,1,0,0,1,0,1,0,1,0,1,0,1,1,0,0
0,1,1,0,12,1,1,113.29,1365.83,0,0,0,0,0,1,0,1,0,0,0,0,0,0,0,1,0,0,1,0,0
0,0,0,0,17,1,1,22.64,371.88,1,0,0,1,1,0,1,0,1,0,1,0,1,0,1,0,0,0,0,0,0
0,0,0,1,20,1,0,84.95,1706.76,0,0,0,0,0,0,0,0,0,0,1,0,0,0,0,0,0,0,0,1,0
0,0,1,0,23,1,1,75.12,1731.58,0,1,0,0,0,0,0,1,0,1,1,0,1,0,1,0,0,0,0,0,1
1,0,0,1,58,0,1,99.69,5784.9,1,0,0,0,0,1,0,0,0,1,0,0,0,0,1,0,0,0,0,1,0
1,0,1,1,23,1,1,64.71,1468.9,0,1,1,0,0,1,0,0,0,0,0,0,0,0,0,0,0,0,1,0,0
0,0,0,0,43,1,0,104.57,4504.49,0,0,1,0,0,1,0,0,0,0,0,0,0,1,0,1,0,0,0,0,0
1,1,0,0,31,1,0,114.76,3564.62,0,0,1,0,0,1,0,0,0,1,0,0,0,1,0,1,0,0,0,0,1
1,1,0,0,53,0,0,99.73,5287.2,1,0,1,0,0,0,0,0,0,1,0,0,0,1,0,1,0,0,0,0,0
1,1,0,0,1,1,1,20.54,10.75,0,1,0,1,1,0,1,0,1,0,1,0,1,0,1,0,0,0,1,0,0
0,0,0,0,43,1,1,97.36,4181.69,0,1,1,0,0,1,0,1,0,0,0,1,0,1,0,0,0,1,1,0,0
1,0,1,0,13,1,1,23.46,308.5,0,1,0,0,0,0,0,0,1,0,0,0,0,0,1,0,0,0,0,0,0
0,1,0,1,33,1,1,74.97,2465.62,0,0,0,0,0,0,0,1,0,1,0,0,0,0,0,1,0,1,1,0,0
1,1,1,0,31,1,1,43.86,1358.5,0,0,0,1,1,0,1,0,1,0,1,0,1,0,1,0,0,0,0,0,0
0,0,0,1,22,1,0,74.18,1624.26,0,1,0,0,0,0,1,0,0,0,0,0,0,0,0,0,0,0,1,0,0
0,0,0,0,17,0,0,47.51,819.43,1,0,0,0,0,0,0,0,0,1,0,0,1,0,0,0,0,0,0,0,0
0,1,1,1,39,1,1,102.75,4017.7,0,0,0,0,0,1,0,0,0,1,0,0,0,0,0,0,0,1,0,0,1
0,0,0,0,29,1,1,118.4,3414.73,0,1,0,1,1,0,1,0,1,0,1,0,1,0,1,0,0,0,0,0,1
1,0,1,0,46,1,1,24.55,1127.66,0,1,0,1,1,0,1,0,1,0,1,0,1,0,1,0,0,0,0,0,0
0,0,1,0,17,1,1,77.67,1335.12,0,0,0,1,1,0,1,0,1,0,1,0,1,0,1,0,0,0,0,1,0
1,0,0,0,60,1,1,29.03,1736.8,0,1,1,0,0,0,0,0,1,0,0,0,0,1,0,0,0,0,0,0,0
0,0,1,0,64,1,1,103.08,6604.85,0,1,0,0,0,1,0,1,0,1,0,0,1,0,0,0,0,0,0,1,0
0,0,1,0,69,1,1,117.41,8089.14,0,0,0,0,0,1,0,1,0,1,0,1,0,1,0,0,0,1,0,0,1
0,0,0,0,51,1,0,62.11,3163.51,0,0,1,0,0,0,0,0,0,1,0,0,0,0,0,0,1,0,0,0,1
0,0,1,0,18,1,1,42.08,758.94,0,1,0,0,0,0,0,1,0,0,0,1,0,0,0,0,0,0,0,1,0
0,1,1,0,70,1,0,64.56,4520.66,0,0,1,0,0,0,0,1,0,0,0,0,0,0,0,1,0,0,0,0,1
1,0,0,1,17,1,0,105.77,1805.56,0,0,0,1,1,0,1,0,1,0,1,0,1,0,1,0,0,1,0,0,1
1,0,1,0,8,1,1,112.02,872.63,0,1,1,0,0,0,0,0,0,0,0,1,0,0,0,0,0,1,0,0,0
0,0,1,0,25,1,1,79.51,1987.86,0,1,0,0,0,0,0,0,0,0,0,1,0,0,0,1,0,0,0,0,1
1,0,0,0,55,0,1,90.46,4992.31,1,0,0,0,0,1,0,0,0,1,0,0,0,0,0,0,0,0,1,0,0
0,0,0,0,45,1,1,41.92,1883.98,0,0,0,0,0,0,0,0,1,0,0,0,0,1,0,1,1,0,0,1,0
1,1,1,0,34,1,1,40.71,1380.16,0,0,1,0,0,1,0,1,0,0,0,0,0,0,0,0,0,0,0,0,0
1,0,1,0,11,1,1,118.18,1320.01,0,0,0,1,1,0,1,0,1,0,1,0,1,0,1,0,1,0,0,0,1
0,0,1,1,31,1,0,111.51,3450.3,0,0,0,1,1,0,1,0,1,0,1,0,1,0,1,0,0,0,1,0,0
1,0,0,0,53,1,0,114.26,6056.55,0,0,0,0,0,0,0,0,0,0,0,0,0,1,0,0,0,0,0,0,0
1,0,1,0,0,1,1,50.2,0.0,0,1,0,1,1,0,1,0,1,0,1,0,1,0,1,0,1,0,1,0,0
0,0,0,0,3,1,0,91.85,275.18,0,0,0,0,0,0,0,0,0,0,0,0,0,1,0,1,0,0,0,0,0
1,1,1,0,41,1,0,32.71,1345.67,0,0,0,0,0,0,1,0,0,1,0,0,0,0,0,1,1,0,0,1,0
1,0,0,0,46,1,0,48.19,2218.85,0,1,1,0,0,0,0,1,0,0,0,0,0,0,0,1,0,0,1,0,0
0,0,1,1,26,1,1,45.04,1167.0,1,0,1,0,0,0,0,0,0,0,0,1,0,1,0,0,0,0,0,0,1
1,0,0,0,71,1,1,91.35,6463.14,0,0,1,0,0,0,0,1,0,0,0,0,0,1,0,1,0,0,0,0,0
0,0,1,1,53,1,1,114.87,6101.19,0,0,1,0,0,1,0,0,0,0,0,0,0,0,1,0,1,0,0,0,1
0,0,1,0,65,1,0,52.43,3399.69,0,0,0,0,0,1,0,0,0,1,0,0,0,0,0,0,0,0,0,0,1
0,0,0,1,26,1,1,78.97,2046.43,0,0,1,0,0,0,0,1,0,0,1,0,0,1,0,1,0,1,0,1,0
1,0,0,1,5,1,1,85.44,448.63,0,0,1,0,0,0,0,0,0,1,0,0,0,0,0,0,0,0,0,0,1
0,0,0,0,1,1,0,46.58,47.98,0,1,0,0,0,0,0,0,0,1,0,0,0,0,0,1,0,1,1,0,0
0,0,0,0,28,1,1,54.32,1520.3,0,0,1,0,0,0,0,0,0,0,1,0,0,0,0,0,0,0,1,0,0
0,0,0,0,36,1,0,67.31,2431.14,0,0,0,0,0,0,0,0,0,0,0,1,1,0,0,1,0,1,1,0,0
1,0,1,0,2,1,1,56.15,100.1,0,1,1,0,0,0,0,1,1,0,0,0,0,0,0,0,0,0,0,1,0
1,0,1,0,64,1,0,80.3,5140.42,0,0,1,0,0,0,0,1,0,0,0,1,0,0,0,0,0,0,0,0,1
0,1,1,0,41,1,0,107.97,4417.07,0,0,1,0,0,0,0,0,0,1,0,1,0,1,1,0,0,0,1,0,0
0,0,1,0,34,1,1,117.42,3982.17,0,0,1,0,1,0,0,1,0,0,0,1,0,1,0,0,0,0,1,0,0
0,0,0,1,1,1,0,119.66,123.59,0,0,1,0,1,0,0,1,0,1,0,1,1,0,0,0,0,0,0,1,0
1,1,0,0,57,1,1,71.11,4060.78,1,0,0,0,0,1,0,0,0,1,0,1,0,1,1,0,1,0,1,0,0
1,0,0,0,54,1,0,63.3,3425.65,0,1,0,0,0,0,0,1,0,0,0,1,0,0,0,0,0,0,1,0,0
1,0,1,1,1,0,0,106.57,117.6,1,0,0,1,1,0,1,0,1,0,1,0,1,0,1,0,0,0,0,1,0
1,1,1,0,28,1,0,37.34,1049.9,0,1,0,0,0,0,0,0,0,0,0,0,0,1,0,1,0,0,0,1,0
1,0,0,0,48,0,1,21.71,1049.89,1,0,0,0,0,0,0,1,0,1,0,0,0,0,0,1,0,1,0,1,0
1,0,0,1,39,1,1,91.27,3579.54,0,0,0,0,0,1,0,0,0,0,0,0,1,0,0,0,0,0,0,0,1
0,0,1,0,22,0,1,58.65,1296.97,1,0,1,0,1,0,0,1,0,1,0,1,0,0,0,1,0,0,0,0,0
0,1,0,0,30,1,1,44.59,1327.84,0,1,1,0,0,1,0,0,0,1,0,1,0,0,0,1,0,1,0,0,1
1,0,1,0,38,1,1,58.57,2225.0,0,0,1,0,0,0,0,0,0,1,0,0,0,0,0,0,0,0,0,0,1
1,0,0,1,20,0,1,64.85,1279.95,1,0,0,0,0,0,0,0,0,0,0,0,0,0,0,0,0,0,0,0,1
1,0,0,1,70,1,1,72.17,5064.91,0,1,0,1,1,0,1,0,1,0,1,0,1,0,1,0,0,0,0,0,1
0,0,0,0,1,1,1,37.65,39.78,0,1,0,0,0,0,1,0,0,1,0,0,0,0,0,0,0,0,0,0,0
1,0,0,1,72,1,1,29.15,2091.33,0,1,0,1,1,0,1,0,1,0,1,0,1,0,1,0,0,1,0,0,0
0,0,0,0,39,1,1,87.0,3401.57,0,0,0,0,1,0,0,0,1,0,0,0,0,0,0,0,1,0,1,0,0
0,1,0,0,45,1,0,82.34,3701.75,0,0,1,0,1,0,0,1,0,0,0,0,0,1,1,0,0,0,0,1,0
1,0,0,0,4,1,0,77.73,310.04,0,0,1,0,0,0,1,0,0,1,0,0,0,0,0,0,1,0,0,1,0
1,0,0,1,4,0,1,26.2,114.63,1,0,0,1,1,0,1,0,1,0,1,0,1,0,1,0,0,0,0,1,0
0,0,0,0,71,1,1,54.38,3857.0,0,1,1,0,0,1,0,0,0,0,0,1,0,1,0,1,0,1,1,0,0
1,0,0,0,70,1,0,40.62,2837.72,0,0,1,0,0,1,0,0,0,0,0,0,0,0,0,0,0,1,0,0,1
0,0,0,1,18,1,0,97.71,1758.65,0,0,1,0,0,1,0,1,0,0,0,0,0,1,0,0,0,0,0,1,0
1,0,0,0,46,1,1,107.08,4920.83,0,0,1,0,0,0,0,1,0,0,1,0,0,1,0,0,0,0,0,0,0
0,0,0,1,43,1,0,64.77,2773.12,0,1,1,0,0,1,1,0,0,1,0,0,0,0,0,0,1,0,1,0,0
1,0,1,0,39,1,1,37.93,1498.35,0,0,1,0,0,0,0,0,0,0,0,0,0,1,0,0,0,0,0,0,1
1,0,1,0,36,1,1,40.49,1460.48,0,1,0,0,0,0,0,0,0,0,1,0,0,0,1,0,1,0,0,0,0
0,0,1,0,0,1,1,23.12,16.37,0,1,1,0,0,1,0,0,1,0,0,0,0,0,0,1,0,0,0,0,1
1,0,0,0,40,1,0,85.94,3443.42,0,1,1,0,0,0,0,0,0,1,0,0,0,1,1,0,0,0,0,1,0
0,0,1,1,1,1,0,41.96,55.87,1,0,0,1,1,0,1,0,1,0,1,0,1,0,1,0,1,0,0,1,0
1,0,1,0,3,1,1,79.85,237.39,0,0,1,0,0,0,0,0,0,1,0,1,1,0,0,1,0,0,0,1,0
0,0,1,1,35,1,1,67.81,2367.17,0,1,0,0,0,0,0,0,1,0,0,1,0,0,0,0,1,0,1,0,0
1,0,0,0,62,1,0,34.43,2135.84,1,0,1,0,0,0,0,1,0,1,0,0,0,0,1,0,0,0,0,0,1
0,0,0,0,64,0,1,76.13,4869.72,1,0,0,0,0,1,0,0,0,1,0,0,0,0,0,1,0,1,0,0,0
1,1,1,0,67,0,1,73.96,4957.19,1,0,1,0,0,0,0,0,0,0,0,0,0,0,0,0,0,0,1,0,0
0,0,0,0,32,1,1,107.68,3458.52,0,1,0,1,1,0,1,0,1,0,1,0,1,0,1,0,0,1,0,0,1
0,0,1,0,64,1,1,24.29,1555.27,0,0,0,0,0,0,0,1,0,0,0,1,0,0,0,0,0,0,0,0,1
0,0,0,0,2,1,1,47.41,98.97,0,0,0,1,1,0,1,0,1,0,1,0,1,0,1,0,0,0,0,0,1
0,0,0,1,72,1,1,73.66,5291.88,0,1,1,0,0,0,0,0,0,1,0,1,0,0,0,0,0,1,0,0,1
1,0,0,0,9,1,1,117.84,1055.92,0,0,0,0,0,1,0,1,0,0,0,0,0,0,0,1,0,0,0,1,0
1,0,0,0,43,0,0,111.12,4799.18,1,0,0,1,1,0,1,0,1,0,1,0,1,0,1,0,0,0,0,1,0
1,0,0,0,21,1,0,71.46,1506.26,0,0,0,0,0,0,0,0,0,0,0,1,0,1,0,0,0,0,0,0,0
0,0,0,0,61,1,1,24.95,1504.59,0,1,0,0,0,1,0,0,0,0,1,0,0,1,0,0,1,0,1,0,0
1,0,1,0,1,1,1,92.12,69.16,0,0,0,1,1,0,1,0,1,0,1,0,1,0,1,0,1,0,0,1,0
1,0,0,0,72,1,1,83.72,6032.22,0,0,0,0,0,0,0,1,0,0,1,0,0,0,0,1,0,0,0,0,0
0,1,0,0,33,1,1,33.82,1120.74,0,0,0,1,1,0,1,0,1,0,1,0,1,0,1,0,0,1,0,0,1
1,0,1,0,21,1,0,117.38,2475.5,0,0,1,0,0,0,0,0,1,0,0,0,0,1,0,0,1,0,1,0,0
0,0,0,0,54,1,1,25.45,1359.18,0,0,0,0,0,0,0,0,0,0,1,0,0,0,0,0,1,0,0,0,0
1,1,0,1,59,0,1,35.44,2092.4,1,0,1,0,1,0,0,0,0,0,0,0,0,0,0,0,0,0,0,0,1
1,0,1,1,39,1,0,91.87,3581.44,1,0,0,0,0,1,0,1,1,0,0,1,0,1,0,1,1,0,0,0,0
0,0,0,0,28,1,1,112.66,3168.97,0,1,0,0,0,0,0,0,0,0,0,0,0,0,0,1,0,0,0,0,0
1,0,1,0,15,0,1,86.04,1285.77,1,0,0,0,0,1,0,0,0,0,0,1,0,0,1,0,1,0,0,1,0
1,1,0,0,9,1,1,102.31,933.95,0,0,0,0,0,1,0,0,0,0,0,0,0,1,1,0,0,0,1,0,0
1,0,1,0,2,1,0,62.13,131.18,0,0,0,1,1,0,1,0,1,0,1,0,1,0,1,0,0,0,0,0,1
0,0,0,1,45,1,0,104.32,4695.18,1,0,1,0,0,0,0,0,0,1,0,1,0,0,0,0,0,0,0,1,0
1,0,0,0,35,1,0,21.34,728.25,0,1,0,1,1,0,1,0,1,0,1,0,1,0,1,0,0,0,0,0,1
1,0,0,0,70,1,1,76.98,5403.52,1,0,1,0,0,0,0,0,0,0,0,1,0,1,0,1,0,1,0,0,0
1,0,0,0,35,1,0,20.02,683.15,0,0,0,1,1,0,1,0,1,0,1,0,1,0,1,0,0,0,0,1,0
0,0,1,0,11,1,0,60.43,645.31,0,0,1,0,0,0,0,0,0,1,1,0,1,0,0,1,0,0,0,0,0
1,1,0,0,53,1,1,36.84,1963.37,0,1,0,0,0,0,0,0,0,1,0,0,0,1,0,0,1,0,0,0,1
0,1,1,0,24,0,1,31.68,747.17,1,0,0,0,0,1,0,1,0,0,0,0,0,1,0,0,0,0,0,1,0
1,0,0,1,30,0,0,107.37,3218.23,1,0,1,0,0,1,0,0,0,1,0,0,0,0,0,0,0,0,0,1,0
1,0,1,0,20,1,0,55.17,1095.67,1,0,0,1,1,0,1,0,1,0,1,0,1,0,1,0,0,0,1,0,0
1,0,0,0,10,1,1,31.42,315.81,0,0,1,0,0,0,1,0,0,1,0,0,0,0,0,0,1,0,0,1,0
0,0,1,0,12,1,0,58.39,700.36,0,0,1,0,0,1,0,1,0,0,0,0,0,0,0,1,0,0,0,0,0
1,0,1,0,51,1,0,67.21,3433.1,0,1,1,0,0,1,0,0,0,0,0,1,0,1,0,1,1,0,1,0,0
1,0,1,0,44,0,0,90.31,3965.83,1,0,0,0,0,1,0,0,0,0,0,0,0,0,0,0,1,0,0,1,0
0,0,0,0,28,1,0,89.12,2514.66,0,0,0,0,0,0,0,1,0,0,0,0,0,1,0,1,0,0,0,1,0
0,0,0,0,18,1,1,31.41,554.3,0,0,1,0,0,1,0,1,0,0,0,1,0,0,0,1,1,0,0,0,1
1,1,0,1,42,1,1,113.45,4771.59,0,0,0,1,1,0,1,0,1,0,1,0,1,0,1,0,0,0,0,0,0
1,0,1,1,10,1,1,90.14,903.11,0,0,0,0,1,0,0,1,0,0,0,0,0,0,0,1,0,0,0,1,0
0,0,1,0,42,1,0,52.45,2203.31,0,1,1,0,0,1,1,0,0,0,0,0,0,1,0,1,1,0,1,0,0
1,0,0,1,16,1,0,78.64,1248.47,0,0,0,1,1,0,1,0,1,0,1,0,1,0,1,0,0,1,1,0,0
0,0,0,0,31,1,0,51.76,1606.71,1,0,1,0,0,0,0,1,0,1,0,0,0,0,0,1,0,1,0,1,0
0,0,0,0,64,1,1,88.79,5687.8,0,1,1,0,0,0,0,0,0,0,0,0,0,0,0,0,0,0,0,0,1
0,0,1,1,4,1,1,116.8,479.15,0,0,1,0,0,0,0,0,0,0,0,1,0,1,0,0,0,0,0,1,0
1,0,0,0,7,1,1,102.44,708.84,0,0,0,1,1,0,1,0,1,0,1,0,1,0,1,0,0,0,0,0,1
0,0,1,0,5,1,0,119.44,628.46,1,0,1,0,0,0,1,0,0,0,0,1,0,0,0,0,1,0,1,0,0
0,0,1,0,53,1,0,66.48,3519.2,0,1,1,0,0,0,0,1,0,0,0,0,0,0,0,1,1,0,0,1,0
0,0,1,1,18,1,0,118.52,2142.24,0,0,0,0,0,0,0,1,0,1,0,0,0,1,0,0,0,0,1,0,0
1,0,1,1,64,1,0,69.93,4480.59,0,0,0,0,0,0,0,0,0,0,0,1,0,0,0,0,0,0,0,1,0
1,0,0,1,52,0,1,97.56,5074.9,1,0,1,0,0,1,0,0,0,1,0,0,0,0,0,1,1,0,0,0,0
0,0,1,1,32,1,0,103.09,3304.93,0,0,0,0,0,0,0,0,0,0,0,0,0,1,0,0,1,0,0,0,0
0,1,1,1,68,0,1,70.09,4770.69,1,0,1,0,0,0,0,0,0,0,1,0,0,1,0,0,0,1,1,0,0
0,0,1,1,5,1,1,115.9,578.69,0,1,0,1,1,0,1,0,1,0,1,0,1,0,1,0,1,0,0,0,1
0,0,0,0,65,1,1,32.27,2108.18,0,1,1,0,0,0,1,0,0,0,0,0,1,0,1,0,0,0,0,0,1
0,0,1,1,45,1,1,41.05,1829.21,0,1,1,0,1,0,0,1,0,0,0,0,1,0,0,0,0,0,0,0,0
0,0,1,0,12,1,1,54.32,649.72,0,0,0,0,0,0,0,0,0,1,0,0,0,0,1,0,0,0,1,0,0
1,0,1,0,41,1,1,80.25,3289.5,0,1,1,0,0,0,0,1,1,0,0,0,0,0,0,0,0,0,1,0,0
1,0,0,0,64,1,1,74.79,4761.52,0,1,0,0,1,0,0,0,0,0,0,0,0,1,0,0,0,0,1,0,0
1,0,1,0,10,1,1,102.03,1022.47,0,0,1,0,0,1,0,0,0,0,0,1,0,0,0,0,0,0,1,0,0
0,0,1,0,58,1,1,44.27,2559.78,1,0,1,0,0,1,0,1,0,0,0,0,1,0,1,0,0,0,1,0,0
1,0,0,0,72,1,1,26.84,1930.71,0,1,1,0,0,1,1,0,1,0,0,1,0,0,0,0,1,0,1,0,0
0,0,0,0,31,1,0,26.51,815.4,0,0,0,1,1,0,1,0,1,0,1,0,1,0,1,0,0,0,0,0,1
0,1,0,0,20,1,1,65.05,1307.66,0,0,1,0,0,0,0,0,0,0,0,0,0,0,0,1,0,1,0,1,0
0,0,0,1,46,1,0,94.78,4349.04,0,0,1,0,0,0,0,0,0,0,0,0,0,1,0,0,0,0,0,0,0
1,0,0,0,68,1,1,77.29,5247.09,0,0,0,1,1,0,1,0,1,0,1,0,1,0,1,0,0,1,0,1,0
0,0,0,0,65,1,0,105.28,6846.75,0,0,1,0,0,0,0,1,0,1,0,1,0,0,0,0,0,0,0,1,0
1,0,0,1,5,1,0,101.37,512.02,0,0,0,0,0,0,0,0,0,1,0,0,0,0,0,0,0,0,0,1,0
0,1,1,0,54,1,1,29.45,1586.78,0,0,0,1,1,0,1,0,1,0,1,0,1,0,1,0,0,0,1,0,0
0,0,0,0,48,1,1,97.09,4661.75,1,0,0,1,1,0,1,0,1,0,1,0,1,0,1,0,0,0,0,0,0
0,1,0,0,14,1,1,77.83,1091.79,0,1,1,0,0,0,0,0,0,1,0,0,0,0,0,0,1,0,0,0,0
1,0,1,1,28,0,1,51.1,1421.86,1,0,0,1,1,0,1,0,1,0,1,0,1,0,1,0,0,0,1,0,0
1,0,1,0,13,1,1,25.75,326.07,0,0,1,0,0,0,0,1,0,0,0,0,0,0,0,0,0,0,0,0,0
1,0,0,1,40,1,0,60.48,2425.58,0,0,0,0,0,0,1,0,0,0,0,0,0,0,0,1,0,0,1,0,0
0,0,0,0,60,0,1,44.84,2692.03,1,0,1,0,0,0,0,0,0,0,1,0,0,1,0,0,0,1,0,0,0
0,0,1,0,38,1,1,68.3,2603.35,0,0,1,0,0,1,0,0,0,0,0,0,0,0,0,0,0,0,1,0,0
1,0,0,1,71,1,1,105.08,7457.25,0,1,0,0,0,0,1,0,1,0,0,0,0,1,0,0,0,0,0,1,0
1,0,1,0,20,1,0,51.06,1012.78,0,1,0,0,0,1,1,0,1,0,0,0,0,0,0,0,1,0,0,0,0
1,0,0,1,20,1,0,119.44,2399.36,0,1,1,0,0,0,1,0,0,0,0,1,0,0,0,0,0,0,0,0,0
1,1,1,0,69,1,1,107.87,7440.81,0,0,0,0,0,1,0,1,0,0,0,1,0,0,0,1,0,1,0,0,0
1,1,1,0,6,1,1,27.97,172.65,0,1,0,1,1,0,1,0,1,0,1,0,1,0,1,0,0,1,1,0,0
0,0,0,1,18,1,1,106.93,1926.37,0,1,1,0,0,1,0,0,0,1,0,0,0,0,0,0,0,1,0,1,0
1,0,1,1,69,1,1,76.24,5258.16,0,0,0,1,1,0,1,0,1,0,1,0,1,0,1,0,1,0,0,0,1
1,0,1,0,44,1,1,98.75,4362.54,0,1,1,0,0,1,0,0,0,1,0,0,0,0,0,0,0,0,0,1,0
1,0,1,0,15,1,1,29.22,419.56,0,0,0,0,0,1,0,0,0,0,0,0,0,0,0,0,0,1,0,0,1
0,0,0,0,21,1,0,73.29,1519.33,0,0,1,0,0,0,0,1,0,0,0,0,0,0,1,0,0,0,0,0,0
0,0,1,1,6,1,1,44.01,265.29,0,0,0,0,0,1,0,0,0,1,1,0,0,0,0,1,0,1,1,0,0
0,1,0,1,14,1,1,49.29,700.01,0,1,1,0,0,0,0,0,0,0,0,1,0,1,0,0,1,0,0,0,1
1,0,0,0,35,1,1,106.3,3726.15,0,0,1,0,0,0,0,1,0,0,0,0,1,0,1,0,0,0,0,0,1
0,0,0,0,24,1,0,66.87,1589.42,0,1,1,0,0,0,0,0,0,0,0,0,0,1,0,0,0,0,0,0,1
0,0,0,0,34,0,0,105.98,3575.4,1,0,0,1,1,0,1,0,1,0,1,0,1,0,1,0,0,1,1,0,0
0,0,1,0,16,1,1,110.5,1768.93,0,0,0,1,1,0,1,0,1,0,1,0,1,0,1,0,0,1,0,0,1
1,0,1,0,38,1,1,90.32,3433.76,0,1,0,1,1,0,1,0,1,0,1,0,1,0,1,0,1,0,0,1,0
0,0,1,1,13,1,1,106.09,1363.79,0,0,1,0,0,0,0,0,0,0,0,0,0,0,0,1,0,0,0,0,0
0,0,1,1,55,1,0,112.36,6168.31,0,1,0,0,1,0,0,0,0,0,0,0,0,0,0,1,0,1,0,0,1
1,0,0,0,54,1,0,114.87,6201.92,0,0,1,0,0,1,0,1,1,0,0,1,1,0,0,0,0,0,0,0,1
1,0,0,1,63,1,1,29.89,1890.84,0,1,0,1,1,0,1,0,1,0,1,0,1,0,1,0,0,0,1,0,0
0,0,1,0,21,0,0,76.96,1630.29,1,0,0,1,1,0,1,0,1,0,1,0,1,0,1,0,0,0,0,0,0
1,0,0,1,31,1,1,86.79,2699.12,0,1,0,1,1,0,1,0,1,0,1,0,1,0,1,0,0,0,0,0,0
0,0,1,1,42,1,1,112.39,4719.26,0,1,1,0,1,0,0,0,0,1,0,1,0,0,0,1,1,0,1,0,0
1,0,1,1,4,1,0,87.23,366.62,0,0,0,1,1,0,1,0,1,0,1,0,1,0,1,0,0,1,0,0,0
1,0,0,0,52,1,0,108.74,5662.04,1,0,1,0,0,1,0,0,0,0,0,0,0,1,0,1,0,0,0,0,0
0,0,1,0,16,1,1,106.47,1703.28,0,0,0,0,0,0,0,0,0,1,0,0,0,0,0,1,1,0,0,1,0
0,0,1,1,26,1,1,55.87,1445.55,0,0,1,0,1,0,0,0,0,0,0,0,0,1,0,1,0,1,1,0,0
1,1,0,0,30,1,0,32.93,990.7,0,0,0,1,1,0,1,0,1,0,1,0,1,0,1,0,0,0,0,0,1
1,0,1,0,66,1,0,37.82,2490.3,0,0,1,0,0,1,0,0,0,0,0,1,0,1,0,0,0,0,1,0,0
1,0,0,0,56,1,0,78.6,4402.01,0,0,0,0,0,0,0,0,0,0,0,1,0,1,0,1,0,0,0,0,0
0,0,0,1,27,1,1,92.63,2497.63,0,0,0,0,0,0,0,0,0,1,0,0,0,1,0,0,0,0,1,0,0
0,0,1,0,60,1,0,101.54,6082.12,0,1,0,0,0,0,0,0,0,1,0,1,0,0,0,1,1,0,1,0,0
0,0,0,0,23,1,0,74.98,1720.59,0,1,0,0,0,0,0,0,0,0,0,1,0,1,0,0,0,1,0,0,0
0,0,1,0,30,1,1,88.93,2672.66,0,0,1,0,0,1,0,0,0,0,0,1,0,1,0,0,0,0,0,0,0
1,1,1,0,34,1,0,35.52,1207.64,0,1,1,0,0,0,0,0,0,1,0,1,0,1,1,0,0,0,0,0,1
0,0,0,0,41,1,1,29.29,1210.64,0,1,0,1,1,0,1,0,1,0,1,0,1,0,1,0,1,0,0,0,1
1,1,0,0,63,1,0,49.64,3135.22,0,0,0,0,0,1,1,0,0,0,0,0,1,0,0,1,0,0,0,1,0
0,0,0,1,44,1,0,39.55,1737.28,0,1,1,0,0,1,1,0,0,0,0,0,1,0,0,0,0,0,0,0,0
0,0,1,0,5,1,1,60.14,309.69,1,0,0,0,0,0,0,0,0,1,1,0,0,0,0,1,0,0,1,0,0
0,0,0,0,47,1,1,24.72,1152.23,0,1,0,0,0,0,0,0,0,0,0,0,0,1,0,1,0,0,0,0,1
1,0,1,1,67,1,0,24.2,1610.53,0,0,1,0,1,0,0,0,0,1,0,0,0,0,0,1,0,0,1,0,0
0,0,0,0,69,1,0,115.68,7989.39,1,0,0,0,0,0,0,0,0,0,0,0,0,1,1,0,1,0,0,0,0
0,0,1,0,37,0,0,63.45,2348.22,1,0,0,0,0,0,0,0,0,0,0,1,0,0,0,0,0,1,0,1,0
0,0,1,1,70,1,1,83.17,5824.42,0,1,1,0,0,0,0,0,0,0,1,0,1,0,1,0,0,1,0,0,0
1,0,1,1,3,1,1,50.18,146.67,0,0,0,0,0,0,0,1,1,0,0,1,0,0,0,0,0,0,0,0,1
1,0,0,0,55,1,1,33.02,1824.79,0,0,1,0,0,0,0,0,0,0,0,0,0,1,0,0,0,0,1,0,0
1,0,1,1,66,1,1,23.91,1577.04,1,0,1,0,0,1,0,0,0,0,0,1,0,1,0,0,0,1,0,1,0
0,0,0,0,49,1,0,111.45,5459.53,0,0,0,0,1,0,0,0,1,0,0,0,0,1,1,0,0,0,1,0,0
1,0,0,1,65,1,0,56.09,3637.87,0,0,0,0,0,0,1,0,0,0,0,0,0,1,0,1,0,0,1,0,0
0,0,0,0,40,1,0,33.5,1344.26,0,1,0,0,0,0,0,0,1,0,0,0,0,1,0,0,0,0,0,1,0
1,0,0,1,7,1,1,51.89,369.69,0,0,0,0,0,0,1,0,0,0,0,0,0,0,0,0,0,1,0,0,0
0,1,0,0,21,1,1,55.87,1175.43,0,0,0,1,1,0,1,0,1,0,1,0,1,0,1,0,0,1,0,1,0
1,0,0,1,49,1,0,76.96,3773.15,0,1,0,0,0,1,0,0,0,1,0,0,0,0,0,0,0,0,0,0,1
0,0,0,0,47,1,1,50.13,2342.24,1,0,0,0,0,1,0,1,0,1,0,0,0,0,0,0,0,0,1,0,0
0,0,0,1,47,1,0,45.47,2125.07,0,0,0,0,0,1,0,1,0,0,0,0,0,0,0,0,0,0,0,0,1
1,0,1,1,41,1,0,27.98,1151.55,0,0,0,1,1,0,1,0,1,0,1,0,1,0,1,0,0,0,1,0,0
0,0,1,0,66,1,0,49.51,3260.39,0,0,0,0,0,0,0,0,1,0,0,0,0,0,0,1,0,0,1,0,0
1,0,1,0,18,0,0,23.42,430.82,1,0,1,0,1,0,0,0,0,1,0,0,0,0,0,0,0,0,0,1,0
1,0,0,1,13,1,1,35.46,474.6,0,0,0,0,0,0,0,1,0,0,0,0,0,0,0,0,0,0,1,0,0
1,1,0,0,17,1,1,108.94,1855.25,0,1,0,1,1,0,1,0,1,0,1,0,1,0,1,0,0,0,1,0,0
0,0,1,0,65,1,1,46.18,2999.66,0,0,1,0,0,1,0,0,0,1,0,0,0,0,0,0,1,0,0,1,0
0,1,0,0,56,1,0,64.2,3593.67,0,0,0,0,0,0,1,0,0,0,0,1,0,0,0,1,0,1,0,0,0
0,0,1,0,50,1,1,22.79,1121.99,0,0,0,0,1,0,0,0,0,0,0,0,0,0,0,0,1,0,0,0,1
1,0,0,1,25,0,0,105.27,2631.4,1,0,0,0,0,0,0,0,0,0,1,0,0,0,0,0,0,0,0,0,1
1,0,1,0,49,1,0,47.15,2311.45,0,0,1,0,0,0,0,0,0,0,1,0,0,1,0,0,0,0,1,0,0
0,0,0,0,9,1,1,98.87,877.66,0,1,1,0,0,0,0,0,0,1,0,1,0,0,0,0,0,0,0,0,0
0,0,0,0,12,1,1,92.49,1098.82,0,1,0,0,0,1,0,0,0,1,0,1,0,1,0,0,0,0,1,0,0
1,0,1,0,64,1,0,34.55,2197.56,0,0,0,1,1,0,1,0,1,0,1,0,1,0,1,0,1,0,0,1,0
1,1,1,0,9,1,1,61.17,548.34,0,0,1,0,0,0,1,0,0,0,0,1,0,0,0,1,0,0,1,0,0
1,0,1,0,67,1,0,105.24,7067.27,0,0,0,0,0,0,0,1,0,1,0,1,0,0,0,0,0,0,1,0,0
1,1,0,0,41,1,1,62.03,2552.97,1,0,1,0,0,1,0,0,1,0,0,0,1,0,0,1,0,0,0,1,0
1,0,0,0,31,1,1,60.79,1885.96,0,1,0,0,0,0,1,0,0,1,0,1,1,0,0,0,0,1,0,0,1
0,0,1,0,24,1,0,78.31,1897.57,1,0,1,0,0,1,0,0,0,0,0,0,0,1,0,0,0,0,0,1,0
1,0,1,1,39,1,1,47.47,1829.65,0,1,1,0,0,0,0,0,0,1,0,0,0,0,0,0,0,1,1,0,0
1,0,1,0,0,1,1,99.05,23.85,0,0,1,0,1,0,0,1,0,1,0,0,1,0,0,1,0,0,0,0,0
1,0,0,0,61,1,1,90.18,5495.51,0,0,0,1,1,0,1,0,1,0,1,0,1,0,1,0,0,1,1,0,0
1,0,1,0,63,1,1,57.64,3641.51,0,1,0,0,0,0,0,0,1,0,0,1,0,1,0,1,0,0,0,0,1
1,0,0,0,50,1,0,92.52,4610.96,0,1,0,0,0,0,0,0,0,1,0,0,0,0,1,0,0,0,0,0,1
0,0,1,0,43,1,1,31.99,1379.88,0,1,0,1,1,0,1,0,1,0,1,0,1,0,1,0,0,0,0,1,0
0,1,0,0,6,1,1,57.35,352.29,0,0,1,0,0,0,0,1,0,0,0,0,0,1,0,0,0,0,0,0,0
1,0,1,0,21,0,1,114.45,2408.62,1,0,0,1,1,0,1,0,1,0,1,0,1,0,1,0,0,1,1,0,0
1,0,1,1,66,1,1,64.72,4272.07,0,0,1,0,0,1,0,0,0,0,0,1,0,1,0,0,1,0,0,0,0
0,0,0,1,17,1,1,49.93,862.14,0,0,0,0,0,0,0,0,0,0,1,0,0,0,1,0,0,0,0,0,0
1,0,1,1,64,0,0,21.16,1351.47,1,0,0,0,0,0,0,1,0,0,0,0,0,0,0,1,0,0,1,0,0
0,1,1,0,14,1,1,48.22,676.44,0,1,1,0,0,0,0,0,0,0,0,1,0,0,0,0,0,0,0,0,1
0,0,0,0,62,1,0,39.19,2438.86,0,1,1,0,0,1,0,0,0,1,0,0,0,0,0,0,0,0,0,1,0
0,0,1,0,35,1,1,83.74,2916.98,0,0,1,0,1,0,0,1,0,0,1,0,0,0,0,0,0,0,0,0,1
0,0,0,1,59,1,0,90.41,5329.45,0,0,1,0,0,0,0,1,0,0,0,1,0,0,0,1,0,0,0,1,0
1,1,1,0,70,1,1,30.36,2121.38,0,1,0,0,0,1,0,0,0,0,0,0,0,0,0,0,0,0,0,0,0
0,0,1,0,57,1,1,116.78,6649.99,0,0,1,0,0,0,0,0,0,0,1,0,0,0,0,1,0,1,0,1,0
0,0,1,0,11,1,0,72.24,777.56,0,0,0,0,0,0,0,0,0,0,0,1,0,0,0,0,1,0,0,0,0
0,0,0,1,9,1,0,26.21,235.96,0,1,0,0,0,0,0,0,0,1,0,0,0,0,1,0,0,0,1,0,0
0,0,0,0,7,1,1,39.77,291.48,1,0,1,0,0,0,0,0,0,0,0,1,0,0,0,0,0,0,0,0,1
0,1,1,0,59,1,0,103.3,6109.98,0,0,0,0,0,0,0,0,0,0,0,1,0,1,0,0,0,0,0,0,0
1,0,0,0,15,1,1,84.05,1271.41,0,1,1,0,0,0,0,0,0,0,0,1,0,0,0,1,1,0,1,0,0
1,0,0,1,42,1,1,112.47,4737.05,0,0,1,0,1,0,1,0,0,1,0,0,0,0,0,0,1,0,1,0,0
1,0,0,1,12,1,1,94.48,1137.44,0,0,0,0,0,0,0,0,0,1,0,0,0,0,0,0,0,0,1,0,0
0,0,0,0,33,1,1,90.73,3012.19,0,0,0,0,0,0,0,1,0,0,0,1,0,0,0,0,0,0,1,0,0
0,0,1,0,37,1,1,110.54,4082.29,0,0,1,0,0,0,1,0,0,0,0,0,0,0,0,0,0,1,0,0,0
1,0,1,1,23,1,1,41.64,964.06,1,0,1,0,0,0,0,0,0,0,0,0,0,0,0,0,1,0,0,0,0
1,0,1,0,57,1,0,87.0,4948.74,0,0,1,0,0,0,0,0,0,0,0,1,0,1,0,1,0,0,0,0,0
0,0,0,0,11,1,0,98.37,1077.12,0,0,0,1,1,0,1,0,1,0,1,0,1,0,1,0,0,0,1,0,0
0,0,0,0,59,1,1,22.39,1334.78,0,0,0,0,1,0,0,0,0,1,0,1,0,0,0,0,1,0,1,0,0
0,0,0,1,49,1,1,96.13,4708.38,0,0,1,0,1,0,0,0,0,1,0,0,0,1,0,0,0,0,1,0,0
0,0,0,1,55,1,0,65.49,3610.27,0,0,1,0,0,1,0,0,0,1,0,1,0,0,0,1,0,0,1,0,0
0,1,1,0,27,1,1,58.54,1570.36,0,0,0,1,1,0,1,0,1,0,1,0,1,0,1,0,0,0,0,0,1
0,0,1,0,29,1,1,118.95,3444.31,0,1,1,0,0,0,0,0,0,0,0,0,0,1,0,0,0,0,0,0,1
0,1,1,1,72,1,0,84.86,6114.88,0,0,1,0,0,0,0,1,0,0,0,0,0,0,1,0,0,0,0,1,0
1,0,1,0,64,0,1,29.36,1885.85,1,0,1,0,0,0,0,0,0,0,0,0,1,0,0,0,0,1,0,0,0
1,0,0,1,60,1,0,98.26,5898.57,0,1,0,1,1,0,1,0,1,0,1,0,1,0,1,0,0,0,0,0,0
1,0,0,0,12,1,1,94.88,1139.44,0,1,0,0,0,1,0,0,0,1,0,1,0,1,0,1,1,0,1,0,0
0,0,1,1,16,1,0,26.03,426.94,1,0,1,0,0,0,0,0,0,1,0,1,0,0,0,1,0,1,0,0,1
1,0,1,0,60,1,1,51.58,3096.75,0,0,0,1,1,0,1,0,1,0,1,0,1,0,1,0,1,0,1,0,0
1,0,1,0,7,1,1,114.83,786.82,0,0,1,0,0,0,0,0,0,0,0,0,0,0,0,1,1,0,1,0,0
1,1,1,0,40,1,1,74.62,2987.79,0,0,1,0,0,1,0,0,0,0,0,0,0,0,0,0,0,0,0,1,0
0,0,0,0,55,0,1,59.74,3277.07,1,0,0,1,1,0,1,0,1,0,1,0,1,0,1,0,0,0,0,0,0
1,0,0,0,3,1,0,86.16,255.65,0,0,0,1,1,0,1,0,1,0,1,0,1,0,1,0,0,0,0,0,1
0,1,1,0,42,1,1,102.55,4293.87,0,1,0,0,0,0,0,0,0,0,0,1,0,1,0,1,0,1,0,1,0
1,0,0,0,31,1,1,23.81,751.33,0,0,0,0,0,1,1,0,0,0,0,1,0,0,0,0,0,0,0,0,1
0,1,0,0,27,1,0,111.69,3011.59,0,0,1,0,0,1,0,0,0,0,0,0,0,0,0,1,0,1,0,1,0
1,0,0,0,21,1,1,66.0,1377.15,0,0,0,0,0,0,0,0,0,0,0,0,0,1,0,0,0,0,0,0,1
0,0,1,0,72,1,1,93.62,6747.45,0,1,1,0,1,0,0,0,0,0,0,0,0,0,0,0,0,0,0,0,0
0,0,0,1,47,1,1,103.88,4884.19,1,0,0,0,0,0,0,1,0,0,0,1,0,0,0,0,1,0,0,0,1
0,1,0,0,1,1,1,26.38,15.74,0,1,0,1,1,0,1,0,1,0,1,0,1,0,1,0,0,0,0,0,0
0,0,0,0,45,1,0,32.43,1463.06,1,0,0,0,0,0,0,0,0,0,0,0,0,0,0,1,0,1,0,0,0
0,1,0,0,42,1,1,101.61,4271.8,0,1,1,0,0,0,0,1,0,1,0,1,0,0,0,0,0,1,0,1,0
1,0,1,0,68,1,0,112.74,7660.22,1,0,0,0,0,1,0,0,0,0,0,1,0,0,0,0,0,0,0,0,0
0,0,0,1,52,1,0,24.96,1291.41,0,0,0,1,1,0,1,0,1,0,1,0,1,0,1,0,0,0,0,0,1
1,0,0,1,6,1,0,115.93,680.26,0,0,0,0,0,0,0,0,0,0,0,0,0,1,0,0,0,0,1,0,0
0,0,1,1,71,1,1,64.25,4570.86,0,0,0,0,1,0,0,1,0,0,0,0,0,0,0,0,0,1,0,1,0
1,0,1,0,62,1,1,80.56,4984.59,0,0,0,1,1,0,1,0,1,0,1,0,1,0,1,0,0,0,1,0,0
1,1,1,0,63,1,0,65.19,4114.49,0,0,0,0,0,0,0,0,1,0,1,0,0,1,1,0,0,1,0,0,1
1,0,1,0,47,1,0,60.47,2844.67,0,0,1,0,1,0,0,1,0,0,1,0,0,0,0,0,0,0,0,1,0
0,0,0,1,53,1,0,103.9,5494.39,0,1,0,0,0,0,0,1,0,0,0,0,0,0,0,0,0,0,0,0,0
1,0,0,1,70,1,0,49.41,3460.72,0,0,0,1,1,0,1,0,1,0,1,0,1,0,1,0,0,0,0,0,0
0,1,1,0,45,1,1,113.51,5099.25,0,1,0,0,0,0,0,1,0,0,0,0,0,0,0,1,0,0,0,0,0
1,0,1,0,40,1,1,77.04,3092.13,0,0,1,0,0,0,0,1,0,0,0,0,0,1,0,0,0,0,0,1,0
0,0,0,0,33,1,1,96.01,3174.05,0,0,0,0,0,0,0,0,0,0,0,0,0,1,0,1,1,0,0,0,0
0,0,1,0,49,1,0,44.55,2176.46,0,0,1,0,1,0,0,0,0,0,0,1,0,0,0,0,0,1,0,0,0
1,1,0,0,44,1,1,114.62,5039.63,0,1,0,0,0,0,1,0,0,1,0,0,0,0,0,0,1,0,0,0,0
0,0,1,0,6,1,1,71.39,421.14,0,1,1,0,0,0,0,1,0,0,0,0,0,0,0,1,0,1,0,0,0
1,1,0,0,42,1,1,25.07,1055.63,0,0,0,0,0,0,0,1,0,0,0,0,0,1,0,1,0,0,0,0,1
1,0,1,0,31,1,1,100.11,3116.11,0,0,0,0,0,1,0,0,0,0,0,0,0,0,0,1,0,0,1,0,0
0,0,1,0,51,0,1,25.85,1327.58,1,0,0,0,1,0,0,0,0,1,0,1,0,1,0,0,0,0,0,0,1
0,0,0,0,11,1,1,98.0,1082.02,0,1,0,0,1,0,0,0,0,0,0,1,0,1,0,0,1,0,1,0,0
0,1,0,0,36,1,0,67.61,2425.09,0,0,0,0,0,0,0,1,0,1,1,0,0,0,0,0,1,0,0,1,0
0,0,0,0,63,1,1,81.39,5130.31,0,0,0,0,0,1,0,0,1,0,0,0,0,0,0,0,0,1,0,0,0
0,0,1,0,29,1,1,87.01,2518.61,0,0,1,0,0,1,0,0,0,0,0,0,1,0,0,0,0,0,1,0,0
1,0,1,0,8,1,0,52.19,407.88,0,0,0,0,0,0,0,0,1,0,0,0,1,0,0,1,0,0,0,1,0
1,0,0,0,21,1,1,97.33,2043.53,0,0,0,0,0,1,0,0,0,1,0,1,0,0,0,0,0,0,0,0,1
0,0,1,1,37,1,1,99.69,3686.8,0,0,1,0,0,0,0,0,0,0,0,0,0,0,1,0,0,1,0,0,0
1,0,0,0,16,1,0,32.24,493.77,1,0,1,0,0,0,0,0,0,0,0,0,0,1,0,0,0,0,0,0,1
0,0,1,0,59,1,1,62.96,3714.96,0,0,1,0,0,0,0,0,0,0,0,0,0,1,0,0,0,0,0,0,0
0,1,1,0,61,1,0,79.07,4829.04,0,0,0,0,0,1,0,1,0,0,0,0,0,0,1,0,0,0,0,1,0
0,0,1,0,64,1,1,50.34,3233.65,0,1,0,0,1,0,0,0,0,0,0,0,0,0,0,1,0,0,0,0,1
1,0,1,1,40,1,0,48.75,1947.66,0,1,1,0,0,0,0,0,0,0,1,0,0,1,1,0,1,0,0,0,0
0,0,0,0,0,0,0,56.74,0.0,1,0,1,0,0,1,0,0,0,0,1,0,0,0,0,0,0,0,1,0,0
1,0,0,0,42,0,0,101.47,4261.78,1,0,0,0,0,1,0,1,0,1,1,0,0,1,1,0,0,0,0,0,1
1,0,1,0,9,1,1,100.72,904.8,0,1,0,0,0,0,0,0,0,0,0,0,0,1,0,1,1,0,0,0,1
0,1,1,1,55,1,1,98.46,5415.79,1,0,0,0,0,0,0,0,0,0,1,0,0,1,0,0,0,0,0,0,0
1,0,1,1,57,1,1,65.72,3742.16,0,1,0,0,1,0,0,1,0,1,0,1,0,0,0,0,0,0,0,0,1
0,0,1,0,2,1,0,26.21,48.71,0,0,0,1,1,0,1,0,1,0,1,0,1,0,1,0,1,0,0,0,0
1,0,1,0,43,1,0,20.85,874.91,0,0,1,0,0,0,0,0,1,0,0,0,0,1,0,0,0,0,1,0,0
0,0,1,0,4,1,0,95.5,387.52,0,0,1,0,0,0,0,0,0,0,0,0,0,0,0,0,0,0,0,1,0
0,0,1,0,22,1,0,32.38,716.11,0,1,0,0,0,0,0,0,0,0,0,0,0,1,0,0,0,0,0,1,0
0,0,0,0,32,1,1,70.0,2234.64,0,1,0,0,0,1,0,0,0,0,0,0,0,0,0,0,0,0,0,0,0
0,0,1,1,24,1,0,67.48,1630.55,0,0,1,0,0,0,0,1,1,0,0,0,0,0,0,0,0,0,0,1,0
1,1,1,1,50,0,1,56.87,2830.8,1,0,1,0,0,0,0,0,0,0,0,1,0,1,0,1,1,0,1,0,0
0,0,0,0,34,1,1,46.15,1579.43,0,0,0,0,0,1,1,0,0,0,0,0,0,0,0,0,0,0,1,0,0
1,1,1,1,2,1,1,56.02,124.33,0,0,0,0,0,1,0,1,0,0,0,0,0,0,0,0,0,0,0,0,1
0,0,1,1,14,1,1,114.45,1606.17,0,0,0,0,0,1,0,0,0,1,0,1,0,0,0,1,1,0,0,0,0
0,0,0,1,1,1,1,111.13,115.72,0,0,0,1,1,0,1,0,1,0,1,0,1,0,1,0,0,0,1,0,0
1,0,1,0,72,1,1,95.88,6912.04,0,1,0,0,0,0,0,0,0,1,0,0,0,0,0,1,1,0,0,0,0
1,1,1,0,8,0,1,45.12,365.99,1,0,0,0,0,1,1,0,0,0,0,0,0,1,0,0,0,0,0,0,1
1,0,0,0,41,1,1,114.62,4696.96,0,0,0,0,1,0,0,0,0,1,0,0,0,1,0,0,0,1,0,0,1
1,0,1,1,68,1,0,45.97,3135.92,0,1,1,0,0,0,0,0,0,0,0,0,1,0,0,0,1,0,0,0,1
0,0,1,1,71,1,0,62.59,4441.77,1,0,0,1,1,0,1,0,1,0,1,0,1,0,1,0,1,0,0,1,0
1,0,1,0,35,1,0,70.04,2438.84,0,0,0,0,0,0,0,1,0,0,0,0,1,0,0,0,0,0,1,0,0
0,0,0,1,51,0,0,100.73,5150.67,1,0,0,0,0,1,0,0,0,0,0,0,0,0,0,0,0,1,0,0,0
0,0,0,0,7,1,0,69.1,469.41,0,0,0,0,0,1,0,0,0,0,0,1,0,1,0,0,0,1,0,0,1
0,1,0,0,61,1,0,38.26,2348.54,0,1,0,1,1,0,1,0,1,0,1,0,1,0,1,0,0,0,0,1,0
1,0,0,0,62,1,1,84.85,5264.38,0,0,0,1,1,0,1,0,1,0,1,0,1,0,1,0,0,0,0,0,1
0,0,0,0,15,1,1,101.43,1514.85,0,0,1,0,0,1,0,1,0,0,0,1,0,0,0,0,1,0,0,0,1
1,0,1,0,31,1,1,89.06,2729.47,0,0,0,0,0,1,0,0,0,0,0,1,0,0,0,0,0,0,0,0,1
0,0,1,0,68,1,0,27.05,1850.89,0,0,0,1,1,0,1,0,1,0,1,0,1,0,1,0,0,1,0,1,0
0,0,1,0,4,1,1,37.22,143.86,0,1,0,1,1,0,1,0,1,0,1,0,1,0,1,0,0,0,0,0,0
0,0,1,0,7,1,1,44.22,311.4,0,0,1,0,0,0,0,0,0,0,0,1,0,0,0,0,0,0,0,1,0
0,0,1,0,3,1,0,63.41,194.91,0,0,0,1,1,0,1,0,1,0,1,0,1,0,1,0,1,0,0,0,1
0,0,0,1,35,1,0,110.35,3863.07,0,0,0,1,1,0,1,0,1,0,1,0,1,0,1,0,0,1,0,0,1
1,0,0,1,45,1,0,58.61,2625.49,0,0,1,0,0,0,0,0,0,0,1,0,0,0,0,0,0,0,0,0,0
0,1,1,0,20,0,1,50.1,1011.55,1,0,0,0,0,0,0,0,0,0,1,0,0,0,0,1,0,1,0,1,0
1,0,0,0,72,1,1,50.05,3604.8,0,0,1,0,0,0,0,1,0,0,0,1,0,0,0,0,0,0,0,0,1
0,0,1,0,11,1,0,68.9,755.23,1,0,0,0,0,0,0,0,0,0,0,0,0,1,0,0,0,1,1,0,0
1,0,1,0,65,0,1,26.09,1691.95,1,0,0,0,0,1,0,0,0,0,0,1,0,0,0,0,0,0,1,0,0
1,0,1,0,33,1,1,72.51,2393.65,0,1,0,0,0,0,0,1,0,0,0,0,0,1,0,0,0,0,0,1,0
0,0,1,1,16,1,1,105.93,1701.44,0,0,0,1,1,0,1,0,1,0,1,0,1,0,1,0,1,0,0,0,0
1,0,1,0,69,0,0,39.36,2714.33,1,0,0,1,1,0,1,0,1,0,1,0,1,0,1,0,1,0,0,0,0
1,0,0,0,59,1,0,99.18,5850.14,0,0,1,0,0,0,0,0,0,0,0,0,0,0,0,1,0,0,0,0,1
0,1,0,1,36,0,0,30.77,1096.22,1,0,0,0,0,0,0,0,0,1,1,0,0,0,0,0,0,1,0,0,0
0,0,0,0,23,1,1,42.02,981.84,0,0,1,0,0,0,0,0,0,0,0,0,0,0,0,1,0,0,0,0,0
0,0,1,1,14,1,0,87.55,1227.87,0,1,0,0,0,0,0,0,0,0,1,0,1,0,0,0,0,1,1,0,0
1,0,0,1,6,1,1,118.27,709.68,0,0,0,0,0,0,1,0,1,0,0,0,0,0,0,0,0,0,0,1,0
0,0,0,1,1,1,0,35.92,27.47,0,1,1,0,0,0,0,1,0,0,0,0,0,0,0,0,0,0,0,0,1
1,1,0,0,6,1,0,67.74,404.42,0,0,0,1,1,0,1,0,1,0,1,0,1,0,1,0,0,0,0,0,1
1,0,0,0,36,0,0,107.54,3876.13,1,0,0,0,0,0,0,1,0,0,0,1,0,1,0,1,0,0,0,0,0
1,0,0,0,7,1,0,78.81,574.84,0,0,1,0,0,1,0,0,0,0,0,0,0,1,0,1,0,1,1,0,0
1,0,1,0,36,1,1,25.77,925.74,0,0,1,0,0,0,0,1,1,0,1,0,0,1,0,1,0,0,0,0,1
0,0,0,0,12,1,0,58.59,687.47,1,0,1,0,0,0,0,1,0,1,0,1,0,0,0,1,1,0,0,0,1
1,0,0,0,40,1,1,61.03,2440.35,0,1,0,0,0,1,0,0,0,0,0,0,0,0,0,0,0,1,0,0,1
1,0,1,1,2,1,0,60.57,135.91,0,0,1,0,0,0,0,0,0,0,0,1,0,0,0,0,0,0,0,0,1
1,0,1,0,7,1,1,59.3,418.09,0,1,0,0,0,0,0,0,1,0,0,0,0,0,1,0,1,0,0,1,0
1,0,1,0,11,1,0,53.87,601.08,0,1,0,1,1,0,1,0,1,0,1,0,1,0,1,0,0,0,0,0,1
0,1,1,1,45,1,0,103.4,4672.4,0,1,1,0,0,0,1,0,0,0,1,0,0,0,0,0,0,1,1,0,0
0,0,0,0,58,1,1,46.01,2666.28,0,1,1,0,1,0,0,0,0,0,0,0,0,0,0,0,0,1,0,0,1
0,0,0,0,58,1,1,91.0,5269.71,0,0,0,0,0,0,0,0,0,1,0,0,0,0,0,0,0,0,0,0,0
0,0,0,0,23,1,1,90.04,2064.18,0,0,0,0,0,1,0,1,1,0,0,1,0,1,0,0,0,0,0,0,0
0,0,0,1,41,1,0,115.95,4757.07,0,1,0,0,0,1,0,1,1,0,0,0,0,0,0,1,0,0,1,0,0
0,0,0,0,60,1,0,62.38,3742.57,0,1,0,0,0,0,0,1,0,0,0,0,0,0,0,0,0,1,0,0,0
1,0,1,0,64,1,1,95.02,6059.44,0,0,0,0,0,0,0,1,0,0,0,0,0,0,0,0,0,0,0,1,0
1,0,0,1,63,1,1,88.16,5541.42,0,0,1,0,0,1,0,1,1,0,0,0,0,1,0,0,0,0,0,0,0
1,0,0,0,50,1,1,94.38,4721.59,0,0,0,1,1,0,1,0,1,0,1,0,1,0,1,0,0,0,0,0,1
1,0,1,1,56,1,1,87.48,4888.71,0,1,1,0,0,1,0,0,0,0,0,1,0,1,0,0,0,0,0,0,1
0,0,1,0,49,0,1,92.85,4548.09,1,0,1,0,0,0,0,0,0,0,0,0,0,0,0,0,0,0,0,1,0
0,0,1,0,39,1,1,96.8,3769.98,0,0,0,0,1,0,0,0,0,1,0,1,0,1,0,0,0,0,0,0,1
0,0,1,1,9,1,1,118.34,1077.5,0,1,1,0,0,0,0,1,1,0,0,0,0,0,0,0,0,1,0,0,1
1,0,1,1,16,1,0,72.08,1151.17,0,0,1,0,0,0,0,0,0,1,0,0,0,0,0,0,0,0,0,0,0
1,0,1,1,39,1,1,64.26,2506.47,0,1,1,0,0,0,0,0,0,1,0,1,0,0,0,0,1,0,0,0,1
0,0,1,1,26,1,1,30.38,783.5,0,1,1,0,0,1,0,0,0,0,0,0,0,0,0,0,0,0,0,0,1
0,1,0,0,17,1,1,98.87,1683.86,0,1,0,0,0,0,0,0,0,1,0,0,0,1,0,1,1,0,0,0,0
1,0,1,0,35,1,1,113.57,3974.14,0,0,0,0,0,0,0,1,0,1,0,0,0,1,0,1,1,0,0,0,1
0,0,1,1,44,1,1,85.66,3757.14,0,0,0,0,0,0,0,0,0,1,0,1,0,0,0,0,0,1,0,0,1
1,0,0,1,24,1,1,69.65,1679.55,0,1,0,0,0,1,0,0,0,0,0,0,0,0,0,0,1,0,0,0,1
1,0,0,0,5,1,1,25.19,115.27,0,1,0,1,1,0,1,0,1,0,1,0,1,0,1,0,0,0,0,0,0
1,0,0,0,71,1,1,72.34,5134.95,0,1,0,0,0,0,0,1,0,1,0,0,0,0,0,1,0,0,0,0,0
1,0,1,0,20,1,0,23.05,453.12,0,1,0,0,0,0,0,0,0,1,0,1,0,0,0,1,0,1,0,0,1
1,0,0,0,58,1,1,66.48,3846.67,0,1,1,0,0,0,0,0,1,0,0,1,0,0,0,0,0,0,0,0,1
0,0,1,1,20,1,1,87.38,1759.98,0,0,0,1,1,0,1,0,1,0,1,0,1,0,1,0,0,1,0,0,0
1,0,0,0,49,1,1,63.66,3139.12,0,0,0,0,0,0,1,0,1,0,0,0,0,0,0,0,0,0,0,0,1
1,0,1,0,16,1,1,50.0,787.31,0,0,1,0,0,0,0,0,0,1,1,0,0,0,0,0,0,0,1,0,0
1,0,1,0,50,1,1,97.32,4861.41,0,1,0,1,1,0,1,0,1,0,1,0,1,0,1,0,1,0,1,0,0
1,0,1,1,18,1,1,91.9,1655.0,0,1,0,1,1,0,1,0,1,0,1,0,1,0,1,0,0,1,0,0,0
0,0,0,0,21,1,0,93.87,1956.98,0,0,0,0,0,0,0,0,0,0,0,0,0,0,0,1,1,0,0,0,0
0,0,0,0,53,0,1,55.21,2923.93,1,0,0,1,1,0,1,0,1,0,1,0,1,0,1,0,0,1,0,1,0
1,0,1,0,29,1,0,82.32,2370.69,0,0,0,1,1,0,1,0,1,0,1,0,1,0,1,0,0,1,0,0,1
1,1,0,0,47,1,1,111.92,5253.83,0,0,1,0,0,0,0,0,0,1,1,0,0,1,0,0,0,0,1,0,0
0,0,0,1,23,1,1,98.78,2278.07,0,0,0,0,0,0,0,1,0,0,0,0,0,0,0,0,0,0,0,0,1
1,0,1,0,64,1,1,29.04,1855.37,0,1,1,0,0,0,0,0,0,1,0,0,0,0,1,0,0,0,1,0,0
1,0,1,1,60,1,1,97.11,5822.07,0,0,1,0,1,0,0,0,0,1,0,1,0,1,0,0,0,0,0,1,0
0,1,1,0,32,1,0,30.48,972.42,0,0,1,0,0,1,1,0,0,0,0,0,0,1,0,0,0,0,1,0,0
1,0,1,1,62,1,0,37.95,2358.06,0,0,0,1,1,0,1,0,1,0,1,0,1,0,1,0,0,1,0,1,0
0,0,1,1,26,1,1,20.64,521.34,0,0,1,0,0,1,0,0,0,0,0,0,0,0,0,0,1,0,0,0,1
0,1,0,0,33,1,0,90.42,3001.34,0,0,1,0,0,0,0,1,0,0,0,0,0,1,0,0,0,0,0,0,0
0,0,0,0,67,1,1,102.66,6891.56,0,0,1,0,0,0,0,0,0,0,0,1,0,0,0,1,0,0,0,0,0
1,0,0,0,33,1,1,50.56,1681.66,0,1,1,0,0,0,0,0,0,0,0,0,0,0,0,0,0,0,0,1,0
0,0,1,0,36,1,1,27.91,1006.7,0,0,1,0,0,0,0,0,0,0,0,0,0,0,0,0,0,0,0,0,1
0,0,1,0,13,1,1,39.55,507.02,0,1,1,0,0,0,0,1,0,0,0,1,0,1,0,0,0,0,0,0,0
1,0,0,0,63,1,1,72.56,4560.66,0,0,0,0,1,0,0,0,0,1,0,1,0,1,0,1,0,0,0,1,0
1,0,1,1,18,1,1,108.97,1958.12,0,1,0,1,1,0,1,0,1,0,1,0,1,0,1,0,0,0,0,1,0
1,0,0,0,42,1,0,87.74,3679.38,0,0,0,0,0,0,0,0,0,0,0,0,0,1,0,0,0,0,0,1,0
1,0,0,0,10,0,1,80.5,805.69,1,0,0,1,1,0,1,0,1,0,1,0,1,0,1,0,0,1,0,0,0
0,0,1,0,8,1,1,102.27,814.95,0,1,1,0,0,0,0,0,0,1,0,0,0,1,0,1,0,0,0,1,0
0,0,1,0,69,1,1,97.27,6718.36,0,0,0,1,1,0,1,0,1,0,1,0,1,0,1,0,0,0,0,1,0
0,0,0,0,19,1,0,47.49,900.17,0,1,0,1,1,0,1,0,1,0,1,0,1,0,1,0,0,0,1,0,0
0,1,1,0,7,1,1,105.69,740.68,0,1,1,0,0,0,0,0,0,0,0,0,0,0,0,0,0,1,0,1,0
0,0,0,0,36,1,1,62.23,2238.07,0,1,0,1,1,0,1,0,1,0,1,0,1,0,1,0,0,0,0,0,0
1,0,1,0,4,1,1,45.15,195.66,0,1,0,0,1,0,0,0,0,0,0,0,0,1,0,1,0,0,1,0,0
1,0,1,0,2,1,0,84.29,166.25,0,0,0,0,0,1,0,0,0,0,1,0,0,0,0,0,1,0,0,0,0
0,0,0,0,42,1,1,113.6,4753.89,0,1,0,0,0,0,0,1,0,1,0,0,0,1,0,1,0,1,0,0,0
1,0,1,1,3,1,1,36.39,101.62,0,0,1,0,0,1,0,0,0,0,0,0,0,0,0,1,0,0,1,0,0
0,0,0,0,42,1,0,95.22,3990.87,0,1,0,1,1,0,1,0,1,0,1,0,1,0,1,0,0,0,0,0,1
1,0,1,1,9,1,1,34.48,319.28,0,0,1,0,0,1,0,0,1,0,0,0,0,1,0,0,0,0,0,0,0
0,0,1,1,3,1,1,45.93,146.82,0,0,1,0,1,0,0,0,0,0,0,1,0,0,0,0,0,0,0,1,0
1,1,1,0,10,1,1,21.51,225.9,0,0,0,0,1,0,0,1,0,1,1,0,0,1,0,0,0,0,0,0,0
1,0,1,0,38,1,1,94.25,3578.08,0,0,0,0,0,1,1,0,0,0,0,1,0,0,0,0,1,0,1,0,0
1,0,0,0,34,1,0,59.45,2025.57,0,0,0,0,0,0,0,0,0,0,0,1,0,0,0,1,0,0,0,0,1
1,0,1,0,44,1,0,59.35,2604.84,0,1,1,0,0,1,1,0,0,1,1,0,0,1,0,0,0,1,0,0,1
0,0,1,1,17,1,1,34.47,582.44,0,0,0,0,0,1,0,1,0,0,0,0,0,0,0,1,0,0,1,0,0
0,0,0,1,20,1,1,79.34,1595.89,0,1,0,0,0,0,0,0,0,0,0,1,0,0,0,0,0,0,0,0,0
0,1,1,0,47,1,1,25.55,1210.57,0,1,1,0,0,0,0,1,0,0,0,0,0,0,0,1,1,0,0,0,0
0,0,0,0,45,1,0,37.84,1696.11,0,1,1,0,0,0,0,0,0,0,0,1,0,0,0,1,0,0,0,0,0
1,1,1,0,4,1,1,45.21,186.48,0,1,0,0,0,0,0,0,0,1,0,1,0,0,0,1,0,0,0,1,0
0,0,0,1,58,1,1,68.37,3962.87,0,0,0,1,1,0,1,0,1,0,1,0,1,0,1,0,0,0,0,0,0
1,0,1,0,34,0,1,65.1,2200.09,1,0,0,0,0,1,0,0,0,0,0,0,0,0,0,1,0,0,0,0,1
0,0,1,0,59,1,1,36.05,2133.26,0,0,1,0,0,0,0,0,0,0,0,1,0,1,0,0,0,0,1,0,0
1,1,1,1,17,1,0,68.19,1149.83,0,0,1,0,0,0,0,0,0,1,0,0,0,0,0,1,0,0,0,0,1
0,0,1,1,17,0,1,116.88,2002.3,1,0,0,1,1,0,1,0,1,0,1,0,1,0,1,0,0,0,1,0,0
0,1,0,1,11,1,0,83.09,924.92,0,1,0,0,0,0,0,0,0,0,0,0,0,0,0,1,1,0,0,0,0
0,0,0,0,71,1,1,51.07,3630.65,0,0,0,1,1,0,1,0,1,0,1,0,1,0,1,0,1,0,0,0,1
0,1,0,1,40,0,0,77.64,3108.84,1,0,0,0,0,1,1,0,0,0,0,0,0,0,0,0,0,1,0,1,0
1,0,1,0,19,1,1,30.45,573.38,0,0,0,0,0,0,0,1,0,1,0,1,1,0,0,1,0,1,0,0,1
1,0,0,1,48,1,1,54.26,2602.08,0,0,1,0,0,1,0,0,0,1,0,0,1,0,0,0,0,0,0,1,0
1,0,0,0,51,1,1,80.58,4102.79,0,0,1,0,0,0,0,1,0,0,0,0,0,1,1,0,1,0,1,0,0
0,0,0,0,48,1,0,62.86,3012.64,0,1,0,0,0,0,0,0,1,0,0,1,0,0,0,0,0,0,1,0,0
1,0,0,0,7,1,1,26.48,204.6,0,0,0,1,1,0,1,0,1,0,1,0,1,0,1,0,0,0,0,0,0
1,0,0,0,27,1,0,117.96,3187.38,0,0,0,0,0,0,0,0,0,1,0,1,0,0,0,0,0,0,0,0,1
0,0,1,1,51,1,1,81.07,4153.25,0,0,1,0,0,1,0,0,1,0,0,1,0,0,0,0,0,0,0,1,0
0,0,0,0,26,1,0,70.24,1811.39,0,0,0,0,0,0,0,0,0,0,0,0,0,0,0,0,0,1,0,1,0
1,0,1,0,60,1,0,70.53,4236.91,0,1,1,0,1,0,0,0,0,1,0,1,0,0,0,0,0,0,0,0,0
1,0,1,0,10,1,1,103.28,1030.51,0,0,0,0,0,1,0,0,0,0,0,0,0,0,0,0,0,0,1,0,0
0,0,1,1,59,1,1,23.33,1374.22,0,1,1,0,0,0,1,0,0,1,1,0,0,0,1,0,0,0,0,0,0
0,0,1,0,27,1,0,116.69,3140.94,0,0,1,0,1,0,0,0,0,0,0,1,0,0,0,0,1,0,0,0,0
0,0,1,1,30,1,1,76.2,2281.83,0,1,0,0,0,1,0,0,0,0,0,0,0,1,0,0,0,0,0,1,0
0,0,1,0,54,1,1,97.71,5265.82,0,1,1,0,0,1,0,1,1,0,0,0,0,1,0,0,1,0,1,0,0
0,0,1,0,47,1,0,93.82,4411.94,1,0,0,0,0,0,0,0,1,0,0,1,0,1,0,0,0,0,1,0,0
0,0,0,1,28,0,0,28.29,801.47,1,0,0,1,1,0,1,0,1,0,1,0,1,0,1,0,0,0,0,0,0
0,1,1,0,0,0,1,95.84,0.29,1,0,0,0,1,0,0,1,0,1,1,0,0,1,0,1,0,0,0,0,0
1,0,1,0,36,1,1,113.31,4094.46,0,1,0,0,0,1,0,1,0,0,0,0,0,0,0,0,0,0,0,1,0
0,0,1,0,48,1,0,93.72,4490.46,0,0,0,0,0,1,0,0,0,0,0,1,0,1,1,0,0,0,1,0,0
0,0,0,1,67,1,1,50.75,3395.7,0,0,0,0,0,1,0,1,0,0,0,1,1,0,0,0,0,1,0,0,0
0,0,0,1,9,1,1,32.35,293.02,0,0,1,0,0,1,0,0,0,0,0,1,0,0,0,1,0,0,0,1,0
0,0,1,0,47,1,1,35.97,1694.36,0,1,0,1,1,0,1,0,1,0,1,0,1,0,1,0,0,1,0,1,0
1,0,1,0,71,1,1,70.28,5005.71,0,0,0,0,0,0,0,0,0,0,0,0,0,0,1,0,0,0,0,0,0
0,1,0,0,1,1,0,46.98,47.98,0,1,0,0,0,0,0,1,0,1,0,0,0,0,0,1,0,0,1,0,0
0,0,0,0,9,1,0,70.52,643.33,0,1,0,1,1,0,1,0,1,0,1,0,1,0,1,0,0,0,0,0,0
0,0,1,1,23,1,1,70.78,1621.37,0,1,1,0,0,0,1,0,0,0,0,0,0,0,0,0,0,0,0,0,1
0,0,1,0,17,1,0,82.12,1386.52,0,1,1,0,1,0,0,0,0,1,0,1,0,1,0,0,0,0,1,0,0
1,0,1,0,60,1,1,71.87,4293.58,0,0,1,0,0,0,0,0,0,0,0,0,0,1,0,0,0,0,0,1,0
1,0,1,0,11,1,0,93.79,1033.88,0,0,1,0,0,0,0,0,0,0,0,1,1,0,0,1,0,1,1,0,0
0,0,0,0,38,1,1,67.51,2565.71,0,0,1,0,0,0,0,0,0,0,0,1,1,0,0,1,0,0,0,0,0
0,0,1,0,52,1,1,32.14,1652.98,0,0,0,0,0,0,0,0,0,1,0,0,0,1,0,0,0,0,0,0,0
0,0,1,0,52,1,0,81.85,4259.75,0,1,1,0,0,1,0,1,0,0,0,0,0,0,1,0,1,0,1,0,0
0,1,0,0,0,1,1,72.46,0.0,0,0,0,0,0,0,1,0,1,0,0,0,0,0,0,0,1,0,1,0,0
0,0,0,0,58,1,1,69.19,4020.8,0,1,1,0,0,0,0,0,0,1,0,0,0,0,0,0,1,0,0,0,0
1,0,1,0,52,0,0,76.55,3998.03,1,0,1,0,0,0,0,0,0,0,0,1,0,1,0,0,0,0,0,0,0
0,0,1,1,40,1,1,41.87,1686.35,0,0,0,0,0,1,0,0,0,0,0,1,0,1,0,1,0,0,0,1,0
1,0,1,0,68,1,1,91.31,6220.09,0,0,1,0,0,0,0,0,0,0,0,0,0,1,0,0,0,0,0,0,1
0,1,1,0,47,1,0,44.26,2080.95,0,1,0,0,0,1,1,0,0,0,1,0,0,1,0,0,0,0,0,0,1
0,0,1,0,16,0,1,98.95,1581.39,1,0,1,0,0,0,0,1,0,1,0,1,0,0,0,0,0,1,0,1,0
0,0,0,1,44,1,1,47.43,2077.6,0,0,0,0,0,0,0,0,0,0,0,0,1,0,0,0,0,0,0,1,0
1,0,1,0,65,1,0,63.25,4108.27,0,1,0,1,1,0,1,0,1,0,1,0,1,0,1,0,0,0,0,0,1
0,0,0,1,51,1,0,69.51,3537.72,0,0,1,0,0,0,0,0,0,0,0,1,0,0,0,0,0,1,0,0,1
1,0,0,0,19,1,0,48.92,915.59,0,1,1,0,0,0,1,0,0,0,0,0,0,0,0,0,1,0,0,1,0
1,1,1,0,34,1,1,89.1,3025.06,0,0,1,0,0,0,0,0,1,0,0,0,0,0,1,0,1,0,0,0,1
1,0,0,0,34,1,0,37.45,1259.99,0,0,1,0,0,0,0,0,0,0,0,0,1,0,0,0,0,0,0,1,0
1,0,0,0,39,1,0,115.49,4489.99,0,1,0,0,0,0,1,0,0,1,0,0,0,0,0,0,0,1,0,1,0
0,0,1,1,1,0,0,95.65,94.78,1,0,1,0,0,1,1,0,1,0,0,1,0,0,0,0,1,0,0,0,1
0,0,0,0,28,1,0,38.39,1068.93,0,1,0,0,0,0,0,0,0,0,0,0,0,0,0,1,0,1,1,0,0
0,0,0,1,33,1,0,86.45,2864.97,1,0,0,0,1,0,0,0,1,0,0,0,0,0,0,0,0,0,0,0,1
1,1,1,0,45,1,0,21.76,967.36,0,0,1,0,0,1,0,0,0,0,0,0,0,0,0,1,1,0,0,0,1
1,0,1,1,50,1,0,63.25,3162.96,0,1,0,0,0,0,0,0,0,1,0,0,0,1,0,0,0,0,1,0,0
1,0,0,0,23,1,0,66.63,1534.59,0,0,1,0,0,0,1,0,0,1,0,0,0,1,0,1,1,0,0,0,1
0,0,1,0,40,1,1,56.41,2248.69,0,0,0,0,1,0,0,0,0,0,0,1,0,0,0,0,0,1,0,1,0
1,0,0,1,57,1,0,41.47,2361.82,1,0,1,0,0,0,0,1,0,0,0,0,0,0,0,0,0,1,0,0,1
1,0,0,0,28,0,0,114.1,3181.6,1,0,0,0,0,0,1,0,0,0,0,0,0,0,0,1,0,1,1,0,0
0,0,1,0,44,1,0,51.83,2288.28,0,0,0,0,0,0,0,0,0,1,0,1,0,1,1,0,0,0,0,0,1
1,0,1,1,19,1,1,77.37,1482.04,0,1,1,0,0,0,1,0,0,0,0,1,0,0,1,0,0,0,0,0,0
0,0,1,1,70,0,1,84.76,5919.24,1,0,1,0,0,0,0,1,0,0,0,1,0,0,1,0,0,1,1,0,0
0,0,0,1,2,1,0,41.56,74.61,0,0,0,0,0,0,0,1,0,0,0,0,0,0,0,0,0,0,1,0,0
0,0,1,0,32,1,1,47.73,1544.45,0,1,1,0,0,1,0,0,0,0,0,1,1,0,1,0,1,0,0,0,1
1,1,1,0,29,1,0,108.02,3111.08,0,0,0,0,0,1,0,1,0,0,0,0,0,0,1,0,0,1,0,1,0
1,0,1,0,65,1,0,102.46,6647.6,0,0,0,1,1,0,1,0,1,0,1,0,1,0,1,0,1,0,0,0,0
1,0,1,0,19,1,1,30.73,564.06,1,0,0,1,1,0,1,0,1,0,1,0,1,0,1,0,0,1,1,0,0
0,0,1,0,53,1,0,38.13,2014.33,0,0,0,0,0,0,0,1,0,0,0,1,0,1,0,0,0,0,0,0,1
0,0,1,1,11,1,1,88.71,951.63,0,1,0,0,0,1,1,0,0,1,1,0,1,0,0,0,0,1,0,0,1
0,0,0,0,41,1,0,32.16,1315.08,0,1,0,1,1,0,1,0,1,0,1,0,1,0,1,0,1,0,0,1,0
1,0,0,0,31,0,1,37.97,1171.33,1,0,0,1,1,0,1,0,1,0,1,0,1,0,1,0,0,0,0,1,0
0,0,1,0,43,1,1,90.38,3878.11,0,0,0,0,0,0,0,0,1,0,0,0,0,0,0,0,0,0,1,0,0
1,0,1,0,12,1,1,71.45,857.04,0,0,0,0,0,0,0,1,0,1,0,1,0,1,0,1,0,0,0,0,0
0,1,0,0,14,1,0,106.27,1477.84,0,1,0,0,0,1,0,0,0,0,0,1,0,1,0,0,0,0,0,1,0
0,0,1,0,49,1,0,56.43,2752.5,0,0,0,1,1,0,1,0,1,0,1,0,1,0,1,0,0,0,1,0,0
1,0,1,0,52,0,1,86.13,4484.46,1,0,0,0,0,0,0,0,0,0,0,0,0,1,0,0,0,0,0,0,0
1,0,0,1,29,0,1,38.41,1111.85,1,0,0,0,0,0,0,0,0,0,0,1,0,1,0,0,0,0,0,0,0
1,0,1,0,62,1,1,116.07,7198.81,0,1,1,0,0,0,0,0,0,0,0,0,0,1,0,0,1,0,0,0,1
0,0,1,1,23,1,0,22.02,516.32,0,0,1,0,0,0,0,1,0,0,0,0,1,0,0,0,0,0,0,1,0
1,0,0,0,2,1,0,35.55,69.76,0,1,0,0,0,1,0,0,0,0,0,0,0,0,0,0,0,0,1,0,0
1,0,0,0,3,1,0,104.92,311.43,0,1,0,1,1,0,1,0,1,0,1,0,1,0,1,0,1,0,1,0,0
0,0,1,1,9,1,0,104.09,924.35,0,0,0,1,1,0,1,0,1,0,1,0,1,0,1,0,0,0,0,0,1
0,0,0,0,24,1,1,61.41,1470.74,0,0,0,0,0,1,0,1,0,0,0,0,1,0,0,0,0,1,0,0,1
0,0,0,1,41,1,0,36.05,1472.11,0,0,1,0,0,1,0,1,0,1,0,0,0,1,0,1,1,0,0,1,0
1,0,0,0,35,1,1,42.76,1495.34,0,0,0,1,1,0,1,0,1,0,1,0,1,0,1,0,0,0,1,0,0
0,0,1,0,39,1,1,77.11,3005.26,0,1,0,0,0,0,0,0,0,0,0,1,0,0,0,0,0,0,0,0,1
0,0,0,1,27,0,0,35.77,968.19,1,0,0,0,0,0,0,0,0,0,0,0,0,0,1,0,0,1,1,0,0
0,0,0,0,60,0,0,61.77,3693.8,1,0,0,0,0,1,0,0,0,0,0,0,0,1,1,0,0,0,0,1,0
0,0,1,0,54,1,1,59.81,3232.79,0,1,1,0,0,0,0,0,0,0,0,0,0,1,0,0,0,1,1,0,0
0,0,0,1,56,1,1,81.84,4589.45,1,0,1,0,0,0,0,1,0,1,0,0,0,1,0,0,1,0,0,1,0
0,0,0,0,32,1,0,86.07,2761.35,1,0,0,0,0,0,0,1,0,0,0,0,0,0,0,1,1,0,0,1,0
1,0,0,0,12,1,1,104.74,1254.47,0,0,1,0,1,0,1,0,0,0,0,0,0,0,0,0,0,0,0,1,0
0,0,1,0,6,0,1,47.71,281.84,1,0,1,0,0,1,0,0,0,0,1,0,0,0,0,1,0,0,0,0,1
1,0,0,0,72,1,1,65.51,4710.13,0,1,0,0,0,0,0,1,0,1,0,0,0,0,0,1,0,0,0,0,1
0,0,0,1,50,1,0,100.33,5021.7,0,1,1,0,0,1,0,0,0,0,0,0,0,0,1,0,0,0,0,0,1
0,0,0,1,66,1,1,116.9,7728.19,0,1,0,0,0,1,0,0,0,0,0,0,0,0,0,0,0,1,1,0,0
1,0,0,0,12,1,0,111.6,1322.39,0,1,0,0,0,0,0,0,0,1,0,1,0,1,0,0,0,0,1,0,0
0,0,0,0,15,1,1,51.9,788.33,0,1,0,0,0,0,0,1,0,1,0,1,0,0,0,0,0,0,0,0,1
0,0,0,0,1,1,1,51.08,61.14,0,0,0,0,0,1,1,0,0,1,0,1,0,1,0,0,0,0,0,0,0
1,0,0,0,19,1,1,103.59,1968.89,0,1,0,0,0,0,0,0,0,0,0,1,0,1,0,1,1,0,0,0,0
1,0,1,0,48,1,1,29.22,1409.0,0,1,1,0,0,0,1,0,0,0,0,0,0,1,0,0,1,0,0,1,0
1,0,1,0,66,1,1,115.52,7619.04,0,0,0,0,0,0,0,0,0,1,0,0,0,1,0,1,1,0,0,0,1
0,0,1,0,57,1,1,118.62,6773.05,0,1,1,0,0,0,0,1,0,0,0,1,1,0,0,1,0,1,1,0,0
0,0,0,1,37,1,1,25.21,934.93,0,0,0,1,1,0,1,0,1,0,1,0,1,0,1,0,1,0,0,1,0
1,0,0,1,41,1,0,74.72,3048.84,0,1,0,1,1,0,1,0,1,0,1,0,1,0,1,0,1,0,1,0,0
0,0,0,0,72,1,1,55.01,3970.92,0,0,0,0,1,0,0,0,0,0,0,0,1,0,0,0,1,0,0,0,0
0,0,0,0,51,1,1,112.24,5713.07,0,1,1,0,0,0,0,0,0,0,0,0,0,1,0,0,0,1,0,0,1
1,0,1,1,38,1,1,114.39,4346.78,0,0,0,1,1,0,1,0,1,0,1,0,1,0,1,0,0,0,1,0,0
1,0,1,0,52,1,0,116.04,6038.3,0,0,1,0,0,1,0,0,1,0,0,0,0,1,0,1,0,0,0,1,0
1,0,0,0,32,1,1,109.77,3525.8,0,0,0,1,1,0,1,0,1,0,1,0,1,0,1,0,0,0,0,1,0
1,0,0,0,68,0,1,67.05,4576.12,1,0,1,0,0,0,1,0,0,1,0,0,0,0,0,1,0,0,0,0,0
1,0,1,0,8,1,1,75.13,611.46,0,1,1,0,0,1,0,0,0,0,0,0,0,0,0,0,0,1,0,0,0
1,0,0,0,32,0,1,46.38,1472.04,1,0,0,0,0,0,0,0,0,0,0,0,0,0,0,1,1,0,1,0,0
1,0,0,0,8,1,1,113.36,894.42,0,1,1,0,0,1,1,0,0,0,0,0,0,0,0,1,0,0,1,0,0
0,1,0,0,21,1,1,42.97,891.58,0,1,0,0,0,0,0,0,0,0,0,0,0,0,0,0,0,0,0,0,1
1,1,0,1,39,0,1,33.5,1291.59,1,0,0,1,1,0,1,0,1,0,1,0,1,0,1,0,0,1,1,0,0
0,0,0,0,9,1,0,90.85,825.41,0,1,0,0,0,1,0,0,0,0,0,0,0,0,0,1,0,1,0,1,0
0,0,0,0,68,1,1,49.72,3371.55,1,0,0,0,0,0,0,0,0,1,0,1,0,0,0,0,0,1,0,1,0
1,0,1,1,70,1,1,54.32,3798.43,0,1,0,0,0,0,0,0,0,1,0,1,0,0,0,0,0,0,0,1,0
0,1,0,0,66,1,0,24.17,1585.09,0,0,0,0,0,0,1,0,0,0,1,0,0,0,0,0,0,0,0,1,0
0,0,1,0,49,1,0,22.86,1115.95,0,1,1,0,0,0,0,0,0,1,1,0,0,0,0,0,0,0,0,0,1
1,0,1,1,49,1,1,106.13,5198.75,0,1,0,1,1,0,1,0,1,0,1,0,1,0,1,0,0,1,1,0,0
1,0,1,0,38,1,1,27.59,1034.48,0,1,0,0,0,1,0,0,0,0,0,0,0,0,0,0,0,0,1,0,0
0,0,1,0,61,1,1,28.84,1749.61,0,1,1,0,0,1,0,0,0,0,0,0,1,0,0,1,0,1,0,1,0
1,0,0,0,68,1,0,72.39,4924.83,0,1,0,0,0,0,0,1,0,1,0,0,0,0,0,1,0,0,0,0,0
0,0,0,1,23,1,1,24.28,572.7,0,0,0,1,1,0,1,0,1,0,1,0,1,0,1,0,0,0,0,1,0
0,1,0,0,5,1,1,112.91,567.23,0,0,0,0,0,1,0,1,0,0,0,0,0,1,0,0,1,0,0,1,0
1,1,1,0,53,1,1,104.01,5506.71,0,0,0,1,1,0,1,0,1,0,1,0,1,0,1,0,0,1,0,0,1
1,0,1,0,12,1,1,25.05,294.09,0,1,1,0,0,0,0,1,0,1,0,1,1,0,0,0,0,1,1,0,0
1,0,1,1,45,1,1,84.96,3828.66,0,0,0,1,1,0,1,0,1,0,1,0,1,0,1,0,1,0,0,0,1
0,0,0,1,55,1,1,28.22,1542.64,1,0,1,0,1,0,0,0,0,0,0,0,0,0,0,0,0,0,0,0,1
1,0,0,0,32,1,1,39.83,1267.46,0,1,0,0,0,0,0,0,0,1,0,1,0,1,0,0,0,1,0,0,1
1,0,1,0,21,1,0,55.32,1150.49,0,1,1,0,0,1,0,0,0,1,0,0,0,0,0,1,0,1,0,0,1
0,0,0,0,39,1,0,66.65,2583.38,0,1,1,0,0,0,0,0,0,0,0,1,1,0,0,0,0,0,1,0,0
1,1,0,0,63,1,1,94.89,6003.36,0,1,0,0,0,0,0,0,0,0,0,0,0,0,0,0,1,0,1,0,0
0,1,0,0,2,1,1,73.56,139.57,0,1,1,0,0,0,0,0,0,1,0,0,0,0,0,0,0,0,1,0,0
1,0,1,0,29,1,1,46.17,1338.15,0,0,0,0,0,1,0,0,1,0,0,0,1,0,0,1,0,0,0,1,0
0,0,0,0,72,1,1,56.63,4074.23,0,0,0,0,0,0,1,0,0,0,0,0,0,1,0,1,0,0,0,0,1
1,0,0,1,69,1,1,96.75,6674.82,0,1,0,0,0,0,0,0,0,0,1,0,1,0,0,1,0,0,1,0,0
0,0,0,0,61,1,0,112.76,6877.16,0,1,0,0,0,0,0,0,0,0,0,0,0,1,0,0,1,0,0,0,1
0,1,1,0,65,1,1,95.75,6227.47,0,0,0,0,0,1,0,1,0,1,0,0,0,0,0,0,0,0,0,1,0
0,0,0,0,8,1,1,25.58,200.03,0,0,0,0,0,0,1,0,0,1,0,0,0,1,0,0,0,0,1,0,0
1,0,0,1,27,1,0,92.91,2501.58,1,0,0,0,0,0,0,0,0,0,0,0,1,0,0,0,0,0,0,1,0
0,0,1,0,22,1,1,80.74,1774.54,0,0,0,0,0,0,0,0,0,1,1,0,0,0,0,1,0,1,0,0,1
1,0,0,0,63,1,0,23.61,1479.54,0,0,1,0,0,0,0,0,0,1,1,0,0,0,0,0,1,0,0,0,0
0,0,1,0,44,1,1,28.89,1274.51,0,0,0,0,1,0,0,0,0,0,1,0,0,0,0,1,0,1,1,0,0
0,0,0,0,39,1,1,93.24,3641.19,0,0,1,0,0,1,1,0,0,1,0,1,0,0,0,1,1,0,0,0,0
1,0,0,0,63,1,0,55.5,3490.99,0,1,0,0,0,0,0,0,0,1,0,0,0,0,0,1,0,0,0,1,0
0,0,1,0,30,1,1,43.42,1294.92,0,0,0,0,0,1,0,0,0,0,0,0,0,0,0,0,0,0,0,1,0
0,0,0,1,44,1,1,20.74,916.03,0,1,1,0,0,0,0,1,0,1,0,1,0,0,0,0,0,1,0,0,0
0,0,0,0,19,1,0,55.34,1060.33,0,0,0,1,1,0,1,0,1,0,1,0,1,0,1,0,0,0,0,0,0
0,0,1,1,18,1,1,32.78,576.45,0,0,0,0,0,0,0,0,1,0,0,0,1,0,0,1,0,1,0,0,0
1,0,0,0,70,1,1,84.4,5909.4,0,1,0,1,1,0,1,0,1,0,1,0,1,0,1,0,0,1,0,0,1
1,0,1,0,10,1,0,62.67,608.19,0,0,1,0,0,0,0,0,0,0,0,1,0,1,0,0,0,0,0,0,1
1,0,0,0,40,1,1,66.01,2634.51,1,0,0,0,1,0,0,0,0,0,0,1,0,0,0,0,0,0,0,0,0
1,0,0,0,37,0,0,24.79,914.86,1,0,1,0,0,0,0,1,0,0,0,0,0,0,0,0,0,0,0,1,0
1,0,1,1,46,1,1,71.19,3286.38,0,1,0,0,0,0,0,1,0,0,0,0,1,0,0,1,0,1,0,0,0
1,0,0,1,59,1,0,102.59,6066.28,0,0,0,1,1,0,1,0,1,0,1,0,1,0,1,0,0,1,0,0,0
1,0,0,0,69,1,1,96.04,6622.67,0,1,0,0,0,0,1,0,1,0,0,0,0,0,0,0,0,1,0,0,0
1,0,0,0,26,1,1,23.54,588.15,0,0,1,0,0,0,0,0,0,1,0,0,1,0,0,0,0,0,1,0,0
0,0,1,0,45,1,0,38.77,1743.59,0,1,1,0,1,0,0,1,0,0,1,0,0,1,0,1,1,0,0,0,1
0,0,1,0,65,1,1,74.92,4861.37,1,0,0,0,0,1,0,0,1,0,0,0,0,1,0,0,0,0,0,1,0
0,1,0,0,12,1,1,87.3,1049.51,0,1,0,0,0,1,0,0,1,0,0,1,0,1,0,0,0,0,1,0,0
1,0,1,1,35,1,1,90.22,3153.97,0,1,0,1,1,0,1,0,1,0,1,0,1,0,1,0,0,1,0,0,0
1,1,1,0,24,1,1,49.1,1179.21,0,0,1,0,1,0,0,0,0,1,0,1,0,0,0,1,0,0,0,0,1
1,0,1,0,8,1,1,40.31,348.14,0,0,0,1,1,0,1,0,1,0,1,0,1,0,1,0,0,0,0,0,1
0,0,1,0,16,1,1,113.66,1810.63,0,0,0,0,0,1,0,1,0,1,1,0,0,1,1,0,1,0,0,1,0
0,1,1,1,14,1,1,88.71,1225.8,0,0,0,0,0,0,0,1,0,0,0,0,0,0,1,0,0,0,1,0,0
0,0,1,0,41,0,0,24.75,1008.62,1,0,0,1,1,0,1,0,1,0,1,0,1,0,1,0,0,1,1,0,0
0,0,1,1,41,1,1,114.46,4694.04,1,0,0,0,0,1,0,0,0,1,0,1,0,1,0,0,0,1,0,1,0
1,0,1,0,23,1,0,54.12,1248.43,0,0,0,0,0,0,0,0,1,0,0,1,0,0,0,1,0,0,0,0,1
1,0,1,0,48,0,0,116.1,5561.91,1,0,0,1,1,0,1,0,1,0,1,0,1,0,1,0,0,1,0,0,1
0,0,1,0,12,1,1,113.3,1338.79,0,1,1,0,0,0,0,0,0,0,1,0,0,0,0,0,0,0,0,0,1
0,0,0,0,62,1,1,43.08,2677.56,0,1,0,1,1,0,1,0,1,0,1,0,1,0,1,0,1,0,0,0,0
0,0,0,0,44,0,0,115.59,5089.06,1,0,1,0,0,0,0,0,1,0,1,0,1,0,0,0,0,1,0,1,0
0,0,0,0,61,1,1,28.67,1752.27,0,1,0,1,1,0,1,0,1,0,1,0,1,0,1,0,0,0,1,0,0
0,0,0,1,26,0,0,44.35,1149.06,1,0,0,0,0,0,0,1,0,1,0,0,0,0,0,0,0,1,0,0,1
0,1,0,0,71,1,0,62.22,4427.16,0,0,0,0,0,0,1,0,0,0,0,0,0,0,0,0,0,1,0,0,1
1,0,0,0,17,1,1,64.07,1079.59,0,1,1,0,1,0,0,0,0,0,0,1,0,0,0,1,1,0,0,0,1
1,1,1,0,38,1,1,32.01,1221.82,0,0,0,1,1,0,1,0,1,0,1,0,1,0,1,0,0,0,0,0,1
0,0,0,0,10,1,1,79.9,809.99,0,1,0,0,0,0,1,0,0,0,0,1,0,0,1,0,0,0,0,0,0
0,0,1,0,46,1,1,103.33,4757.97,0,1,0,0,1,0,0,0,0,1,0,0,0,0,0,0,1,0,0,1,0
0,0,1,0,31,1,0,119.32,3699.0,0,1,0,0,0,0,0,1,0,0,0,0,0,1,1,0,0,0,0,0,0
0,0,0,0,55,1,1,67.87,3737.4,1,0,1,0,0,0,0,0,0,0,0,1,0,1,0,0,0,0,1,0,0
1,1,1,0,3,1,0,109.98,346.24,0,0,0,0,0,0,0,0,1,0,0,0,0,1,0,0,1,0,0,0,0
0,1,0,0,35,1,0,99.1,3462.59,0,1,1,0,0,0,0,1,0,0,0,0,0,0,1,0,0,0,1,0,0
0,0,0,0,46,1,0,56.58,2609.37,0,0,0,0,0,0,0,1,0,0,0,1,0,0,0,0,0,1,0,0,0
0,0,0,0,31,1,0,37.62,1172.38,1,0,1,0,0,0,0,0,1,0,0,1,1,0,0,0,1,0,0,1,0
0,0,0,1,54,0,1,74.62,4035.24,1,0,0,1,1,0,1,0,1,0,1,0,1,0,1,0,0,0,0,0,1
0,0,1,1,25,1,0,100.92,2530.23,0,1,0,0,0,0,0,1,0,1,0,0,0,1,0,1,0,0,0,1,0
0,1,0,1,28,1,0,46.98,1304.55,0,1,0,0,0,0,0,0,0,0,0,0,0,0,0,1,0,1,0,0,0
1,0,1,0,68,0,1,53.16,3619.52,1,0,0,0,0,1,0,0,0,0,0,1,0,1,0,1,1,0,1,0,0
1,0,0,0,17,0,0,53.15,908.69,1,0,0,0,0,1,0,0,0,0,0,1,0,1,0,0,0,0,0,0,1
0,0,1,1,49,1,0,40.51,1985.17,0,0,0,0,1,0,0,1,0,0,0,0,0,0,0,1,0,0,0,0,1
0,0,0,1,7,1,1,80.68,562.73,0,1,0,0,0,0,0,1,0,1,0,1,0,1,0,0,0,0,0,1,0
0,0,1,0,5,0,1,104.29,502.29,1,0,0,1,1,0,1,0,1,0,1,0,1,0,1,0,0,0,0,0,0
0,1,0,0,33,1,0,82.34,2729.57,0,0,0,0,0,0,0,0,0,0,0,0,0,1,0,1,0,0,0,1,0
0,0,1,0,72,1,0,27.11,1947.62,0,0,0,1,1,0,1,0,1,0,1,0,1,0,1,0,0,0,0,1,0
1,0,1,0,36,1,0,69.33,2469.85,0,0,0,1,1,0,1,0,1,0,1,0,1,0,1,0,0,1,0,0,1
1,0,1,0,47,1,1,52.52,2448.46,0,1,1,0,0,0,0,0,0,1,0,0,0,0,0,0,0,0,0,0,0
1,1,0,0,23,1,1,37.18,868.97,0,1,1,0,0,0,0,1,0,1,0,0,0,0,0,1,1,0,0,0,1
1,0,1,0,22,1,1,42.36,925.55,0,1,1,0,0,1,0,0,0,1,0,1,0,1,0,0,0,1,0,0,0
0,0,0,0,24,1,1,112.76,2704.55,0,1,0,1,1,0,1,0,1,0,1,0,1,0,1,0,0,1,0,0,0
1,0,0,1,59,1,1,118.96,7008.0,0,0,1,0,0,0,0,0,0,0,0,1,0,1,0,0,0,0,0,0,1
1,0,0,0,6,1,1,104.85,638.62,0,0,0,0,0,0,0,1,0,0,0,0,0,0,1,0,0,0,0,1,0
0,0,1,0,13,1,0,107.33,1406.79,0,1,1,0,0,0,0,1,0,0,0,0,1,0,0,0,1,0,1,0,0
1,0,1,1,59,1,0,46.18,2733.67,0,1,0,0,1,0,0,0,0,0,0,0,0,0,0,1,0,0,0,0,0
1,0,1,0,30,1,0,25.22,768.59,0,0,0,1,1,0,1,0,1,0,1,0,1,0,1,0,0,0,0,1,0
0,0,1,0,57,1,0,116.04,6599.04,0,0,0,0,0,0,0,0,0,0,0,1,0,1,0,0,0,1,0,1,0
0,0,1,0,10,1,0,63.15,621.56,0,0,1,0,1,0,1,0,0,0,0,0,0,0,0,0,1,0,1,0,0
0,0,1,0,35,1,1,57.76,2022.29,0,1,1,0,0,0,0,0,0,0,0,1,0,0,0,0,0,0,0,1,0
1,0,0,1,40,1,0,79.24,3158.5,0,0,0,1,1,0,1,0,1,0,1,0,1,0,1,0,1,0,0,1,0
1,1,1,0,30,1,0,107.18,3212.17,0,0,0,0,0,0,1,0,0,0,0,0,0,0,0,0,0,0,1,0,0
1,1,1,0,70,1,1,21.52,1516.89,0,0,0,0,0,1,0,1,0,0,0,0,0,1,0,0,0,0,0,0,1
0,0,1,0,45,1,0,63.58,2865.17,0,0,0,1,1,0,1,0,1,0,1,0,1,0,1,0,0,0,0,0,1
1,0,0,0,8,1,1,36.48,305.67,0,0,0,0,0,0,0,0,0,0,0,0,0,1,0,0,0,0,0,0,1
1,0,0,1,54,1,1,106.26,5739.66,0,1,0,0,1,0,0,1,1,0,0,0,0,0,0,0,0,1,0,0,1
1,1,0,0,11,1,1,76.26,845.24,1,0,0,0,0,0,0,0,0,0,0,0,0,0,0,0,1,0,0,1,0
1,0,0,0,32,1,1,72.32,2318.23,0,1,1,0,0,0,0,0,1,0,0,1,0,0,0,1,0,0,0,0,1
0,0,0,0,70,1,1,58.12,4066.03,0,0,1,0,1,0,0,0,0,1,0,0,0,0,0,0,0,1,0,1,0
0,0,0,0,45,1,1,96.09,4305.18,0,1,0,0,0,0,0,1,0,1,1,0,0,0,0,0,1,0,0,0,0
1,0,0,0,19,1,1,105.89,2021.48,0,1,0,1,1,0,1,0,1,0,1,0,1,0,1,0,1,0,0,1,0
0,0,1,0,52,1,0,102.81,5333.4,0,0,1,0,0,0,0,1,1,0,0,0,0,0,0,1,0,1,1,0,0
1,0,0,0,64,1,0,55.24,3541.31,0,0,0,0,0,1,0,0,0,0,0,0,0,1,0,1,0,0,1,0,0
0,0,0,0,30,1,0,66.16,1989.31,0,0,1,0,0,0,1,0,0,0,0,1,0,1,0,0,0,0,1,0,0
1,0,1,0,66,1,1,87.31,5780.59,0,1,1,0,0,0,0,1,0,1,0,1,0,1,0,1,0,0,0,1,0
1,0,1,0,26,1,0,88.56,2299.68,0,1,0,0,1,0,0,0,0,0,1,0,0,1,0,1,0,0,0,0,1
0,1,0,0,41,1,1,112.5,4617.18,0,1,0,0,0,1,0,0,1,0,0,1,0,0,0,0,0,1,1,0,0
1,0,0,0,3,1,0,94.09,279.75,1,0,1,0,0,1,0,0,0,1,0,0,0,1,1,0,1,0,0,0,1
1,0,0,0,11,1,0,62.93,696.33,0,1,1,0,0,0,0,1,1,0,0,0,0,0,0,0,0,0,1,0,0
0,0,0,1,16,1,0,27.66,434.0,0,0,0,0,0,1,0,1,0,1,0,0,1,0,0,0,0,0,1,0,0
1,0,0,0,55,1,1,40.19,2218.07,0,1,1,0,1,0,0,1,1,0,0,1,0,1,0,0,0,0,0,1,0
0,0,1,0,14,1,0,103.31,1440.5,0,0,1,0,0,1,0,1,0,1,0,0,0,0,0,1,1,0,0,0,0
0,0,0,0,72,1,0,97.86,7042.99,0,0,0,0,0,1,0,0,0,1,0,0,0,0,0,1,0,1,0,1,0
0,0,1,1,35,1,1,69.7,2420.55,0,0,1,0,0,0,0,0,0,0,0,0,0,0,0,0,0,1,1,0,0
1,0,1,1,16,1,1,36.35,571.56,0,0,1,0,0,1,0,0,0,0,0,1,0,1,0,0,0,1,0,0,0
0,0,0,1,8,1,0,78.61,637.92,0,1,0,0,0,0,0,0,1,0,0,0,0,0,0,0,0,1,0,0,0
0,0,1,1,41,1,0,32.06,1329.5,0,0,0,1,1,0,1,0,1,0,1,0,1,0,1,0,0,1,0,0,1
0,0,1,1,35,1,1,25.91,886.78,0,0,0,0,0,0,0,1,0,0,0,1,0,0,0,0,0,0,0,1,0
1,0,0,0,48,1,1,83.48,3996.66,0,0,1,0,0,0,0,1,0,1,0,0,0,1,0,1,0,1,1,0,0
0,0,1,0,56,1,1,89.61,5004.95,1,0,0,0,1,0,0,0,0,1,0,1,0,0,0,1,0,1,1,0,0
1,1,1,0,4,1,0,90.22,353.51,0,1,1,0,0,0,0,0,0,0,0,0,0,0,0,1,0,0,1,0,0
1,0,1,0,36,1,1,25.07,912.07,0,1,1,0,0,0,0,0,0,0,0,1,0,0,0,0,0,0,0,1,0
0,0,1,0,2,1,0,44.36,97.32,0,1,1,0,0,0,0,1,0,0,0,1,0,0,0,0,0,0,0,0,1
1,1,1,0,72,1,1,111.07,8002.77,0,0,0,0,0,1,0,0,0,1,0,0,0,0,0,0,0,0,0,0,0
0,0,0,1,5,1,0,51.42,260.63,0,1,0,0,0,0,0,0,0,0,0,0,0,0,0,1,0,0,0,1,0
0,0,1,0,31,1,1,109.42,3397.08,0,0,0,1,1,0,1,0,1,0,1,0,1,0,1,0,0,0,0,0,0
0,0,0,1,58,1,1,60.46,3508.48,1,0,1,0,0,0,0,1,1,0,0,0,0,0,0,1,0,0,0,0,1
1,0,0,0,60,1,1,30.15,1815.5,0,0,0,1,1,0,1,0,1,0,1,0,1,0,1,0,0,0,0,0,0
0,0,1,0,15,1,0,111.14,1650.29,0,0,1,0,0,1,0,0,0,1,0,1,0,0,0,1,0,1,0,1,0
1,0,0,1,52,1,1,98.32,5120.12,1,0,0,0,1,0,0,1,1,0,0,0,0,1,0,0,1,0,1,0,0
0,0,1,0,42,1,0,109.61,4597.06,0,0,0,0,0,0,0,1,0,0,0,0,0,0,0,0,1,0,0,0,1
1,0,1,1,57,0,1,71.88,4090.66,1,0,1,0,0,0,0,0,0,1,0,1,0,1,0,0,0,1,0,0,1
0,0,1,0,39,1,1,20.75,809.95,0,1,0,1,1,0,1,0,1,0,1,0,1,0,1,0,0,1,0,1,0
1,0,1,1,39,1,1,87.93,3419.34,0,0,0,1,1,0,1,0,1,0,1,0,1,0,1,0,1,0,0,0,1
0,1,1,0,45,1,0,108.85,4885.7,0,0,1,0,0,1,1,0,0,0,0,0,1,0,0,0,0,1,1,0,0
0,0,0,0,34,1,1,95.57,3242.0,0,0,0,0,0,0,0,0,0,1,0,1,0,0,0,0,0,1,0,1,0
0,0,1,0,38,1,0,100.14,3810.38,0,0,0,0,0,0,0,0,0,0,0,1,0,1,1,0,0,0,0,1,0
0,1,0,0,15,1,1,35.89,533.68,0,0,0,0,1,0,0,1,0,0,0,0,0,0,0,1,0,0,1,0,0
1,0,0,0,28,1,0,78.39,2183.07,0,1,0,0,0,0,0,1,0,0,0,1,0,0,0,1,1,0,0,0,0
1,0,0,0,71,1,0,69.54,4953.3,0,0,0,0,0,1,0,0,0,0,0,0,0,0,0,1,0,0,0,0,1
0,0,0,0,1,1,0,41.72,45.6,0,0,0,1,1,0,1,0,1,0,1,0,1,0,1,0,0,1,0,0,0
0,1,0,1,40,0,0,80.08,3189.46,1,0,0,0,0,1,1,0,0,0,0,0,0,0,0,1,0,1,0,0,1
1,0,0,1,56,1,1,108.8,6092.98,0,1,1,0,0,0,0,1,0,1,0,0,0,1,0,0,0,0,1,0,0
0,1,0,0,43,0,0,103.0,4436.97,1,0,1,0,0,1,0,1,0,1,1,0,0,0,1,0,0,0,0,1,0
0,1,0,1,61,1,1,42.95,2613.66,0,1,1,0,1,0,0,0,0,0,1,0,0,0,0,0,0,1,0,0,1
0,0,1,1,47,1,0,73.71,3459.81,0,0,0,0,0,0,0,0,0,0,0,0,0,1,0,0,0,1,1,0,0
1,0,0,0,2,1,1,54.88,105.34,0,0,1,0,0,0,0,0,0,0,0,0,0,0,0,1,0,0,1,0,0
0,0,0,1,41,1,0,65.13,2679.04,0,0,0,0,0,0,0,0,0,1,0,0,0,1,1,0,0,0,0,1,0
1,0,1,1,41,1,1,47.73,1933.97,0,1,0,0,0,1,0,0,0,0,0,1,0,1,0,0,0,0,0,1,0
0,1,0,1,7,1,1,35.52,259.82,0,1,0,0,0,1,0,0,0,1,0,0,1,0,0,1,0,0,1,0,0
0,0,0,0,22,1,0,108.94,2398.86,0,1,0,0,0,0,0,0,0,0,0,0,1,0,0,1,0,0,1,0,0
1,0,0,1,30,1,1,38.62,1152.09,0,0,1,0,0,0,1,0,0,1,0,0,0,0,0,0,0,0,1,0,0
0,0,1,0,6,1,1,119.28,698.51,1,0,0,0,0,0,0,0,0,0,0,1,0,1,0,0,0,0,1,0,0
1,0,0,1,62,1,1,112.73,6996.98,0,0,0,0,0,0,0,0,0,0,0,0,0,1,0,0,1,0,0,1,0
0,0,1,0,35,1,1,28.92,1011.73,0,0,0,1,1,0,1,0,1,0,1,0,1,0,1,0,0,0,0,0,0
1,1,0,0,46,1,1,63.26,2916.77,0,1,0,0,0,1,1,0,0,0,0,1,0,0,1,0,0,1,0,0,0
0,0,1,0,58,0,1,62.32,3604.34,1,0,0,0,0,0,0,0,0,0,0,0,0,0,0,0,1,0,0,0,0
1,0,1,1,53,1,1,37.13,1957.25,0,0,1,0,0,0,0,1,0,0,1,0,1,0,0,0,0,0,0,0,0
0,1,0,0,47,1,1,75.92,3555.43,0,0,0,0,0,0,0,0,0,1,0,1,0,0,0,0,0,1,0,1,0
0,0,1,1,12,1,0,92.56,1125.57,0,1,0,1,1,0,1,0,1,0,1,0,1,0,1,0,0,0,0,0,1
1,0,0,0,60,1,0,32.77,1971.88,0,1,1,0,0,0,0,0,0,0,0,0,0,0,0,0,1,0,0,1,0
1,0,0,0,49,1,0,113.28,5541.08,1,0,1,0,1,0,0,1,0,0,0,0,0,0,0,0,0,1,0,0,1
1,0,0,0,44,1,1,112.95,4961.22,0,0,1,0,0,0,1,0,0,0,1,0,0,0,0,0,1,0,0,0,0
0,1,0,1,48,1,1,24.63,1188.28,0,1,1,0,0,0,0,0,0,0,0,0,0,0,0,1,0,0,1,0,0
0,1,0,0,63,1,0,64.88,4098.06,0,0,0,0,0,0,0,1,0,0,0,1,0,1,0,0,1,0,0,0,0
1,0,0,1,27,1,1,84.73,2310.74,0,1,0,0,0,0,0,0,0,1,0,1,0,0,0,0,0,0,1,0,0
0,0,0,0,54,1,0,85.95,4644.29,0,0,0,1,1,0,1,0,1,0,1,0,1,0,1,0,1,0,0,1,0
0,0,0,0,48,1,1,87.02,4174.13,0,1,0,0,0,1,1,0,0,0,0,1,0,0,0,1,1,0,0,1,0
0,0,0,0,16,1,1,109.71,1748.75,0,0,0,0,0,0,0,0,0,0,0,0,0,1,0,1,0,0,0,0,1
0,0,1,0,21,1,0,26.1,548.62,0,0,1,0,0,1,0,1,0,0,0,0,0,0,0,0,1,0,0,0,1
0,0,1,0,41,1,0,113.0,4620.71,0,0,1,0,0,0,0,0,0,1,1,0,0,0,0,0,0,1,0,1,0
1,0,1,0,26,1,1,105.7,2755.07,0,0,0,0,0,1,0,1,0,0,0,0,0,0,0,0,0,1,0,0,1
0,1,0,0,60,1,0,38.93,2337.72,0,0,1,0,0,0,0,0,0,1,0,0,0,1,0,1,0,0,0,1,0
0,0,0,0,7,1,1,103.82,730.78,0,0,0,1,1,0,1,0,1,0,1,0,1,0,1,0,0,1,0,1,0
1,0,0,1,69,1,1,86.17,5939.1,0,0,1,0,0,0,0,0,0,1,0,0,0,0,0,0,0,0,0,0,0
1,0,1,0,15,1,1,39.31,589.64,0,0,1,0,0,1,0,0,0,0,0,1,0,0,0,0,0,1,0,0,1
1,0,1,0,71,1,0,40.39,2870.81,0,1,1,0,0,0,0,0,0,0,0,0,0,1,0,0,0,0,1,0,0
0,0,0,1,45,1,1,27.53,1209.74,0,1,0,0,0,0,0,0,0,0,0,0,0,1,0,0,0,0,0,0,0
0,0,0,0,5,1,1,93.66,475.54,0,0,0,1,1,0,1,0,1,0,1,0,1,0,1,0,1,0,0,0,1
1,0,0,1,52,1,0,73.75,3835.32,0,0,1,0,1,0,0,1,0,0,0,0,0,0,0,0,0,0,1,0,0
0,0,0,0,67,1,0,119.21,7998.23,0,1,1,0,0,1,0,0,0,1,0,0,0,1,1,0,0,0,0,0,0
1,0,1,1,12,1,1,21.15,240.36,0,0,0,0,0,0,0,0,0,1,0,0,0,1,0,0,0,0,0,1,0
0,0,0,0,0,1,0,44.82,0.0,0,1,1,0,0,0,0,0,0,1,0,0,1,0,0,0,0,1,1,0,0
0,0,1,0,50,0,0,108.48,5415.8,1,0,0,0,0,1,0,1,0,0,0,1,0,0,0,0,0,0,0,0,0
1,0,0,0,32,1,1,112.67,3604.08,1,0,0,1,1,0,1,0,1,0,1,0,1,0,1,0,0,1,0,0,1
0,0,1,1,32,1,1,71.62,2284.68,0,0,0,0,0,0,0,0,0,1,0,0,1,0,0,0,0,0,1,0,0
0,0,1,1,11,1,1,54.09,585.68,0,0,0,1,1,0,1,0,1,0,1,0,1,0,1,0,0,1,0,1,0
0,0,1,0,58,1,1,110.0,6372.19,0,1,0,1,1,0,1,0,1,0,1,0,1,0,1,0,0,1,0,1,0
0,1,0,0,11,1,1,69.35,752.44,0,0,0,0,0,0,0,0,0,1,0,0,0,0,0,0,0,0,0,1,0
0,0,0,0,28,1,1,105.24,2938.75,0,1,0,0,0,1,0,0,0,0,0,0,0,0,0,0,1,0,0,0,1
1,0,0,0,66,1,0,25.58,1695.09,0,0,0,1,1,0,1,0,1,0,1,0,1,0,1,0,0,0,0,0,0
0,0,0,1,67,1,0,94.46,6319.11,0,1,1,0,0,0,0,1,0,0,0,0,0,1,0,0,1,0,0,1,0
1,0,0,0,19,1,0,84.15,1597.91,0,1,0,0,0,0,0,0,0,0,0,0,0,0,0,1,0,0,0,0,0
0,0,0,1,49,0,1,24.75,1212.99,1,0,1,0,0,1,0,0,0,1,0,0,0,1,0,0,0,1,0,1,0
0,0,0,0,4,1,1,113.38,454.96,0,0,1,0,0,1,0,1,0,0,0,0,0,0,0,1,1,0,0,0,1
0,1,0,0,64,1,0,102.49,6569.31,0,1,0,1,1,0,1,0,1,0,1,0,1,0,1,0,0,0,0,0,1
1,0,1,0,2,1,0,99.02,191.52,0,1,0,1,1,0,1,0,1,0,1,0,1,0,1,0,0,0,0,1,0
1,0,0,1,8,0,1,97.92,777.63,1,0,0,1,1,0,1,0,1,0,1,0,1,0,1,0,0,0,0,1,0
0,0,1,0,67,1,1,38.34,2568.72,0,0,0,0,0,0,0,0,0,0,0,1,1,0,0,0,0,0,0,0,0
0,0,0,1,44,1,1,38.47,1689.01,0,1,0,1,1,0,1,0,1,0,1,0,1,0,1,0,0,0,0,0,0
0,0,0,0,52,1,1,103.92,5410.29,0,0,0,1,1,0,1,0,1,0,1,0,1,0,1,0,0,0,0,0,1
1,0,0,0,32,0,1,59.44,1899.79,1,0,0,0,0,1,0,1,0,0,0,0,0,0,0,0,0,0,1,0,0
0,0,0,1,61,1,0,23.68,1457.83,0,0,1,0,0,0,0,0,0,0,0,0,0,0,0,0,0,0,0,0,1
1,0,1,1,58,1,0,77.98,4527.03,0,1,0,1,1,0,1,0,1,0,1,0,1,0,1,0,1,0,1,0,0
0,0,0,0,22,1,1,103.23,2268.27,0,0,0,0,0,1,0,1,0,0,0,0,0,0,0,0,0,0,1,0,0
1,0,0,0,57,1,1,42.9,2433.3,0,0,1,0,0,0,0,1,0,1,0,0,0,0,0,0,0,1,0,0,1
1,0,0,0,30,0,0,106.08,3194.16,1,0,0,0,0,0,0,0,0,0,0,1,0,0,0,0,0,0,1,0,0
0,0,1,1,59,1,1,107.0,6323.51,0,0,0,0,0,0,0,0,0,1,0,1,0,0,0,1,1,0,0,1,0
0,0,0,0,11,1,0,99.44,1083.74,0,0,0,0,1,0,0,0,0,1,0,1,0,0,0,1,1,0,0,1,0
0,0,1,1,12,1,1,98.87,1212.76,0,1,0,0,1,0,1,0,0,0,0,0,0,1,1,0,1,0,0,0,1
1,0,0,0,13,1,1,76.3,997.45,1,0,1,0,0,0,0,0,0,1,0,0,0,1,0,0,0,0,0,0,1
